UANLUTD,KFJLUTD,Arcane Gargish Necklace Of Haste,Necklace,Arcane Gargish Necklace Of Haste$Insured$Weight: 1 Stone$Gargoyles Only$Brittle$Casting Focus 2%$Dexterity Bonus 5$Stamina Increase 8$Mana Increase 6$Stamina Regeneration 2$Mana Regeneration 1$Lower Mana Cost 10%$Lower Reagent Cost 5%$Physical Resist 16%$Fire Resist 17%$Cold Resist 17%$Poison Resist 17%$Energy Resist 18%$Durability 255 / 255$* Requires The "Stygian Abyss" Expansion$Legendary Artifact$ 
YANLUTD,KFJLUTD,Mystic Gargish Platemail Kilt Of Haste,Kilt,Mystic Gargish Platemail Kilt Of Haste$Insured$Weight: 5 Stones$Gargoyles Only$Brittle$Dexterity Bonus 5$Intelligence Bonus 4$Stamina Increase 8$Mana Increase 8$Stamina Regeneration 2$Mana Regeneration 1$Lower Mana Cost 8%$Physical Resist 23%$Fire Resist 21%$Cold Resist 20%$Poison Resist 21%$Energy Resist 20%$Mage Armor$Strength Requirement 80$Durability 255 / 255$Legendary Artifact$ 
OANLUTD,PFJLUTD,Arcane Gargish Leather Leggings Of Restoration,Legs,Arcane Gargish Leather Leggings Of Restoration$Insured$Weight: 5 Stones$Gargoyles Only$Brittle$Poison Eater 15%$Casting Focus 2%$Intelligence Bonus 1$Mana Increase 8$Hit Point Regeneration 3$Stamina Regeneration 2$Mana Regeneration 4$Lower Mana Cost 10%$Lower Reagent Cost 5%$Physical Resist 20%$Fire Resist 21%$Cold Resist 22%$Poison Resist 21%$Energy Resist 21%$Strength Requirement 20$Durability 255 / 255$* Requires The "Stygian Abyss" Expansion$Legendary Artifact$ 
LANLUTD,PFJLUTD,Arcane Dragon Turtle Hide Leggings Of Vitality,Legs,Arcane Dragon Turtle Hide Leggings Of Vitality$Insured$Weight: 6 Stones$Brittle$Fire Eater 15%$Intelligence Bonus 3$Hit Point Increase 5$Mana Increase 2$Hit Point Regeneration 3$Mana Regeneration 4$Lower Mana Cost 8%$Lower Reagent Cost 5%$Physical Resist 19%$Fire Resist 17%$Cold Resist 17%$Poison Resist 19%$Energy Resist 19%$Strength Requirement 30$Durability 255 / 255$* Requires The "Stygian Abyss" Expansion$Legendary Artifact$* Requires The "Time Of Legends" Expansion$ 
RANLUTD,PFJLUTD,Arcane Gargish Platemail Leggings Of Restoration,Legs,Arcane Gargish Platemail Leggings Of Restoration$Weight: 7 Stones$Gargoyles Only$Brittle$Kinetic Eater 12%$Casting Focus 3%$Intelligence Bonus 2$Mana Increase 8$Hit Point Regeneration 3$Stamina Regeneration 3$Mana Regeneration 4$Lower Mana Cost 8%$Lower Reagent Cost 5%$Physical Resist 23%$Fire Resist 21%$Cold Resist 20%$Poison Resist 21%$Energy Resist 5%$Mage Armor$Strength Requirement 90$Durability 255 / 255$* Requires The "Stygian Abyss" Expansion$Legendary Artifact$ 
SANLUTD,PFJLUTD,Arcane Bone Armor Of Vitality,Chest,Arcane Bone Armor Of Vitality$Insured$Weight: 7 Stones$Brittle$Energy Eater 15%$Casting Focus 2%$Intelligence Bonus 4$Hit Point Increase 5$Mana Increase 2$Hit Point Regeneration 2$Lower Mana Cost 8%$Lower Reagent Cost 5%$Physical Resist 18%$Fire Resist 18%$Cold Resist 19%$Poison Resist 17%$Energy Resist 19%$Strength Requirement 60$Durability 255 / 255$* Requires The "Stygian Abyss" Expansion$Legendary Artifact$ 
PANLUTD,PFJLUTD,Mystic Norse Helm Of Restoration,Helm,Mystic Norse Helm Of Restoration$Insured$Weight: 5 Stones$Brittle$Poison Eater 15%$Intelligence Bonus 1$Mana Increase 8$Hit Point Regeneration 2$Stamina Regeneration 1$Mana Regeneration 4$Lower Mana Cost 10%$Physical Resist 19%$Fire Resist 16%$Cold Resist 19%$Poison Resist 19%$Energy Resist 17%$Mage Armor$Strength Requirement 55$Durability 255 / 255$* Requires The "Stygian Abyss" Expansion$Legendary Artifact$ 
QANLUTD,PFJLUTD,Arcane Ringmail Leggings Of Restoration,Legs,Arcane Ringmail Leggings Of Restoration$Insured$Weight: 15 Stones$Brittle$Damage Eater 12%$Casting Focus 1%$Intelligence Bonus 4$Mana Increase 8$Hit Point Regeneration 3$Mana Regeneration 3$Lower Mana Cost 6%$Lower Reagent Cost 5%$Physical Resist 18%$Fire Resist 18%$Cold Resist 16%$Poison Resist 20%$Energy Resist 18%$Strength Requirement 40$Durability 255 / 255$* Requires The "Stygian Abyss" Expansion$Legendary Artifact$ 
FANLUTD,KFJLUTD,Mystic Platemail Tunic Of Haste,Chest,Mystic Platemail Tunic Of Haste$Insured$Weight: 10 Stones$Brittle$Dexterity Bonus 5$Intelligence Bonus 1$Stamina Increase 8$Mana Increase 4$Stamina Regeneration 1$Mana Regeneration 4$Lower Mana Cost 8%$Physical Resist 20%$Fire Resist 18%$Cold Resist 17%$Poison Resist 18%$Energy Resist 17%$Mage Armor$Strength Requirement 95$Durability 255 / 255$Legendary Artifact$ 
EANLUTD,KFJLUTD,Arcane Leather Sleeves Of Haste,Arms,Arcane Leather Sleeves Of Haste$Insured$Weight: 2 Stones$Brittle$Dexterity Bonus 4$Intelligence Bonus 4$Stamina Increase 10$Mana Increase 6$Stamina Regeneration 3$Mana Regeneration 1$Lower Mana Cost 2%$Lower Reagent Cost 25%$Physical Resist 17%$Fire Resist 19%$Cold Resist 18%$Poison Resist 18%$Energy Resist 18%$Strength Requirement 20$Durability 255 / 255$Legendary Artifact$ 
XZMLUTD,KFJLUTD,Arcane Gargish Cloth Kilt Of Haste,Kilt,Arcane Gargish Cloth Kilt Of Haste$Insured$Weight: 2 Stones$Gargoyles Only$Brittle$Dexterity Bonus 5$Intelligence Bonus 4$Stamina Increase 8$Mana Increase 8$Stamina Regeneration 2$Mana Regeneration 1$Lower Mana Cost 8%$Lower Reagent Cost 5%$Physical Resist 20%$Fire Resist 22%$Cold Resist 21%$Poison Resist 21%$Energy Resist 21%$Strength Requirement 20$Durability 255 / 255$Legendary Artifact$ 
YZMLUTD,PFJLUTD,Mystic Gargish Stone Chest Of Vitality,Chest,Mystic Gargish Stone Chest Of Vitality$Insured$Weight: 15 Stones$Gargoyles Only$Brittle$Energy Eater 12%$Strength Bonus 5$Intelligence Bonus 2$Mana Increase 2$Hit Point Regeneration 2$Mana Regeneration 4$Lower Mana Cost 8%$Physical Resist 21%$Fire Resist 21%$Cold Resist 19%$Poison Resist 23%$Energy Resist 21%$Mage Armor$Strength Requirement 40$Durability 255 / 255$* Requires The "Stygian Abyss" Expansion$Legendary Artifact$ 
VZMLUTD,PFJLUTD,Arcane Ringmail Gloves Of Restoration,Gloves,Arcane Ringmail Gloves Of Restoration$Insured$Weight: 2 Stones$Brittle$Damage Eater 15%$Casting Focus 1%$Intelligence Bonus 4$Hit Point Regeneration 2$Stamina Regeneration 3$Mana Regeneration 4$Lower Mana Cost 6%$Lower Reagent Cost 20%$Physical Resist 18%$Fire Resist 18%$Cold Resist 16%$Poison Resist 20%$Energy Resist 18%$Strength Requirement 40$Durability 255 / 255$* Requires The "Stygian Abyss" Expansion$Legendary Artifact$ 
WZMLUTD,KFJLUTD,Mystic Studded Sleeves Of Haste,Arms,Mystic Studded Sleeves Of Haste$Insured$Weight: 4 Stones$Brittle$Dexterity Bonus 4$Intelligence Bonus 2$Stamina Increase 8$Mana Increase 8$Stamina Regeneration 4$Mana Regeneration 3$Lower Mana Cost 10%$Physical Resist 17%$Fire Resist 19%$Cold Resist 3%$Poison Resist 18%$Energy Resist 19%$Mage Armor$Strength Requirement 25$Durability 255 / 255$Legendary Artifact$ 
BANLUTD,PFJLUTD,Arcane Leather Gorget Of Restoration,Gorget,Arcane Leather Gorget Of Restoration$Insured$Weight: 1 Stone$Brittle$Energy Eater 12%$Casting Focus 2%$Intelligence Bonus 4$Mana Increase 8$Hit Point Regeneration 3$Stamina Regeneration 2$Mana Regeneration 4$Lower Mana Cost 6%$Lower Reagent Cost 5%$Physical Resist 17%$Fire Resist 19%$Cold Resist 18%$Poison Resist 18%$Energy Resist 18%$Strength Requirement 20$Durability 255 / 255$* Requires The "Stygian Abyss" Expansion$Legendary Artifact$ 
CANLUTD,KFJLUTD,Mystic Gargish Stone Kilt Of Haste,Kilt,Mystic Gargish Stone Kilt Of Haste$Insured$Weight: 10 Stones$Gargoyles Only$Brittle$Dexterity Bonus 4$Intelligence Bonus 2$Stamina Increase 10$Mana Increase 2$Stamina Regeneration 2$Mana Regeneration 3$Lower Mana Cost 10%$Physical Resist 21%$Fire Resist 21%$Cold Resist 19%$Poison Resist 23%$Energy Resist 21%$Mage Armor$Strength Requirement 40$Durability 255 / 255$Legendary Artifact$ 
ZZMLUTD,KFJLUTD,Arcane Platemail Tunic Of Haste,Chest,Arcane Platemail Tunic Of Haste$Insured$Weight: 10 Stones$Brittle$Dexterity Bonus 5$Intelligence Bonus 4$Stamina Increase 8$Mana Increase 10$Stamina Regeneration 2$Mana Regeneration 3$Lower Mana Cost 2%$Physical Resist 20%$Fire Resist 18%$Cold Resist 17%$Poison Resist 18%$Energy Resist 17%$Mage Armor$Strength Requirement 95$Durability 255 / 255$Legendary Artifact$ 
PZMLUTD,PFJLUTD,Arcane Dragon Turtle Hide Chest Of Vitality,Chest,Arcane Dragon Turtle Hide Chest Of Vitality$Insured$Weight: 8 Stones$Brittle$Cold Eater 12%$Strength Bonus 4$Intelligence Bonus 1$Mana Increase 8$Hit Point Regeneration 3$Mana Regeneration 3$Lower Mana Cost 8%$Lower Reagent Cost 5%$Physical Resist 19%$Fire Resist 17%$Cold Resist 17%$Poison Resist 19%$Energy Resist 19%$Strength Requirement 30$Durability 255 / 255$* Requires The "Stygian Abyss" Expansion$Legendary Artifact$* Requires The "Time Of Legends" Expansion$ 
QZMLUTD,PFJLUTD,Arcane Straw Hat Of Restoration,Helm,Arcane Straw Hat Of Restoration$Insured$Weight: 1 Stone$Brittle$Damage Eater 12%$Casting Focus 1%$Intelligence Bonus 3$Mana Increase 10$Hit Point Regeneration 1$Stamina Regeneration 3$Mana Regeneration 4$Lower Mana Cost 8%$Lower Reagent Cost 5%$Physical Resist 15%$Fire Resist 20%$Cold Resist 24%$Poison Resist 20%$Energy Resist 20%$Strength Requirement 10$Durability 255 / 255$* Requires The "Stygian Abyss" Expansion$Legendary Artifact$ 
NZMLUTD,PFJLUTD,Arcane Gargish Cloth Arms Of Restoration,Arms,Arcane Gargish Cloth Arms Of Restoration$Insured$Weight: 2 Stones$Gargoyles Only$Brittle$Fire Eater 12%$Casting Focus 2%$Intelligence Bonus 4$Mana Increase 6$Hit Point Regeneration 3$Stamina Regeneration 3$Mana Regeneration 3$Lower Mana Cost 8%$Lower Reagent Cost 5%$Physical Resist 20%$Fire Resist 22%$Cold Resist 21%$Poison Resist 21%$Energy Resist 21%$Strength Requirement 20$Durability 255 / 255$* Requires The "Stygian Abyss" Expansion$Legendary Artifact$ 
OZMLUTD,PFJLUTD,Arcane Gargish Leather Kilt Of Vitality,Kilt,Arcane Gargish Leather Kilt Of Vitality$Insured$Weight: 5 Stones$Gargoyles Only$Brittle$Cold Eater 12%$Casting Focus 2%$Hit Point Increase 5$Mana Increase 8$Hit Point Regeneration 3$Mana Regeneration 1$Lower Mana Cost 8%$Lower Reagent Cost 10%$Physical Resist 20%$Fire Resist 21%$Cold Resist 22%$Poison Resist 21%$Energy Resist 21%$Strength Requirement 25$Durability 255 / 255$* Requires The "Stygian Abyss" Expansion$Legendary Artifact$ 
TZMLUTD,PFJLUTD,Mystic Studded Gloves Of Vitality,Gloves,Mystic Studded Gloves Of Vitality$Insured$Weight: 1 Stone$Brittle$Kinetic Eater 12%$Strength Bonus 5$Intelligence Bonus 2$Mana Increase 10$Hit Point Regeneration 3$Mana Regeneration 2$Lower Mana Cost 8%$Physical Resist 17%$Fire Resist 19%$Cold Resist 3%$Poison Resist 18%$Energy Resist 19%$Mage Armor$Strength Requirement 25$Durability 255 / 255$* Requires The "Stygian Abyss" Expansion$Legendary Artifact$ 
UZMLUTD,PFJLUTD,Arcane Studded Tunic Of Vitality,Chest,Arcane Studded Tunic Of Vitality$Weight: 8 Stones$Brittle$Kinetic Eater 12%$Casting Focus 2%$Intelligence Bonus 3$Hit Point Increase 5$Mana Increase 2$Hit Point Regeneration 3$Mana Regeneration 3$Lower Mana Cost 10%$Lower Reagent Cost 5%$Physical Resist 17%$Fire Resist 19%$Cold Resist 18%$Poison Resist 3%$Energy Resist 19%$Mage Armor$Strength Requirement 35$Durability 255 / 255$* Requires The "Stygian Abyss" Expansion$Legendary Artifact$ 
RZMLUTD,PFJLUTD,Arcane Jester Hat Of Vitality,Helm,Arcane Jester Hat Of Vitality$Insured$Weight: 1 Stone$Brittle$Poison Eater 12%$Casting Focus 3%$Hit Point Increase 5$Mana Increase 2$Hit Point Regeneration 3$Mana Regeneration 1$Lower Mana Cost 8%$Lower Reagent Cost 15%$Physical Resist 15%$Fire Resist 20%$Cold Resist 24%$Poison Resist 20%$Energy Resist 20%$Strength Requirement 10$Durability 255 / 255$* Requires The "Stygian Abyss" Expansion$Legendary Artifact$ 
SZMLUTD,PFJLUTD,Arcane Leather Gorget Of Vitality,Gorget,Arcane Leather Gorget Of Vitality$Insured$Weight: 1 Stone$Brittle$Damage Eater 12%$Casting Focus 2%$Intelligence Bonus 2$Hit Point Increase 5$Mana Increase 6$Hit Point Regeneration 3$Mana Regeneration 1$Lower Mana Cost 10%$Physical Resist 17%$Fire Resist 19%$Cold Resist 18%$Poison Resist 18%$Energy Resist 18%$Strength Requirement 20$Durability 255 / 255$* Requires The "Stygian Abyss" Expansion$Legendary Artifact$ 
HZMLUTD,PFJLUTD,Mystic Plate Helm Of Restoration,Helm,Mystic Plate Helm Of Restoration$Insured$Weight: 5 Stones$Brittle$Poison Eater 12%$Intelligence Bonus 4$Mana Increase 8$Hit Point Regeneration 3$Stamina Regeneration 3$Mana Regeneration 3$Lower Mana Cost 8%$Physical Resist 20%$Fire Resist 18%$Cold Resist 17%$Poison Resist 18%$Energy Resist 17%$Mage Armor$Strength Requirement 80$Durability 255 / 255$* Requires The "Stygian Abyss" Expansion$Legendary Artifact$ 
FZMLUTD,PFJLUTD,Arcane Bone Arms Of Vitality,Arms,Arcane Bone Arms Of Vitality$Insured$Weight: 2 Stones$Brittle$Cold Eater 15%$Casting Focus 3%$Strength Bonus 4$Mana Increase 6$Hit Point Regeneration 3$Mana Regeneration 1$Lower Mana Cost 8%$Lower Reagent Cost 5%$Physical Resist 18%$Fire Resist 18%$Cold Resist 19%$Poison Resist 17%$Energy Resist 19%$Mage Armor$Strength Requirement 55$Durability 255 / 255$* Requires The "Stygian Abyss" Expansion$Legendary Artifact$ 
GZMLUTD,PFJLUTD,Arcane Leather Leggings Of Restoration,Legs,Arcane Leather Leggings Of Restoration$Insured$Weight: 4 Stones$Brittle$Cold Eater 12%$Intelligence Bonus 2$Mana Increase 10$Hit Point Regeneration 3$Stamina Regeneration 2$Mana Regeneration 3$Lower Mana Cost 8%$Lower Reagent Cost 5%$Physical Resist 17%$Fire Resist 19%$Cold Resist 18%$Poison Resist 18%$Energy Resist 18%$Strength Requirement 20$Durability 255 / 255$* Requires The "Stygian Abyss" Expansion$Legendary Artifact$ 
LZMLUTD,PFJLUTD,Arcane Chainmail Tunic Of Restoration,Chest,Arcane Chainmail Tunic Of Restoration$Insured$Weight: 7 Stones$Brittle$Fire Eater 15%$Intelligence Bonus 4$Hit Point Regeneration 3$Mana Regeneration 3$Lower Mana Cost 10%$Lower Reagent Cost 5%$Physical Resist 19%$Fire Resist 19%$Cold Resist 19%$Poison Resist 16%$Energy Resist 17%$Mage Armor$Strength Requirement 60$Durability 255 / 255$* Requires The "Stygian Abyss" Expansion$Legendary Artifact$ 
MZMLUTD,KFJLUTD,Arcane Platemail Gorget Of Haste,Gorget,Arcane Platemail Gorget Of Haste$Insured$Weight: 2 Stones$Brittle$Casting Focus 2%$Dexterity Bonus 2$Intelligence Bonus 4$Stamina Increase 10$Stamina Regeneration 4$Mana Regeneration 3$Lower Mana Cost 8%$Physical Resist 20%$Fire Resist 18%$Cold Resist 17%$Poison Resist 18%$Energy Resist 17%$Mage Armor$Strength Requirement 45$Durability 255 / 255$* Requires The "Stygian Abyss" Expansion$Legendary Artifact$ 
JZMLUTD,PFJLUTD,Mystic Platemail Legs Of Restoration,Legs,Mystic Platemail Legs Of Restoration$Insured$Weight: 7 Stones$Brittle$Cold Eater 12%$Intelligence Bonus 3$Hit Point Regeneration 4$Stamina Regeneration 2$Mana Regeneration 4$Lower Mana Cost 8%$Physical Resist 20%$Fire Resist 18%$Cold Resist 17%$Poison Resist 18%$Energy Resist 17%$Mage Armor$Strength Requirement 90$Durability 255 / 255$* Requires The "Stygian Abyss" Expansion$Legendary Artifact$ 
ZYMLUTD,PFJLUTD,Mystic Ringmail Sleeves Of Restoration,Arms,Mystic Ringmail Sleeves Of Restoration$Insured$Weight: 10 Stones$Brittle$Damage Eater 12%$Intelligence Bonus 2$Mana Increase 10$Hit Point Regeneration 3$Stamina Regeneration 2$Mana Regeneration 4$Lower Mana Cost 8%$Physical Resist 18%$Fire Resist 18%$Cold Resist 1%$Poison Resist 20%$Energy Resist 18%$Mage Armor$Strength Requirement 40$Durability 255 / 255$* Requires The "Stygian Abyss" Expansion$Legendary Artifact$ 
AZMLUTD,PFJLUTD,Mystic Gargish Stone Kilt Of Restoration,Kilt,Mystic Gargish Stone Kilt Of Restoration$Insured$Weight: 10 Stones$Gargoyles Only$Brittle$Poison Eater 15%$Intelligence Bonus 3$Mana Increase 2$Hit Point Regeneration 3$Stamina Regeneration 1$Mana Regeneration 4$Lower Mana Cost 10%$Physical Resist 21%$Fire Resist 21%$Cold Resist 19%$Poison Resist 23%$Energy Resist 21%$Mage Armor$Strength Requirement 40$Durability 255 / 255$* Requires The "Stygian Abyss" Expansion$Legendary Artifact$ 
XYMLUTD,KFJLUTD,Arcane Gargish Cloth Arms Of Haste,Arms,Arcane Gargish Cloth Arms Of Haste$Insured$Weight: 2 Stones$Gargoyles Only$Brittle$Dexterity Bonus 4$Intelligence Bonus 3$Stamina Increase 10$Mana Increase 10$Stamina Regeneration 3$Mana Regeneration 1$Lower Mana Cost 8%$Lower Reagent Cost 5%$Physical Resist 20%$Fire Resist 22%$Cold Resist 21%$Poison Resist 21%$Energy Resist 21%$Strength Requirement 20$Durability 255 / 255$Legendary Artifact$ 
YYMLUTD,PFJLUTD,Arcane Dragon Turtle Hide Leggings Of Restoration,Legs,Arcane Dragon Turtle Hide Leggings Of Restoration$Insured$Weight: 6 Stones$Brittle$Poison Eater 15%$Casting Focus 2%$Intelligence Bonus 4$Mana Increase 2$Hit Point Regeneration 4$Stamina Regeneration 1$Mana Regeneration 4$Lower Mana Cost 8%$Lower Reagent Cost 5%$Physical Resist 19%$Fire Resist 17%$Cold Resist 17%$Poison Resist 19%$Energy Resist 19%$Strength Requirement 30$Durability 255 / 255$* Requires The "Stygian Abyss" Expansion$Legendary Artifact$* Requires The "Time Of Legends" Expansion$ 
DZMLUTD,PFJLUTD,Arcane Gargish Platemail Leggings Of Restoration,Legs,Arcane Gargish Platemail Leggings Of Restoration$Insured$Weight: 7 Stones$Gargoyles Only$Brittle$Poison Eater 12%$Casting Focus 2%$Intelligence Bonus 1$Mana Increase 4$Hit Point Regeneration 3$Stamina Regeneration 3$Mana Regeneration 4$Lower Mana Cost 10%$Physical Resist 23%$Fire Resist 21%$Cold Resist 20%$Poison Resist 21%$Energy Resist 20%$Mage Armor$Strength Requirement 90$Durability 255 / 255$* Requires The "Stygian Abyss" Expansion$Legendary Artifact$ 
EZMLUTD,PFJLUTD,Arcane Leather Sleeves Of Restoration,Arms,Arcane Leather Sleeves Of Restoration$Insured$Weight: 2 Stones$Brittle$Energy Eater 15%$Casting Focus 1%$Intelligence Bonus 4$Mana Increase 8$Hit Point Regeneration 1$Stamina Regeneration 1$Mana Regeneration 4$Lower Mana Cost 6%$Physical Resist 17%$Fire Resist 19%$Cold Resist 18%$Poison Resist 18%$Energy Resist 18%$Strength Requirement 20$Durability 255 / 255$* Requires The "Stygian Abyss" Expansion$Legendary Artifact$ 
BZMLUTD,PFJLUTD,Arcane Tiger Pelt Helm Of Restoration,Helm,Arcane Tiger Pelt Helm Of Restoration$Insured$Weight: 4 Stones$Brittle$Cold Eater 12%$Casting Focus 2%$Mana Increase 8$Hit Point Regeneration 2$Stamina Regeneration 1$Mana Regeneration 4$Lower Mana Cost 8%$Lower Reagent Cost 10%$Physical Resist 18%$Fire Resist 19%$Cold Resist 18%$Poison Resist 18%$Energy Resist 18%$Strength Requirement 25$Durability 255 / 255$* Requires The "Stygian Abyss" Expansion$Legendary Artifact$* Requires The "Time Of Legends" Expansion$ 
CZMLUTD,PFJLUTD,Mystic Ringmail Leggings Of Restoration,Legs,Mystic Ringmail Leggings Of Restoration$Insured$Weight: 15 Stones$Brittle$Fire Eater 12%$Intelligence Bonus 2$Mana Increase 2$Hit Point Regeneration 4$Stamina Regeneration 2$Mana Regeneration 4$Lower Mana Cost 8%$Physical Resist 18%$Fire Resist 18%$Cold Resist 16%$Poison Resist 20%$Energy Resist 18%$Mage Armor$Strength Requirement 40$Durability 255 / 255$* Requires The "Stygian Abyss" Expansion$Legendary Artifact$ 
RYMLUTD,PFJLUTD,Arcane Leather Leggings Of Vitality,Legs,Arcane Leather Leggings Of Vitality$Insured$Weight: 4 Stones$Brittle$Cold Eater 12%$Casting Focus 3%$Strength Bonus 4$Mana Increase 2$Hit Point Regeneration 3$Mana Regeneration 1$Lower Mana Cost 8%$Lower Reagent Cost 5%$Physical Resist 17%$Fire Resist 19%$Cold Resist 18%$Poison Resist 18%$Energy Resist 18%$Strength Requirement 20$Durability 255 / 255$* Requires The "Stygian Abyss" Expansion$Legendary Artifact$ 
SYMLUTD,PFJLUTD,Arcane Close Helm Of Restoration,Helm,Arcane Close Helm Of Restoration$Insured$Weight: 5 Stones$Brittle$Energy Eater 12%$Casting Focus 1%$Intelligence Bonus 4$Mana Increase 8$Hit Point Regeneration 3$Mana Regeneration 3$Lower Mana Cost 10%$Lower Reagent Cost 5%$Physical Resist 18%$Fire Resist 18%$Cold Resist 18%$Poison Resist 18%$Energy Resist 18%$Mage Armor$Strength Requirement 55$Durability 255 / 255$* Requires The "Stygian Abyss" Expansion$Legendary Artifact$ 
PYMLUTD,PFJLUTD,Mystic Studded Tunic Of Restoration,Chest,Mystic Studded Tunic Of Restoration$Insured$Weight: 8 Stones$Brittle$Energy Eater 12%$Intelligence Bonus 5$Mana Increase 8$Hit Point Regeneration 3$Stamina Regeneration 2$Mana Regeneration 4$Lower Mana Cost 6%$Physical Resist 17%$Fire Resist 19%$Cold Resist 3%$Poison Resist 18%$Energy Resist 19%$Mage Armor$Strength Requirement 35$Durability 255 / 255$* Requires The "Stygian Abyss" Expansion$Legendary Artifact$ 
VYMLUTD,KFJLUTD,Arcane Leather Sleeves Of Haste,Arms,Arcane Leather Sleeves Of Haste$Insured$Weight: 2 Stones$Brittle$Dexterity Bonus 4$Intelligence Bonus 2$Stamina Increase 8$Mana Increase 10$Stamina Regeneration 3$Mana Regeneration 1$Lower Mana Cost 8%$Lower Reagent Cost 15%$Physical Resist 17%$Fire Resist 19%$Cold Resist 18%$Poison Resist 18%$Energy Resist 18%$Strength Requirement 20$Durability 255 / 255$Legendary Artifact$ 
WYMLUTD,PFJLUTD,Arcane Gargish Platemail Arms Of Restoration,Arms,Arcane Gargish Platemail Arms Of Restoration$Insured$Weight: 5 Stones$Gargoyles Only$Brittle$Fire Eater 12%$Casting Focus 1%$Intelligence Bonus 4$Mana Increase 8$Hit Point Regeneration 2$Stamina Regeneration 4$Mana Regeneration 3$Lower Mana Cost 10%$Lower Reagent Cost 5%$Physical Resist 23%$Fire Resist 21%$Cold Resist 20%$Poison Resist 6%$Energy Resist 20%$Mage Armor$Strength Requirement 80$Durability 255 / 255$* Requires The "Stygian Abyss" Expansion$Legendary Artifact$ 
TYMLUTD,KFJLUTD,Arcane Gargish Necklace Of Haste,Necklace,Arcane Gargish Necklace Of Haste$Insured$Weight: 1 Stone$Gargoyles Only$Brittle$Casting Focus 1%$Dexterity Bonus 2$Intelligence Bonus 3$Stamina Increase 10$Mana Increase 2$Stamina Regeneration 4$Mana Regeneration 3$Lower Mana Cost 2%$Lower Reagent Cost 25%$Physical Resist 16%$Fire Resist 17%$Cold Resist 17%$Poison Resist 17%$Energy Resist 18%$Durability 255 / 255$* Requires The "Stygian Abyss" Expansion$Legendary Artifact$ 
UYMLUTD,KFJLUTD,Arcane Ringmail Leggings Of Haste,Legs,Arcane Ringmail Leggings Of Haste$Insured$Weight: 15 Stones$Brittle$Casting Focus 1%$Dexterity Bonus 4$Intelligence Bonus 4$Stamina Increase 10$Mana Increase 2$Stamina Regeneration 2$Lower Mana Cost 8%$Lower Reagent Cost 20%$Physical Resist 18%$Fire Resist 18%$Cold Resist 16%$Poison Resist 20%$Energy Resist 18%$Strength Requirement 40$Durability 255 / 255$* Requires The "Stygian Abyss" Expansion$Legendary Artifact$ 
LTMLUTD,KFJLUTD,Mystic Platemail Arms Of Haste,Arms,Mystic Platemail Arms Of Haste$Insured$Weight: 5 Stones$Brittle$Dexterity Bonus 4$Intelligence Bonus 2$Stamina Increase 8$Mana Increase 4$Stamina Regeneration 3$Mana Regeneration 4$Lower Mana Cost 8%$Physical Resist 20%$Fire Resist 18%$Cold Resist 2%$Poison Resist 18%$Energy Resist 17%$Mage Armor$Strength Requirement 80$Durability 255 / 255$Legendary Artifact$ 
MTMLUTD,PFJLUTD,Arcane Platemail Tunic Of Vitality,Chest,Arcane Platemail Tunic Of Vitality$Insured$Weight: 10 Stones$Brittle$Kinetic Eater 12%$Casting Focus 1%$Strength Bonus 4$Intelligence Bonus 4$Mana Increase 10$Hit Point Regeneration 4$Mana Regeneration 1$Lower Mana Cost 8%$Lower Reagent Cost 5%$Physical Resist 20%$Fire Resist 18%$Cold Resist 17%$Poison Resist 3%$Energy Resist 17%$Mage Armor$Strength Requirement 95$Durability 255 / 255$* Requires The "Stygian Abyss" Expansion$Legendary Artifact$ 
JTMLUTD,PFJLUTD,Arcane Dragon Turtle Hide Helm Of Vitality,Helm,Arcane Dragon Turtle Hide Helm Of Vitality$Insured$Weight: 4 Stones$Brittle$Poison Eater 15%$Casting Focus 1%$Strength Bonus 4$Intelligence Bonus 3$Mana Increase 2$Hit Point Regeneration 2$Mana Regeneration 3$Lower Mana Cost 8%$Physical Resist 19%$Fire Resist 17%$Cold Resist 17%$Poison Resist 19%$Energy Resist 19%$Strength Requirement 30$Durability 255 / 255$* Requires The "Stygian Abyss" Expansion$Legendary Artifact$* Requires The "Time Of Legends" Expansion$ 
PTMLUTD,PFJLUTD,Arcane Gargish Stone Leggings Of Vitality,Legs,Arcane Gargish Stone Leggings Of Vitality$Insured$Weight: 15 Stones$Gargoyles Only$Brittle$Energy Eater 12%$Casting Focus 1%$Strength Bonus 4$Mana Increase 6$Hit Point Regeneration 3$Mana Regeneration 4$Lower Mana Cost 8%$Lower Reagent Cost 5%$Physical Resist 6%$Fire Resist 21%$Cold Resist 19%$Poison Resist 23%$Energy Resist 21%$Mage Armor$Strength Requirement 40$Durability 255 / 255$* Requires The "Stygian Abyss" Expansion$Legendary Artifact$ 
MSMLUTD,PFJLUTD,Arcane Leather Tunic Of Restoration,Chest,Arcane Leather Tunic Of Restoration$Insured$Weight: 6 Stones$Brittle$Poison Eater 12%$Casting Focus 3%$Intelligence Bonus 1$Mana Increase 2$Hit Point Regeneration 4$Stamina Regeneration 2$Mana Regeneration 4$Lower Mana Cost 6%$Lower Reagent Cost 5%$Physical Resist 17%$Fire Resist 19%$Cold Resist 18%$Poison Resist 18%$Energy Resist 18%$Strength Requirement 25$Durability 255 / 255$* Requires The "Stygian Abyss" Expansion$Legendary Artifact$ 
RSMLUTD,KFJLUTD,Arcane Jester Hat Of Haste,Helm,Arcane Jester Hat Of Haste$Insured$Weight: 1 Stone$Brittle$Casting Focus 2%$Dexterity Bonus 5$Intelligence Bonus 4$Stamina Increase 10$Mana Increase 6$Stamina Regeneration 1$Lower Mana Cost 2%$Lower Reagent Cost 20%$Physical Resist 15%$Fire Resist 20%$Cold Resist 24%$Poison Resist 20%$Energy Resist 20%$Strength Requirement 10$Durability 255 / 255$* Requires The "Stygian Abyss" Expansion$Legendary Artifact$ 
SSMLUTD,KFJLUTD,Arcane Platemail Gloves Of Haste,Gloves,Arcane Platemail Gloves Of Haste$Insured$Weight: 2 Stones$Brittle$Casting Focus 2%$Dexterity Bonus 4$Intelligence Bonus 3$Stamina Increase 8$Mana Increase 8$Stamina Regeneration 3$Mana Regeneration 1$Lower Mana Cost 8%$Physical Resist 20%$Fire Resist 18%$Cold Resist 2%$Poison Resist 18%$Energy Resist 17%$Mage Armor$Strength Requirement 70$Durability 255 / 255$* Requires The "Stygian Abyss" Expansion$Legendary Artifact$ 
QSMLUTD,PFJLUTD,Arcane Studded Sleeves Of Restoration,Arms,Arcane Studded Sleeves Of Restoration$Insured$Weight: 4 Stones$Brittle$Energy Eater 12%$Intelligence Bonus 5$Mana Increase 6$Hit Point Regeneration 3$Stamina Regeneration 3$Mana Regeneration 3$Lower Mana Cost 8%$Physical Resist 17%$Fire Resist 19%$Cold Resist 18%$Poison Resist 18%$Energy Resist 19%$Mage Armor$Strength Requirement 25$Durability 255 / 255$* Requires The "Stygian Abyss" Expansion$Legendary Artifact$ 
GSMLUTD,KFJLUTD,Arcane Skullcap Of Haste,Helm,Arcane Skullcap Of Haste$Insured$Weight: 1 Stone$Brittle$Casting Focus 2%$Intelligence Bonus 3$Stamina Increase 10$Mana Increase 2$Stamina Regeneration 3$Mana Regeneration 3$Lower Reagent Cost 10%$Physical Resist 15%$Fire Resist 18%$Cold Resist 20%$Poison Resist 23%$Energy Resist 23%$Strength Requirement 10$Durability 255 / 255$* Requires The "Stygian Abyss" Expansion$Legendary Artifact$ 
DSMLUTD,PFJLUTD,Arcane Ringmail Sleeves Of Vitality,Arms,Arcane Ringmail Sleeves Of Vitality$Insured$Weight: 10 Stones$Brittle$Energy Eater 12%$Strength Bonus 4$Intelligence Bonus 4$Mana Increase 6$Hit Point Regeneration 3$Mana Regeneration 1$Lower Mana Cost 10%$Lower Reagent Cost 5%$Physical Resist 18%$Fire Resist 3%$Cold Resist 16%$Poison Resist 20%$Energy Resist 18%$Mage Armor$Strength Requirement 40$Durability 255 / 255$* Requires The "Stygian Abyss" Expansion$Legendary Artifact$ 
ESMLUTD,KFJLUTD,Arcane Leather Gloves Of Haste,Gloves,Arcane Leather Gloves Of Haste$Insured$Weight: 1 Stone$Brittle$Dexterity Bonus 5$Intelligence Bonus 4$Stamina Increase 8$Mana Increase 8$Stamina Regeneration 2$Mana Regeneration 1$Lower Mana Cost 8%$Lower Reagent Cost 5%$Physical Resist 17%$Fire Resist 19%$Cold Resist 18%$Poison Resist 18%$Energy Resist 18%$Strength Requirement 20$Durability 255 / 255$Legendary Artifact$ 
KSMLUTD,PFJLUTD,Arcane Leather Gloves Of Vitality,Gloves,Arcane Leather Gloves Of Vitality$Insured$Weight: 1 Stone$Brittle$Fire Eater 15%$Casting Focus 1%$Hit Point Increase 5$Mana Increase 2$Hit Point Regeneration 2$Mana Regeneration 1$Lower Mana Cost 10%$Lower Reagent Cost 20%$Physical Resist 17%$Fire Resist 19%$Cold Resist 18%$Poison Resist 18%$Energy Resist 18%$Strength Requirement 20$Durability 255 / 255$* Requires The "Stygian Abyss" Expansion$Legendary Artifact$ 
XRMLUTD,KFJLUTD,Arcane Chainmail Tunic Of Haste,Chest,Arcane Chainmail Tunic Of Haste$Insured$Weight: 7 Stones$Brittle$Casting Focus 2%$Dexterity Bonus 5$Stamina Increase 10$Mana Regeneration 2$Lower Mana Cost 8%$Lower Reagent Cost 20%$Physical Resist 19%$Fire Resist 19%$Cold Resist 19%$Poison Resist 16%$Energy Resist 17%$Mage Armor$Strength Requirement 60$Durability 255 / 255$* Requires The "Stygian Abyss" Expansion$Legendary Artifact$ 
YRMLUTD,PFJLUTD,Arcane Gargish Leather Kilt Of Restoration,Kilt,Arcane Gargish Leather Kilt Of Restoration$Insured$Weight: 5 Stones$Gargoyles Only$Brittle$Poison Eater 12%$Casting Focus 1%$Intelligence Bonus 5$Mana Increase 4$Hit Point Regeneration 3$Stamina Regeneration 1$Mana Regeneration 4$Lower Mana Cost 8%$Lower Reagent Cost 5%$Physical Resist 20%$Fire Resist 21%$Cold Resist 22%$Poison Resist 21%$Energy Resist 21%$Strength Requirement 25$Durability 255 / 255$* Requires The "Stygian Abyss" Expansion$Legendary Artifact$ 
VRMLUTD,PFJLUTD,Arcane Platemail Arms Of Vitality,Arms,Arcane Platemail Arms Of Vitality$Insured$Weight: 5 Stones$Brittle$Energy Eater 12%$Casting Focus 2%$Intelligence Bonus 4$Hit Point Increase 7$Mana Increase 8$Hit Point Regeneration 3$Mana Regeneration 1$Lower Mana Cost 8%$Lower Reagent Cost 5%$Physical Resist 20%$Fire Resist 3%$Cold Resist 17%$Poison Resist 18%$Energy Resist 17%$Mage Armor$Strength Requirement 80$Durability 255 / 255$* Requires The "Stygian Abyss" Expansion$Legendary Artifact$ 
BSMLUTD,KFJLUTD,Arcane Gargish Cloth Leggings Of Haste,Legs,Arcane Gargish Cloth Leggings Of Haste$Insured$Weight: 4 Stones$Gargoyles Only$Brittle$Casting Focus 2%$Dexterity Bonus 4$Intelligence Bonus 2$Stamina Increase 10$Mana Increase 8$Stamina Regeneration 2$Mana Regeneration 3$Lower Reagent Cost 5%$Physical Resist 20%$Fire Resist 22%$Cold Resist 21%$Poison Resist 21%$Energy Resist 21%$Strength Requirement 20$Durability 255 / 255$* Requires The "Stygian Abyss" Expansion$Legendary Artifact$ 
CSMLUTD,PFJLUTD,Mystic Gargish Stone Amulet Of Vitality,Necklace,Mystic Gargish Stone Amulet Of Vitality$Insured$Weight: 1 Stone$Gargoyles Only$Brittle$Cold Eater 15%$Intelligence Bonus 2$Hit Point Increase 5$Mana Increase 10$Hit Point Regeneration 3$Mana Regeneration 3$Lower Mana Cost 8%$Physical Resist 16%$Fire Resist 17%$Cold Resist 17%$Poison Resist 2%$Energy Resist 18%$Mage Armor$Durability 255 / 255$* Requires The "Stygian Abyss" Expansion$Legendary Artifact$ 
ZRMLUTD,KFJLUTD,Arcane Tiger Pelt Helm Of Haste,Helm,Arcane Tiger Pelt Helm Of Haste$Insured$Weight: 4 Stones$Brittle$Casting Focus 2%$Dexterity Bonus 4$Intelligence Bonus 4$Stamina Increase 10$Stamina Regeneration 2$Mana Regeneration 1$Lower Mana Cost 8%$Lower Reagent Cost 10%$Physical Resist 18%$Fire Resist 19%$Cold Resist 18%$Poison Resist 18%$Energy Resist 18%$Strength Requirement 25$Durability 255 / 255$* Requires The "Stygian Abyss" Expansion$Legendary Artifact$* Requires The "Time Of Legends" Expansion$ 
ASMLUTD,KFJLUTD,Arcane Leather Gorget Of Haste,Gorget,Arcane Leather Gorget Of Haste$Insured$Weight: 1 Stone$Brittle$Casting Focus 1%$Dexterity Bonus 4$Intelligence Bonus 4$Stamina Increase 8$Mana Increase 6$Stamina Regeneration 3$Mana Regeneration 1$Lower Mana Cost 10%$Lower Reagent Cost 5%$Physical Resist 17%$Fire Resist 19%$Cold Resist 18%$Poison Resist 18%$Energy Resist 18%$Strength Requirement 20$Durability 255 / 255$* Requires The "Stygian Abyss" Expansion$Legendary Artifact$ 
PRMLUTD,PFJLUTD,Arcane Studded Sleeves Of Restoration,Arms,Arcane Studded Sleeves Of Restoration$Insured$Weight: 4 Stones$Brittle$Damage Eater 12%$Casting Focus 1%$Intelligence Bonus 5$Mana Increase 2$Hit Point Regeneration 3$Stamina Regeneration 3$Mana Regeneration 4$Lower Mana Cost 6%$Physical Resist 17%$Fire Resist 19%$Cold Resist 18%$Poison Resist 18%$Energy Resist 19%$Mage Armor$Strength Requirement 25$Durability 255 / 255$* Requires The "Stygian Abyss" Expansion$Legendary Artifact$ 
QRMLUTD,KFJLUTD,Arcane Wide-Brim Hat Of Haste,Helm,Arcane Wide-Brim Hat Of Haste$Insured$Weight: 1 Stone$Brittle$Casting Focus 1%$Dexterity Bonus 5$Intelligence Bonus 3$Stamina Increase 8$Mana Increase 6$Stamina Regeneration 3$Mana Regeneration 3$Lower Mana Cost 8%$Lower Reagent Cost 5%$Physical Resist 15%$Fire Resist 20%$Cold Resist 24%$Poison Resist 20%$Energy Resist 20%$Strength Requirement 10$Durability 255 / 255$* Requires The "Stygian Abyss" Expansion$Legendary Artifact$ 
NRMLUTD,KFJLUTD,Arcane Gargish Cloth Chest Of Haste,Chest,Arcane Gargish Cloth Chest Of Haste$Insured$Weight: 6 Stones$Gargoyles Only$Brittle$Dexterity Bonus 5$Stamina Increase 8$Mana Increase 8$Stamina Regeneration 1$Mana Regeneration 1$Lower Mana Cost 8%$Lower Reagent Cost 20%$Physical Resist 20%$Fire Resist 22%$Cold Resist 21%$Poison Resist 21%$Energy Resist 21%$Strength Requirement 25$Durability 255 / 255$Legendary Artifact$ 
ORMLUTD,PFJLUTD,Arcane Dragon Turtle Hide Helm Of Restoration,Helm,Arcane Dragon Turtle Hide Helm Of Restoration$Insured$Weight: 4 Stones$Brittle$Damage Eater 12%$Intelligence Bonus 4$Mana Increase 8$Hit Point Regeneration 3$Stamina Regeneration 3$Mana Regeneration 3$Lower Mana Cost 8%$Lower Reagent Cost 5%$Physical Resist 19%$Fire Resist 17%$Cold Resist 17%$Poison Resist 19%$Energy Resist 19%$Strength Requirement 30$Durability 255 / 255$* Requires The "Stygian Abyss" Expansion$Legendary Artifact$* Requires The "Time Of Legends" Expansion$ 
URMLUTD,PFJLUTD,Mystic Studded Tunic Of Restoration,Chest,Mystic Studded Tunic Of Restoration$Insured$Weight: 8 Stones$Brittle$Kinetic Eater 12%$Intelligence Bonus 5$Mana Increase 2$Hit Point Regeneration 4$Stamina Regeneration 1$Mana Regeneration 3$Lower Mana Cost 10%$Physical Resist 17%$Fire Resist 19%$Cold Resist 18%$Poison Resist 18%$Energy Resist 19%$Mage Armor$Strength Requirement 35$Durability 255 / 255$* Requires The "Stygian Abyss" Expansion$Legendary Artifact$ 
RRMLUTD,KFJLUTD,Mystic Platemail Gorget Of Haste,Gorget,Mystic Platemail Gorget Of Haste$Insured$Weight: 2 Stones$Brittle$Dexterity Bonus 4$Intelligence Bonus 4$Stamina Increase 8$Mana Increase 8$Stamina Regeneration 3$Mana Regeneration 2$Lower Mana Cost 8%$Physical Resist 20%$Fire Resist 18%$Cold Resist 2%$Poison Resist 18%$Energy Resist 17%$Mage Armor$Strength Requirement 45$Durability 255 / 255$Legendary Artifact$ 
SRMLUTD,PFJLUTD,Mystic Gargish Stone Kilt Of Restoration,Kilt,Mystic Gargish Stone Kilt Of Restoration$Weight: 10 Stones$Gargoyles Only$Poison Eater 12%$Intelligence Bonus 2$Mana Increase 8$Hit Point Regeneration 3$Stamina Regeneration 3$Mana Regeneration 4$Lower Mana Cost 10%$Physical Resist 21%$Fire Resist 21%$Cold Resist 19%$Poison Resist 8%$Energy Resist 21%$Mage Armor$Strength Requirement 40$Durability 42 / 42$* Requires The "Stygian Abyss" Expansion$Legendary Artifact$ 
HRMLUTD,KFJLUTD,Mystic Gargish Stone Chest Of Haste,Chest,Mystic Gargish Stone Chest Of Haste$Insured$Weight: 15 Stones$Gargoyles Only$Brittle$Dexterity Bonus 4$Intelligence Bonus 4$Stamina Increase 8$Mana Increase 6$Stamina Regeneration 3$Mana Regeneration 3$Lower Mana Cost 8%$Physical Resist 21%$Fire Resist 21%$Cold Resist 19%$Poison Resist 23%$Energy Resist 21%$Mage Armor$Strength Requirement 40$Durability 255 / 255$Legendary Artifact$ 
IRMLUTD,KFJLUTD,Arcane Dragon Turtle Hide Chest Of Haste,Chest,Arcane Dragon Turtle Hide Chest Of Haste$Insured$Weight: 8 Stones$Brittle$Casting Focus 1%$Dexterity Bonus 5$Intelligence Bonus 4$Stamina Increase 10$Mana Increase 8$Stamina Regeneration 1$Mana Regeneration 1$Lower Mana Cost 4%$Lower Reagent Cost 20%$Physical Resist 19%$Fire Resist 17%$Cold Resist 17%$Poison Resist 19%$Energy Resist 19%$Strength Requirement 30$Durability 255 / 255$* Requires The "Stygian Abyss" Expansion$Legendary Artifact$* Requires The "Time Of Legends" Expansion$ 
FRMLUTD,PFJLUTD,Mystic Chainmail Leggings Of Restoration,Legs,Mystic Chainmail Leggings Of Restoration$Insured$Weight: 7 Stones$Brittle$Kinetic Eater 12%$Intelligence Bonus 5$Hit Point Regeneration 4$Stamina Regeneration 1$Mana Regeneration 3$Lower Mana Cost 10%$Physical Resist 19%$Fire Resist 4%$Cold Resist 19%$Poison Resist 16%$Energy Resist 17%$Mage Armor$Strength Requirement 60$Durability 255 / 255$* Requires The "Stygian Abyss" Expansion$Legendary Artifact$ 
GRMLUTD,PFJLUTD,Mystic Studded Gloves Of Restoration,Gloves,Mystic Studded Gloves Of Restoration$Insured$Weight: 1 Stone$Brittle$Cold Eater 15%$Intelligence Bonus 5$Mana Increase 2$Hit Point Regeneration 2$Stamina Regeneration 3$Mana Regeneration 4$Lower Mana Cost 6%$Physical Resist 17%$Fire Resist 19%$Cold Resist 18%$Poison Resist 18%$Energy Resist 19%$Mage Armor$Strength Requirement 25$Durability 255 / 255$* Requires The "Stygian Abyss" Expansion$Legendary Artifact$ 
LRMLUTD,KFJLUTD,Mystic Chainmail Leggings Of Haste,Legs,Mystic Chainmail Leggings Of Haste$Insured$Weight: 7 Stones$Brittle$Dexterity Bonus 4$Intelligence Bonus 5$Stamina Increase 10$Mana Increase 8$Stamina Regeneration 2$Mana Regeneration 1$Lower Mana Cost 4%$Physical Resist 19%$Fire Resist 19%$Cold Resist 19%$Poison Resist 16%$Energy Resist 17%$Mage Armor$Strength Requirement 60$Durability 255 / 255$Legendary Artifact$ 
MRMLUTD,PFJLUTD,Arcane Gargish Stone Amulet Of Restoration,Necklace,Arcane Gargish Stone Amulet Of Restoration$Insured$Weight: 1 Stone$Gargoyles Only$Brittle$Fire Eater 12%$Intelligence Bonus 3$Mana Increase 8$Hit Point Regeneration 3$Stamina Regeneration 3$Mana Regeneration 3$Lower Mana Cost 10%$Lower Reagent Cost 5%$Physical Resist 16%$Fire Resist 17%$Cold Resist 17%$Poison Resist 2%$Energy Resist 18%$Mage Armor$Durability 255 / 255$* Requires The "Stygian Abyss" Expansion$Legendary Artifact$ 
JRMLUTD,KFJLUTD,Grugor's Shield,Shield,Grugor's Shield$Insured$Weight: 5 Stones$Parrying +10$Eodon Tribe Protection: +60%$Strength Bonus 10$Stamina Increase 10$Hit Point Regeneration 5$Swing Speed Increase 10%$Physical Resist 4%$Fire Resist 4%$Cold Resist 4%$Poison Resist 4%$Energy Resist 4%$Strength Requirement 20$Durability 255 / 255$* Requires The "Time Of Legends" Expansion$ 
KRMLUTD,PFJLUTD,Arcane Leather Gloves Of Vitality,Gloves,Arcane Leather Gloves Of Vitality$Insured$Weight: 1 Stone$Brittle$Energy Eater 12%$Casting Focus 1%$Intelligence Bonus 4$Hit Point Increase 5$Mana Increase 4$Hit Point Regeneration 4$Mana Regeneration 3$Lower Mana Cost 8%$Lower Reagent Cost 5%$Physical Resist 17%$Fire Resist 19%$Cold Resist 18%$Poison Resist 18%$Energy Resist 18%$Strength Requirement 20$Durability 255 / 255$* Requires The "Stygian Abyss" Expansion$Legendary Artifact$ 
XVMLUTD,PFJLUTD,Arcane Tiger Pelt Long Skirt Of Restoration,Legs,Arcane Tiger Pelt Long Skirt Of Restoration$Insured$Weight: 1 Stone$Brittle$Kinetic Eater 15%$Casting Focus 1%$Intelligence Bonus 3$Mana Increase 10$Hit Point Regeneration 2$Stamina Regeneration 1$Mana Regeneration 4$Lower Mana Cost 8%$Physical Resist 18%$Fire Resist 19%$Cold Resist 18%$Poison Resist 18%$Energy Resist 18%$Strength Requirement 25$Durability 255 / 255$* Requires The "Stygian Abyss" Expansion$Legendary Artifact$* Requires The "Time Of Legends" Expansion$ 
YVMLUTD,PFJLUTD,Arcane Leather Sleeves Of Vitality,Arms,Arcane Leather Sleeves Of Vitality$Insured$Weight: 2 Stones$Brittle$Energy Eater 15%$Strength Bonus 4$Intelligence Bonus 3$Mana Increase 10$Hit Point Regeneration 3$Mana Regeneration 1$Lower Mana Cost 8%$Lower Reagent Cost 5%$Physical Resist 17%$Fire Resist 19%$Cold Resist 18%$Poison Resist 18%$Energy Resist 18%$Strength Requirement 20$Durability 255 / 255$* Requires The "Stygian Abyss" Expansion$Legendary Artifact$ 
VVMLUTD,PFJLUTD,Arcane Tiger Pelt Long Skirt Of Restoration,Legs,Arcane Tiger Pelt Long Skirt Of Restoration$Insured$Weight: 1 Stone$Brittle$Energy Eater 12%$Intelligence Bonus 4$Mana Increase 8$Hit Point Regeneration 3$Stamina Regeneration 2$Mana Regeneration 3$Lower Mana Cost 8%$Lower Reagent Cost 5%$Physical Resist 18%$Fire Resist 19%$Cold Resist 18%$Poison Resist 18%$Energy Resist 18%$Strength Requirement 25$Durability 255 / 255$* Requires The "Stygian Abyss" Expansion$Legendary Artifact$* Requires The "Time Of Legends" Expansion$ 
WVMLUTD,PFJLUTD,Arcane Gargish Platemail Leggings Of Restoration,Legs,Arcane Gargish Platemail Leggings Of Restoration$Insured$Weight: 7 Stones$Gargoyles Only$Brittle$Poison Eater 12%$Casting Focus 1%$Intelligence Bonus 4$Mana Increase 8$Hit Point Regeneration 4$Stamina Regeneration 1$Mana Regeneration 4$Lower Mana Cost 8%$Physical Resist 23%$Fire Resist 6%$Cold Resist 20%$Poison Resist 21%$Energy Resist 20%$Mage Armor$Strength Requirement 90$Durability 255 / 255$* Requires The "Stygian Abyss" Expansion$Legendary Artifact$ 
BWMLUTD,PFJLUTD,Arcane Studded Leggings Of Restoration,Legs,Arcane Studded Leggings Of Restoration$Insured$Weight: 5 Stones$Brittle$Damage Eater 12%$Intelligence Bonus 5$Mana Increase 6$Hit Point Regeneration 1$Stamina Regeneration 4$Mana Regeneration 4$Lower Mana Cost 10%$Physical Resist 17%$Fire Resist 19%$Cold Resist 18%$Poison Resist 18%$Energy Resist 19%$Mage Armor$Strength Requirement 30$Durability 255 / 255$* Requires The "Stygian Abyss" Expansion$Legendary Artifact$ 
CWMLUTD,PFJLUTD,Mystic Platemail Gloves Of Restoration,Gloves,Mystic Platemail Gloves Of Restoration$Insured$Weight: 2 Stones$Brittle$Cold Eater 12%$Intelligence Bonus 4$Mana Increase 8$Hit Point Regeneration 3$Stamina Regeneration 1$Mana Regeneration 4$Lower Mana Cost 10%$Physical Resist 20%$Fire Resist 18%$Cold Resist 17%$Poison Resist 18%$Energy Resist 17%$Mage Armor$Strength Requirement 70$Durability 255 / 255$* Requires The "Stygian Abyss" Expansion$Legendary Artifact$ 
ZVMLUTD,PFJLUTD,Arcane Gargish Stone Leggings Of Restoration,Legs,Arcane Gargish Stone Leggings Of Restoration$Insured$Weight: 15 Stones$Gargoyles Only$Brittle$Energy Eater 15%$Intelligence Bonus 4$Mana Increase 8$Hit Point Regeneration 2$Stamina Regeneration 1$Mana Regeneration 4$Lower Mana Cost 8%$Lower Reagent Cost 5%$Physical Resist 21%$Fire Resist 21%$Cold Resist 19%$Poison Resist 23%$Energy Resist 21%$Strength Requirement 40$Durability 255 / 255$* Requires The "Stygian Abyss" Expansion$Legendary Artifact$ 
PVMLUTD,KFJLUTD,Mystic Studded Gorget Of Haste,Gorget,Mystic Studded Gorget Of Haste$Insured$Weight: 1 Stone$Brittle$Dexterity Bonus 4$Intelligence Bonus 2$Stamina Increase 8$Mana Increase 8$Stamina Regeneration 3$Mana Regeneration 2$Lower Mana Cost 8%$Physical Resist 17%$Fire Resist 19%$Cold Resist 18%$Poison Resist 18%$Energy Resist 19%$Mage Armor$Strength Requirement 25$Durability 255 / 255$Legendary Artifact$ 
QVMLUTD,PFJLUTD,Arcane Leather Gorget Of Restoration,Gorget,Arcane Leather Gorget Of Restoration$Insured$Weight: 1 Stone$Brittle$Fire Eater 12%$Intelligence Bonus 4$Mana Increase 8$Hit Point Regeneration 3$Stamina Regeneration 3$Mana Regeneration 2$Lower Mana Cost 8%$Lower Reagent Cost 5%$Physical Resist 17%$Fire Resist 19%$Cold Resist 18%$Poison Resist 18%$Energy Resist 18%$Strength Requirement 20$Durability 255 / 255$* Requires The "Stygian Abyss" Expansion$Legendary Artifact$ 
OVMLUTD,KFJLUTD,Mystic Platemail Gorget Of Haste,Gorget,Mystic Platemail Gorget Of Haste$Insured$Weight: 2 Stones$Brittle$Dexterity Bonus 5$Intelligence Bonus 3$Stamina Increase 10$Mana Increase 10$Stamina Regeneration 1$Mana Regeneration 1$Lower Mana Cost 8%$Physical Resist 20%$Fire Resist 18%$Cold Resist 2%$Poison Resist 18%$Energy Resist 17%$Mage Armor$Strength Requirement 45$Durability 255 / 255$Legendary Artifact$ 
TVMLUTD,KFJLUTD,Mystic Platemail Gorget Of Haste,Gorget,Mystic Platemail Gorget Of Haste$Insured$Weight: 2 Stones$Brittle$Dexterity Bonus 4$Intelligence Bonus 4$Stamina Increase 8$Mana Increase 4$Mana Regeneration 2$Lower Mana Cost 8%$Physical Resist 5%$Fire Resist 18%$Cold Resist 17%$Poison Resist 18%$Energy Resist 17%$Mage Armor$Strength Requirement 45$Durability 255 / 255$Major Artifact$ 
UVMLUTD,PFJLUTD,Arcane Bone Gloves Of Restoration,Gloves,Arcane Bone Gloves Of Restoration$Insured$Weight: 1 Stone$Brittle$Cold Eater 12%$Casting Focus 2%$Intelligence Bonus 4$Mana Increase 6$Hit Point Regeneration 3$Stamina Regeneration 3$Mana Regeneration 3$Lower Mana Cost 10%$Lower Reagent Cost 5%$Physical Resist 18%$Fire Resist 3%$Cold Resist 19%$Poison Resist 17%$Energy Resist 19%$Mage Armor$Strength Requirement 55$Durability 255 / 255$* Requires The "Stygian Abyss" Expansion$Legendary Artifact$ 
SVMLUTD,PFJLUTD,Arcane Gargish Cloth Kilt Of Vitality,Kilt,Arcane Gargish Cloth Kilt Of Vitality$Insured$Weight: 2 Stones$Gargoyles Only$Brittle$Poison Eater 15%$Casting Focus 2%$Intelligence Bonus 5$Hit Point Increase 7$Mana Increase 2$Hit Point Regeneration 1$Mana Regeneration 1$Lower Mana Cost 6%$Lower Reagent Cost 5%$Physical Resist 20%$Fire Resist 22%$Cold Resist 21%$Poison Resist 21%$Energy Resist 21%$Strength Requirement 20$Durability 255 / 255$* Requires The "Stygian Abyss" Expansion$Legendary Artifact$ 
HVMLUTD,PFJLUTD,Arcane Studded Sleeves Of Restoration,Arms,Arcane Studded Sleeves Of Restoration$Insured$Weight: 4 Stones$Brittle$Kinetic Eater 15%$Casting Focus 1%$Intelligence Bonus 4$Mana Increase 8$Hit Point Regeneration 3$Stamina Regeneration 2$Mana Regeneration 3$Lower Mana Cost 8%$Physical Resist 17%$Fire Resist 19%$Cold Resist 18%$Poison Resist 18%$Energy Resist 19%$Strength Requirement 25$Durability 255 / 255$* Requires The "Stygian Abyss" Expansion$Legendary Artifact$ 
IVMLUTD,KFJLUTD,Arcane Leather Gorget Of Haste,Gorget,Arcane Leather Gorget Of Haste$Insured$Weight: 1 Stone$Brittle$Casting Focus 2%$Dexterity Bonus 4$Intelligence Bonus 2$Stamina Increase 10$Mana Increase 6$Stamina Regeneration 1$Lower Mana Cost 8%$Lower Reagent Cost 5%$Physical Resist 17%$Fire Resist 19%$Cold Resist 18%$Poison Resist 18%$Energy Resist 18%$Strength Requirement 20$Durability 255 / 255$* Requires The "Stygian Abyss" Expansion$Legendary Artifact$ 
DUMLUTD,PFJLUTD,Arcane Studded Gorget Of Restoration,Gorget,Arcane Studded Gorget Of Restoration$Insured$Weight: 1 Stone$Brittle$Damage Eater 12%$Intelligence Bonus 5$Mana Increase 2$Hit Point Regeneration 3$Stamina Regeneration 3$Mana Regeneration 4$Lower Mana Cost 6%$Lower Reagent Cost 5%$Physical Resist 17%$Fire Resist 19%$Cold Resist 18%$Poison Resist 18%$Energy Resist 19%$Strength Requirement 25$Durability 255 / 255$* Requires The "Stygian Abyss" Expansion$Legendary Artifact$ 
UTMLUTD,PFJLUTD,Arcane Platemail Gorget Of Restoration,Gorget,Arcane Platemail Gorget Of Restoration$Insured$Weight: 2 Stones$Brittle$Fire Eater 12%$Casting Focus 2%$Mana Increase 2$Hit Point Regeneration 3$Stamina Regeneration 4$Mana Regeneration 4$Lower Mana Cost 6%$Physical Resist 20%$Fire Resist 18%$Cold Resist 17%$Poison Resist 18%$Energy Resist 17%$Mage Armor$Strength Requirement 45$Durability 255 / 255$* Requires The "Stygian Abyss" Expansion$Legendary Artifact$ 
RTMLUTD,KFJLUTD,Mystic Platemail Legs Of Haste,Legs,Mystic Platemail Legs Of Haste$Insured$Weight: 7 Stones$Brittle$Dexterity Bonus 4$Intelligence Bonus 2$Stamina Increase 8$Mana Increase 8$Stamina Regeneration 3$Mana Regeneration 3$Lower Mana Cost 8%$Physical Resist 20%$Fire Resist 18%$Cold Resist 17%$Poison Resist 18%$Energy Resist 17%$Mage Armor$Strength Requirement 90$Durability 255 / 255$Legendary Artifact$ 
XTMLUTD,PFJLUTD,Arcane Ringmail Tunic Of Vitality,Chest,Arcane Ringmail Tunic Of Vitality$Insured$Weight: 15 Stones$Brittle$Cold Eater 15%$Intelligence Bonus 5$Hit Point Increase 7$Mana Increase 2$Hit Point Regeneration 1$Mana Regeneration 3$Lower Mana Cost 6%$Lower Reagent Cost 5%$Physical Resist 18%$Fire Resist 18%$Cold Resist 16%$Poison Resist 20%$Energy Resist 18%$Strength Requirement 40$Durability 255 / 255$* Requires The "Stygian Abyss" Expansion$Legendary Artifact$ 
YTMLUTD,PFJLUTD,Mystic Studded Gloves Of Vitality,Gloves,Mystic Studded Gloves Of Vitality$Insured$Weight: 1 Stone$Brittle$Energy Eater 12%$Strength Bonus 5$Intelligence Bonus 3$Mana Increase 8$Hit Point Regeneration 3$Mana Regeneration 3$Lower Mana Cost 8%$Physical Resist 17%$Fire Resist 19%$Cold Resist 3%$Poison Resist 18%$Energy Resist 19%$Mage Armor$Strength Requirement 25$Durability 255 / 255$* Requires The "Stygian Abyss" Expansion$Legendary Artifact$ 
VTMLUTD,PFJLUTD,Mystic Bone Gloves Of Restoration,Gloves,Mystic Bone Gloves Of Restoration$Insured$Weight: 1 Stone$Brittle$Damage Eater 12%$Intelligence Bonus 4$Mana Increase 2$Hit Point Regeneration 3$Stamina Regeneration 2$Mana Regeneration 3$Lower Mana Cost 10%$Physical Resist 18%$Fire Resist 18%$Cold Resist 19%$Poison Resist 17%$Energy Resist 19%$Mage Armor$Strength Requirement 55$Durability 255 / 255$* Requires The "Stygian Abyss" Expansion$Legendary Artifact$ 
WTMLUTD,PFJLUTD,Mystic Platemail Arms Of Restoration,Arms,Mystic Platemail Arms Of Restoration$Insured$Weight: 5 Stones$Brittle$Kinetic Eater 15%$Intelligence Bonus 2$Mana Increase 8$Hit Point Regeneration 1$Stamina Regeneration 3$Mana Regeneration 4$Lower Mana Cost 8%$Physical Resist 20%$Fire Resist 18%$Cold Resist 17%$Poison Resist 18%$Energy Resist 17%$Mage Armor$Strength Requirement 80$Durability 255 / 255$* Requires The "Stygian Abyss" Expansion$Legendary Artifact$ 
NOMLUTD,KFJLUTD,Mystic Chainmail Tunic Of Haste,Chest,Mystic Chainmail Tunic Of Haste$Insured$Weight: 7 Stones$Brittle$Dexterity Bonus 4$Intelligence Bonus 5$Stamina Increase 8$Mana Increase 6$Stamina Regeneration 4$Mana Regeneration 1$Lower Mana Cost 8%$Physical Resist 19%$Fire Resist 19%$Cold Resist 19%$Poison Resist 16%$Energy Resist 17%$Mage Armor$Strength Requirement 60$Durability 255 / 255$Legendary Artifact$ 
OOMLUTD,KFJLUTD,Arcane Dragon Turtle Hide Helm Of Haste,Helm,Arcane Dragon Turtle Hide Helm Of Haste$Insured$Weight: 4 Stones$Brittle$Casting Focus 2%$Dexterity Bonus 4$Stamina Increase 8$Mana Increase 6$Stamina Regeneration 3$Mana Regeneration 3$Lower Mana Cost 8%$Lower Reagent Cost 5%$Physical Resist 19%$Fire Resist 17%$Cold Resist 17%$Poison Resist 19%$Energy Resist 19%$Strength Requirement 30$Durability 255 / 255$* Requires The "Stygian Abyss" Expansion$Legendary Artifact$* Requires The "Time Of Legends" Expansion$ 
SOMLUTD,PFJLUTD,Arcane Gargish Stone Chest Of Restoration,Chest,Arcane Gargish Stone Chest Of Restoration$Insured$Weight: 15 Stones$Gargoyles Only$Brittle$Poison Eater 12%$Casting Focus 1%$Intelligence Bonus 4$Mana Increase 2$Hit Point Regeneration 3$Stamina Regeneration 3$Mana Regeneration 4$Lower Mana Cost 10%$Lower Reagent Cost 5%$Physical Resist 21%$Fire Resist 6%$Cold Resist 19%$Poison Resist 23%$Energy Resist 21%$Mage Armor$Strength Requirement 40$Durability 255 / 255$* Requires The "Stygian Abyss" Expansion$Legendary Artifact$ 
POMLUTD,KFJLUTD,Arcane Studded Leggings Of Haste,Legs,Arcane Studded Leggings Of Haste$Insured$Weight: 5 Stones$Brittle$Casting Focus 1%$Stamina Increase 8$Mana Increase 6$Stamina Regeneration 3$Mana Regeneration 1$Lower Mana Cost 10%$Lower Reagent Cost 5%$Physical Resist 17%$Fire Resist 19%$Cold Resist 3%$Poison Resist 18%$Energy Resist 19%$Mage Armor$Strength Requirement 30$Durability 255 / 255$* Requires The "Stygian Abyss" Expansion$Major Artifact$ 
QOMLUTD,KFJLUTD,Arcane Gargish Leather Arms Of Haste,Arms,Arcane Gargish Leather Arms Of Haste$Insured$Weight: 4 Stones$Gargoyles Only$Brittle$Casting Focus 1%$Dexterity Bonus 5$Intelligence Bonus 4$Stamina Increase 8$Mana Increase 4$Stamina Regeneration 3$Mana Regeneration 1$Lower Mana Cost 8%$Lower Reagent Cost 20%$Physical Resist 20%$Fire Resist 21%$Cold Resist 22%$Poison Resist 21%$Energy Resist 21%$Strength Requirement 25$Durability 255 / 255$* Requires The "Stygian Abyss" Expansion$Legendary Artifact$ 
FOMLUTD,PFJLUTD,Arcane Platemail Gloves Of Restoration,Gloves,Arcane Platemail Gloves Of Restoration$Insured$Weight: 2 Stones$Brittle$Cold Eater 15%$Casting Focus 1%$Intelligence Bonus 5$Mana Increase 8$Hit Point Regeneration 3$Stamina Regeneration 1$Mana Regeneration 4$Lower Mana Cost 8%$Lower Reagent Cost 5%$Physical Resist 20%$Fire Resist 18%$Cold Resist 2%$Poison Resist 18%$Energy Resist 17%$Mage Armor$Strength Requirement 70$Durability 255 / 255$* Requires The "Stygian Abyss" Expansion$Legendary Artifact$ 
GOMLUTD,PFJLUTD,Arcane Studded Gloves Of Restoration,Gloves,Arcane Studded Gloves Of Restoration$Insured$Weight: 1 Stone$Brittle$Poison Eater 12%$Casting Focus 2%$Intelligence Bonus 4$Mana Increase 8$Hit Point Regeneration 3$Stamina Regeneration 4$Mana Regeneration 3$Lower Mana Cost 8%$Physical Resist 17%$Fire Resist 19%$Cold Resist 18%$Poison Resist 18%$Energy Resist 19%$Mage Armor$Strength Requirement 25$Durability 255 / 255$* Requires The "Stygian Abyss" Expansion$Legendary Artifact$ 
DOMLUTD,PFJLUTD,Mystic Studded Tunic Of Restoration,Chest,Mystic Studded Tunic Of Restoration$Insured$Weight: 8 Stones$Brittle$Fire Eater 12%$Intelligence Bonus 4$Mana Increase 6$Hit Point Regeneration 2$Stamina Regeneration 4$Mana Regeneration 4$Lower Mana Cost 8%$Physical Resist 17%$Fire Resist 19%$Cold Resist 3%$Poison Resist 18%$Energy Resist 19%$Mage Armor$Strength Requirement 35$Durability 255 / 255$* Requires The "Stygian Abyss" Expansion$Legendary Artifact$ 
EOMLUTD,PFJLUTD,Arcane Tiger Pelt Skirt Of Vitality,Legs,Arcane Tiger Pelt Skirt Of Vitality$Insured$Weight: 1 Stone$Brittle$Cold Eater 15%$Casting Focus 2%$Strength Bonus 4$Intelligence Bonus 4$Mana Increase 2$Hit Point Regeneration 3$Mana Regeneration 3$Lower Mana Cost 8%$Lower Reagent Cost 5%$Physical Resist 18%$Fire Resist 19%$Cold Resist 18%$Poison Resist 18%$Energy Resist 18%$Strength Requirement 25$Durability 255 / 255$* Requires The "Stygian Abyss" Expansion$Legendary Artifact$* Requires The "Time Of Legends" Expansion$ 
JOMLUTD,PFJLUTD,Arcane Gargish Stone Chest Of Restoration,Chest,Arcane Gargish Stone Chest Of Restoration$Insured$Weight: 15 Stones$Gargoyles Only$Brittle$Cold Eater 12%$Casting Focus 2%$Intelligence Bonus 4$Hit Point Regeneration 3$Stamina Regeneration 1$Mana Regeneration 4$Lower Mana Cost 10%$Lower Reagent Cost 5%$Physical Resist 21%$Fire Resist 21%$Cold Resist 19%$Poison Resist 23%$Energy Resist 6%$Mage Armor$Strength Requirement 40$Durability 255 / 255$* Requires The "Stygian Abyss" Expansion$Legendary Artifact$ 
IOMLUTD,KFJLUTD,Arcane Leather Gorget Of Haste,Gorget,Arcane Leather Gorget Of Haste$Insured$Weight: 1 Stone$Brittle$Casting Focus 1%$Dexterity Bonus 5$Intelligence Bonus 5$Stamina Increase 8$Mana Increase 4$Stamina Regeneration 3$Mana Regeneration 1$Lower Mana Cost 8%$Lower Reagent Cost 5%$Physical Resist 17%$Fire Resist 19%$Cold Resist 18%$Poison Resist 18%$Energy Resist 18%$Strength Requirement 20$Durability 255 / 255$* Requires The "Stygian Abyss" Expansion$Legendary Artifact$ 
XNMLUTD,PFJLUTD,Arcane Tiger Pelt Skirt Of Restoration,Legs,Arcane Tiger Pelt Skirt Of Restoration$Insured$Weight: 1 Stone$Brittle$Poison Eater 12%$Casting Focus 1%$Intelligence Bonus 3$Mana Increase 8$Hit Point Regeneration 3$Stamina Regeneration 1$Mana Regeneration 4$Lower Mana Cost 10%$Physical Resist 18%$Fire Resist 19%$Cold Resist 18%$Poison Resist 18%$Energy Resist 18%$Strength Requirement 25$Durability 255 / 255$* Requires The "Stygian Abyss" Expansion$Legendary Artifact$* Requires The "Time Of Legends" Expansion$ 
YNMLUTD,KFJLUTD,Mystic Ringmail Gloves Of Haste,Gloves,Mystic Ringmail Gloves Of Haste$Insured$Weight: 2 Stones$Brittle$Dexterity Bonus 4$Stamina Increase 8$Mana Increase 10$Stamina Regeneration 3$Mana Regeneration 3$Lower Mana Cost 8%$Physical Resist 18%$Fire Resist 18%$Cold Resist 16%$Poison Resist 20%$Energy Resist 18%$Mage Armor$Strength Requirement 40$Durability 255 / 255$Legendary Artifact$ 
VNMLUTD,KFJLUTD,Arcane Gargish Platemail Chest Of Haste,Chest,Arcane Gargish Platemail Chest Of Haste$Insured$Weight: 10 Stones$Gargoyles Only$Brittle$Casting Focus 1%$Dexterity Bonus 5$Intelligence Bonus 4$Stamina Increase 8$Mana Increase 4$Stamina Regeneration 2$Mana Regeneration 1$Lower Mana Cost 10%$Physical Resist 23%$Fire Resist 6%$Cold Resist 20%$Poison Resist 21%$Energy Resist 20%$Mage Armor$Strength Requirement 95$Durability 255 / 255$* Requires The "Stygian Abyss" Expansion$Legendary Artifact$ 
WNMLUTD,PFJLUTD,Invigorating Tiger Pelt Bustier Of Wizardry,Chest,Invigorating Tiger Pelt Bustier Of Wizardry$Insured$Weight: 6 Stones$Cold Eater 12%$Casting Focus 2%$Hit Point Regeneration 1$Stamina Regeneration 1$Mana Regeneration 3$Lower Mana Cost 8%$Physical Resist 8%$Fire Resist 19%$Cold Resist 18%$Poison Resist 18%$Energy Resist 18%$Strength Requirement 25$Durability 31 / 31$* Requires The "Stygian Abyss" Expansion$Greater Artifact$* Requires The "Time Of Legends" Expansion$ 
BOMLUTD,KFJLUTD,Mystic Bone Gloves Of Haste,Gloves,Mystic Bone Gloves Of Haste$Insured$Weight: 1 Stone$Brittle$Dexterity Bonus 3$Intelligence Bonus 5$Stamina Increase 8$Mana Increase 4$Stamina Regeneration 4$Mana Regeneration 1$Lower Mana Cost 8%$Physical Resist 18%$Fire Resist 18%$Cold Resist 19%$Poison Resist 17%$Energy Resist 4%$Mage Armor$Strength Requirement 55$Durability 255 / 255$Legendary Artifact$ 
RNMLUTD,KFJLUTD,Arcane Tiger Pelt Leggings Of Haste,Legs,Arcane Tiger Pelt Leggings Of Haste$Insured$Weight: 4 Stones$Brittle$Dexterity Bonus 5$Intelligence Bonus 4$Stamina Increase 8$Mana Increase 6$Stamina Regeneration 1$Mana Regeneration 1$Lower Mana Cost 8%$Lower Reagent Cost 5%$Physical Resist 18%$Fire Resist 19%$Cold Resist 18%$Poison Resist 18%$Energy Resist 18%$Strength Requirement 25$Durability 255 / 255$Legendary Artifact$* Requires The "Time Of Legends" Expansion$ 
SQMLUTD,PFJLUTD,Mystic Studded Gorget Of Vitality,Gorget,Mystic Studded Gorget Of Vitality$Insured$Weight: 1 Stone$Brittle$Kinetic Eater 15%$Strength Bonus 4$Intelligence Bonus 2$Mana Increase 4$Hit Point Regeneration 3$Mana Regeneration 4$Lower Mana Cost 8%$Physical Resist 17%$Fire Resist 19%$Cold Resist 18%$Poison Resist 18%$Energy Resist 19%$Mage Armor$Strength Requirement 25$Durability 255 / 255$* Requires The "Stygian Abyss" Expansion$Legendary Artifact$ 
PQMLUTD,PFJLUTD,Arcane Gargish Cloth Arms Of Vitality,Arms,Arcane Gargish Cloth Arms Of Vitality$Insured$Weight: 2 Stones$Gargoyles Only$Brittle$Fire Eater 15%$Casting Focus 2%$Intelligence Bonus 4$Hit Point Increase 7$Mana Increase 8$Hit Point Regeneration 1$Mana Regeneration 1$Lower Mana Cost 6%$Lower Reagent Cost 5%$Physical Resist 20%$Fire Resist 22%$Cold Resist 21%$Poison Resist 21%$Energy Resist 21%$Strength Requirement 20$Durability 255 / 255$* Requires The "Stygian Abyss" Expansion$Legendary Artifact$ 
QQMLUTD,PFJLUTD,Mystic Close Helm Of Restoration,Helm,Mystic Close Helm Of Restoration$Insured$Weight: 5 Stones$Brittle$Energy Eater 12%$Intelligence Bonus 4$Mana Increase 2$Hit Point Regeneration 3$Stamina Regeneration 3$Mana Regeneration 4$Lower Mana Cost 10%$Physical Resist 18%$Fire Resist 18%$Cold Resist 18%$Poison Resist 18%$Energy Resist 3%$Mage Armor$Strength Requirement 55$Durability 255 / 255$* Requires The "Stygian Abyss" Expansion$Legendary Artifact$ 
VQMLUTD,KFJLUTD,Arcane Floppy Hat Of Haste,Helm,Arcane Floppy Hat Of Haste$Insured$Weight: 1 Stone$Brittle$Casting Focus 1%$Dexterity Bonus 5$Stamina Increase 8$Mana Increase 8$Stamina Regeneration 3$Mana Regeneration 2$Lower Mana Cost 8%$Lower Reagent Cost 20%$Physical Resist 15%$Fire Resist 20%$Cold Resist 24%$Poison Resist 20%$Energy Resist 20%$Strength Requirement 10$Durability 255 / 255$* Requires The "Stygian Abyss" Expansion$Legendary Artifact$ 
TQMLUTD,KFJLUTD,Arcane Leather Shorts Of Haste,Legs,Arcane Leather Shorts Of Haste$Insured$Weight: 3 Stones$Brittle$Casting Focus 1%$Dexterity Bonus 5$Intelligence Bonus 4$Stamina Increase 8$Mana Increase 4$Stamina Regeneration 1$Mana Regeneration 1$Lower Mana Cost 8%$Physical Resist 17%$Fire Resist 19%$Cold Resist 18%$Poison Resist 18%$Energy Resist 18%$Strength Requirement 20$Durability 255 / 255$* Requires The "Stygian Abyss" Expansion$Legendary Artifact$ 
UQMLUTD,PFJLUTD,Mystic Helmet Of Restoration,Helm,Mystic Helmet Of Restoration$Insured$Weight: 5 Stones$Brittle$Fire Eater 15%$Intelligence Bonus 5$Mana Increase 2$Hit Point Regeneration 3$Stamina Regeneration 1$Mana Regeneration 3$Lower Mana Cost 8%$Physical Resist 17%$Fire Resist 19%$Cold Resist 19%$Poison Resist 18%$Energy Resist 17%$Mage Armor$Strength Requirement 45$Durability 255 / 255$* Requires The "Stygian Abyss" Expansion$Legendary Artifact$ 
JQMLUTD,PFJLUTD,Arcane Gargish Leather Kilt Of Restoration,Kilt,Arcane Gargish Leather Kilt Of Restoration$Insured$Weight: 5 Stones$Gargoyles Only$Brittle$Kinetic Eater 15%$Casting Focus 1%$Intelligence Bonus 2$Mana Increase 10$Hit Point Regeneration 3$Mana Regeneration 3$Lower Mana Cost 10%$Physical Resist 20%$Fire Resist 21%$Cold Resist 22%$Poison Resist 21%$Energy Resist 21%$Strength Requirement 25$Durability 255 / 255$* Requires The "Stygian Abyss" Expansion$Legendary Artifact$ 
KQMLUTD,KFJLUTD,Mystic Bone Leggings Of Haste,Legs,Mystic Bone Leggings Of Haste$Insured$Weight: 3 Stones$Brittle$Dexterity Bonus 5$Intelligence Bonus 3$Stamina Increase 8$Mana Increase 10$Stamina Regeneration 2$Mana Regeneration 3$Lower Mana Cost 2%$Physical Resist 18%$Fire Resist 18%$Cold Resist 19%$Poison Resist 17%$Energy Resist 19%$Mage Armor$Strength Requirement 55$Durability 255 / 255$Legendary Artifact$ 
HQMLUTD,PFJLUTD,Arcane Platemail Gorget Of Restoration,Gorget,Arcane Platemail Gorget Of Restoration$Insured$Weight: 2 Stones$Brittle$Damage Eater 12%$Casting Focus 1%$Mana Increase 2$Hit Point Regeneration 4$Stamina Regeneration 3$Mana Regeneration 4$Lower Mana Cost 10%$Physical Resist 20%$Fire Resist 18%$Cold Resist 17%$Poison Resist 18%$Energy Resist 17%$Mage Armor$Strength Requirement 45$Durability 255 / 255$* Requires The "Stygian Abyss" Expansion$Legendary Artifact$ 
NQMLUTD,KFJLUTD,Mystic Platemail Tunic Of Haste,Chest,Mystic Platemail Tunic Of Haste$Insured$Weight: 10 Stones$Brittle$Dexterity Bonus 4$Intelligence Bonus 4$Stamina Increase 8$Mana Increase 8$Stamina Regeneration 3$Mana Regeneration 2$Lower Mana Cost 8%$Physical Resist 20%$Fire Resist 18%$Cold Resist 17%$Poison Resist 18%$Energy Resist 17%$Mage Armor$Strength Requirement 95$Durability 255 / 255$Legendary Artifact$ 
OQMLUTD,PFJLUTD,Mystic Ringmail Gloves Of Restoration,Gloves,Mystic Ringmail Gloves Of Restoration$Insured$Weight: 2 Stones$Brittle$Energy Eater 12%$Intelligence Bonus 3$Mana Increase 2$Hit Point Regeneration 3$Stamina Regeneration 3$Mana Regeneration 4$Lower Mana Cost 8%$Physical Resist 18%$Fire Resist 18%$Cold Resist 16%$Poison Resist 5%$Energy Resist 18%$Mage Armor$Strength Requirement 40$Durability 255 / 255$* Requires The "Stygian Abyss" Expansion$Legendary Artifact$ 
LQMLUTD,PFJLUTD,Mystic Bone Helmet Of Vitality,Helm,Mystic Bone Helmet Of Vitality$Insured$Weight: 3 Stones$Brittle$Energy Eater 12%$Intelligence Bonus 2$Hit Point Increase 5$Mana Increase 8$Hit Point Regeneration 4$Mana Regeneration 3$Lower Mana Cost 10%$Physical Resist 3%$Fire Resist 18%$Cold Resist 19%$Poison Resist 17%$Energy Resist 19%$Mage Armor$Strength Requirement 20$Durability 255 / 255$* Requires The "Stygian Abyss" Expansion$Legendary Artifact$ 
MQMLUTD,PFJLUTD,Mystic Ringmail Leggings Of Vitality,Legs,Mystic Ringmail Leggings Of Vitality$Insured$Weight: 15 Stones$Brittle$Fire Eater 15%$Strength Bonus 4$Intelligence Bonus 4$Mana Increase 2$Hit Point Regeneration 3$Mana Regeneration 4$Lower Mana Cost 6%$Physical Resist 18%$Fire Resist 18%$Cold Resist 16%$Poison Resist 20%$Energy Resist 18%$Mage Armor$Strength Requirement 40$Durability 255 / 255$* Requires The "Stygian Abyss" Expansion$Legendary Artifact$ 
BQMLUTD,PFJLUTD,Mystic Gargish Platemail Leggings Of Vitality,Legs,Mystic Gargish Platemail Leggings Of Vitality$Insured$Weight: 7 Stones$Gargoyles Only$Brittle$Fire Eater 12%$Strength Bonus 4$Intelligence Bonus 5$Mana Increase 2$Hit Point Regeneration 3$Mana Regeneration 3$Lower Mana Cost 6%$Physical Resist 23%$Fire Resist 21%$Cold Resist 20%$Poison Resist 21%$Energy Resist 20%$Mage Armor$Strength Requirement 90$Durability 255 / 255$* Requires The "Stygian Abyss" Expansion$Legendary Artifact$ 
CQMLUTD,KFJLUTD,Arcane Tiger Pelt Helm Of Haste,Helm,Arcane Tiger Pelt Helm Of Haste$Insured$Weight: 4 Stones$Brittle$Casting Focus 1%$Dexterity Bonus 3$Stamina Increase 10$Mana Increase 10$Stamina Regeneration 3$Mana Regeneration 1$Lower Mana Cost 8%$Lower Reagent Cost 10%$Physical Resist 18%$Fire Resist 19%$Cold Resist 18%$Poison Resist 18%$Energy Resist 18%$Strength Requirement 25$Durability 255 / 255$* Requires The "Stygian Abyss" Expansion$Legendary Artifact$* Requires The "Time Of Legends" Expansion$ 
ZPMLUTD,KFJLUTD,Arcane Tiger Pelt Shorts Of Haste,Legs,Arcane Tiger Pelt Shorts Of Haste$Insured$Weight: 3 Stones$Brittle$Dexterity Bonus 4$Intelligence Bonus 4$Stamina Increase 8$Mana Increase 8$Stamina Regeneration 3$Mana Regeneration 1$Lower Mana Cost 8%$Lower Reagent Cost 10%$Physical Resist 18%$Fire Resist 19%$Cold Resist 18%$Poison Resist 18%$Energy Resist 18%$Strength Requirement 25$Durability 255 / 255$Legendary Artifact$* Requires The "Time Of Legends" Expansion$ 
AQMLUTD,KFJLUTD,Arcane Gargish Leather Leggings Of Haste,Legs,Arcane Gargish Leather Leggings Of Haste$Insured$Weight: 5 Stones$Gargoyles Only$Brittle$Casting Focus 2%$Dexterity Bonus 4$Intelligence Bonus 2$Stamina Increase 10$Mana Increase 10$Stamina Regeneration 3$Mana Regeneration 1$Lower Mana Cost 2%$Lower Reagent Cost 15%$Physical Resist 20%$Fire Resist 21%$Cold Resist 22%$Poison Resist 21%$Energy Resist 21%$Strength Requirement 20$Durability 255 / 255$* Requires The "Stygian Abyss" Expansion$Legendary Artifact$ 
FQMLUTD,PFJLUTD,Mystic Bone Leggings Of Restoration,Legs,Mystic Bone Leggings Of Restoration$Insured$Weight: 3 Stones$Brittle$Kinetic Eater 12%$Intelligence Bonus 2$Mana Increase 2$Hit Point Regeneration 3$Stamina Regeneration 4$Mana Regeneration 4$Lower Mana Cost 10%$Physical Resist 18%$Fire Resist 18%$Cold Resist 4%$Poison Resist 17%$Energy Resist 19%$Mage Armor$Strength Requirement 55$Durability 255 / 255$* Requires The "Stygian Abyss" Expansion$Legendary Artifact$ 
GQMLUTD,KFJLUTD,Mystic Gargish Stone Kilt Of Haste,Kilt,Mystic Gargish Stone Kilt Of Haste$Insured$Weight: 10 Stones$Gargoyles Only$Brittle$Dexterity Bonus 5$Intelligence Bonus 4$Stamina Increase 8$Mana Increase 8$Stamina Regeneration 1$Mana Regeneration 1$Lower Mana Cost 8%$Physical Resist 21%$Fire Resist 21%$Cold Resist 19%$Poison Resist 23%$Energy Resist 21%$Mage Armor$Strength Requirement 40$Durability 255 / 255$Legendary Artifact$ 
DQMLUTD,KFJLUTD,Arcane Platemail Gloves Of Haste,Gloves,Arcane Platemail Gloves Of Haste$Insured$Weight: 2 Stones$Brittle$Dexterity Bonus 5$Stamina Increase 8$Mana Increase 8$Stamina Regeneration 1$Mana Regeneration 1$Lower Mana Cost 8%$Lower Reagent Cost 20%$Physical Resist 20%$Fire Resist 18%$Cold Resist 17%$Poison Resist 18%$Energy Resist 17%$Mage Armor$Strength Requirement 70$Durability 255 / 255$Legendary Artifact$ 
GPMLUTD,KFJLUTD,Mystic Bone Gloves Of Haste,Gloves,Mystic Bone Gloves Of Haste$Insured$Weight: 1 Stone$Brittle$Dexterity Bonus 4$Intelligence Bonus 2$Stamina Increase 10$Mana Increase 8$Stamina Regeneration 2$Mana Regeneration 3$Lower Mana Cost 8%$Physical Resist 18%$Fire Resist 18%$Cold Resist 19%$Poison Resist 17%$Energy Resist 19%$Mage Armor$Strength Requirement 55$Durability 255 / 255$Legendary Artifact$ 
VOMLUTD,KFJLUTD,Arcane Wide-Brim Hat Of Haste,Helm,Arcane Wide-Brim Hat Of Haste$Insured$Weight: 1 Stone$Brittle$Casting Focus 2%$Dexterity Bonus 3$Intelligence Bonus 5$Stamina Increase 10$Mana Increase 2$Stamina Regeneration 3$Mana Regeneration 1$Lower Mana Cost 4%$Physical Resist 15%$Fire Resist 20%$Cold Resist 24%$Poison Resist 20%$Energy Resist 20%$Strength Requirement 10$Durability 255 / 255$* Requires The "Stygian Abyss" Expansion$Legendary Artifact$ 
WOMLUTD,KFJLUTD,Mystic Gargish Stone Leggings Of Haste,Legs,Mystic Gargish Stone Leggings Of Haste$Insured$Weight: 15 Stones$Gargoyles Only$Brittle$Dexterity Bonus 4$Stamina Increase 8$Mana Increase 8$Stamina Regeneration 3$Mana Regeneration 4$Lower Mana Cost 8%$Physical Resist 21%$Fire Resist 21%$Cold Resist 19%$Poison Resist 8%$Energy Resist 21%$Mage Armor$Strength Requirement 40$Durability 255 / 255$Legendary Artifact$ 
TOMLUTD,KFJLUTD,Arcane Orc Mask Of Haste,Helm,Arcane Orc Mask Of Haste$Insured$Weight: 4 Stones$Brittle$Casting Focus 2%$Dexterity Bonus 4$Stamina Increase 8$Mana Increase 8$Stamina Regeneration 3$Mana Regeneration 1$Lower Mana Cost 8%$Lower Reagent Cost 5%$Physical Resist 16%$Fire Resist 16%$Cold Resist 22%$Poison Resist 22%$Energy Resist 23%$Strength Requirement 10$Durability 255 / 255$* Requires The "Stygian Abyss" Expansion$Legendary Artifact$ 
UOMLUTD,KFJLUTD,Arcane Tiger Pelt Long Skirt Of Haste,Legs,Arcane Tiger Pelt Long Skirt Of Haste$Insured$Weight: 1 Stone$Brittle$Casting Focus 1%$Dexterity Bonus 4$Intelligence Bonus 4$Stamina Increase 10$Mana Increase 4$Stamina Regeneration 2$Mana Regeneration 1$Lower Reagent Cost 25%$Physical Resist 18%$Fire Resist 19%$Cold Resist 18%$Poison Resist 18%$Energy Resist 18%$Strength Requirement 25$Durability 255 / 255$* Requires The "Stygian Abyss" Expansion$Legendary Artifact$* Requires The "Time Of Legends" Expansion$ 
ZOMLUTD,KFJLUTD,Arcane Tiger Pelt Shorts Of Haste,Legs,Arcane Tiger Pelt Shorts Of Haste$Insured$Weight: 3 Stones$Brittle$Casting Focus 1%$Dexterity Bonus 5$Stamina Increase 8$Mana Increase 6$Stamina Regeneration 1$Mana Regeneration 1$Lower Mana Cost 8%$Lower Reagent Cost 20%$Physical Resist 18%$Fire Resist 19%$Cold Resist 18%$Poison Resist 18%$Energy Resist 18%$Strength Requirement 25$Durability 255 / 255$* Requires The "Stygian Abyss" Expansion$Legendary Artifact$* Requires The "Time Of Legends" Expansion$ 
APMLUTD,PFJLUTD,Arcane Gargish Cloth Arms Of Restoration,Arms,Arcane Gargish Cloth Arms Of Restoration$Insured$Weight: 2 Stones$Gargoyles Only$Brittle$Fire Eater 12%$Casting Focus 1%$Intelligence Bonus 4$Mana Increase 4$Hit Point Regeneration 3$Stamina Regeneration 1$Mana Regeneration 4$Lower Mana Cost 10%$Lower Reagent Cost 5%$Physical Resist 20%$Fire Resist 22%$Cold Resist 21%$Poison Resist 21%$Energy Resist 21%$Strength Requirement 20$Durability 255 / 255$* Requires The "Stygian Abyss" Expansion$Legendary Artifact$ 
XOMLUTD,KFJLUTD,Arcane Leather Shorts Of Haste,Legs,Arcane Leather Shorts Of Haste$Insured$Weight: 3 Stones$Brittle$Dexterity Bonus 5$Intelligence Bonus 2$Stamina Increase 8$Mana Increase 10$Stamina Regeneration 3$Mana Regeneration 1$Lower Mana Cost 8%$Lower Reagent Cost 15%$Physical Resist 17%$Fire Resist 19%$Cold Resist 18%$Poison Resist 18%$Energy Resist 18%$Strength Requirement 20$Durability 255 / 255$Legendary Artifact$ 
YOMLUTD,KFJLUTD,Mystic Studded Gorget Of Haste,Gorget,Mystic Studded Gorget Of Haste$Insured$Weight: 1 Stone$Brittle$Dexterity Bonus 5$Intelligence Bonus 2$Stamina Increase 8$Mana Increase 8$Mana Regeneration 3$Lower Mana Cost 8%$Physical Resist 17%$Fire Resist 19%$Cold Resist 18%$Poison Resist 18%$Energy Resist 4%$Mage Armor$Strength Requirement 25$Durability 255 / 255$Major Artifact$ 
PJMLUTD,KFJLUTD,Mystic Gargish Platemail Kilt Of Haste,Kilt,Mystic Gargish Platemail Kilt Of Haste$Insured$Weight: 5 Stones$Gargoyles Only$Brittle$Dexterity Bonus 4$Intelligence Bonus 4$Stamina Increase 8$Mana Increase 4$Stamina Regeneration 3$Mana Regeneration 1$Lower Mana Cost 10%$Physical Resist 23%$Fire Resist 21%$Cold Resist 20%$Poison Resist 21%$Energy Resist 20%$Mage Armor$Strength Requirement 80$Durability 255 / 255$Legendary Artifact$ 
QJMLUTD,PFJLUTD,Arcane Leather Shorts Of Restoration,Legs,Arcane Leather Shorts Of Restoration$Insured$Weight: 3 Stones$Brittle$Energy Eater 15%$Casting Focus 2%$Mana Increase 8$Hit Point Regeneration 2$Stamina Regeneration 1$Mana Regeneration 4$Lower Mana Cost 10%$Lower Reagent Cost 5%$Physical Resist 17%$Fire Resist 19%$Cold Resist 18%$Poison Resist 18%$Energy Resist 18%$Strength Requirement 20$Durability 255 / 255$* Requires The "Stygian Abyss" Expansion$Legendary Artifact$ 
NJMLUTD,PFJLUTD,Arcane Gargish Leather Kilt Of Restoration,Kilt,Arcane Gargish Leather Kilt Of Restoration$Insured$Weight: 5 Stones$Gargoyles Only$Brittle$Poison Eater 15%$Casting Focus 1%$Intelligence Bonus 4$Hit Point Regeneration 2$Stamina Regeneration 1$Mana Regeneration 4$Lower Mana Cost 10%$Lower Reagent Cost 5%$Physical Resist 20%$Fire Resist 21%$Cold Resist 22%$Poison Resist 21%$Energy Resist 21%$Strength Requirement 25$Durability 255 / 255$* Requires The "Stygian Abyss" Expansion$Legendary Artifact$ 
TJMLUTD,PFJLUTD,Mystic Studded Tunic Of Restoration,Chest,Mystic Studded Tunic Of Restoration$Insured$Weight: 8 Stones$Brittle$Poison Eater 12%$Intelligence Bonus 4$Mana Increase 8$Hit Point Regeneration 3$Stamina Regeneration 3$Mana Regeneration 3$Lower Mana Cost 8%$Physical Resist 17%$Fire Resist 19%$Cold Resist 18%$Poison Resist 18%$Energy Resist 19%$Mage Armor$Strength Requirement 35$Durability 255 / 255$* Requires The "Stygian Abyss" Expansion$Legendary Artifact$ 
UJMLUTD,KFJLUTD,Arcane Platemail Arms Of Haste,Arms,Arcane Platemail Arms Of Haste$Insured$Weight: 5 Stones$Brittle$Casting Focus 1%$Dexterity Bonus 4$Stamina Increase 8$Mana Increase 6$Stamina Regeneration 3$Mana Regeneration 1$Lower Mana Cost 8%$Lower Reagent Cost 25%$Physical Resist 20%$Fire Resist 18%$Cold Resist 17%$Poison Resist 18%$Energy Resist 17%$Strength Requirement 80$Durability 255 / 255$* Requires The "Stygian Abyss" Expansion$Legendary Artifact$ 
RJMLUTD,KFJLUTD,Arcane Gargish Leather Chest Of Haste,Chest,Arcane Gargish Leather Chest Of Haste$Insured$Weight: 8 Stones$Gargoyles Only$Brittle$Dexterity Bonus 5$Intelligence Bonus 4$Stamina Increase 8$Mana Increase 4$Stamina Regeneration 2$Mana Regeneration 1$Lower Mana Cost 10%$Lower Reagent Cost 5%$Physical Resist 20%$Fire Resist 21%$Cold Resist 22%$Poison Resist 21%$Energy Resist 21%$Strength Requirement 25$Durability 255 / 255$Legendary Artifact$ 
SJMLUTD,PFJLUTD,Arcane Tiger Pelt Chest Of Vitality,Chest,Arcane Tiger Pelt Chest Of Vitality$Insured$Weight: 6 Stones$Brittle$Damage Eater 15%$Casting Focus 2%$Intelligence Bonus 2$Hit Point Increase 5$Mana Increase 4$Hit Point Regeneration 3$Mana Regeneration 3$Lower Mana Cost 8%$Lower Reagent Cost 5%$Physical Resist 18%$Fire Resist 19%$Cold Resist 18%$Poison Resist 18%$Energy Resist 18%$Strength Requirement 25$Durability 255 / 255$* Requires The "Stygian Abyss" Expansion$Legendary Artifact$* Requires The "Time Of Legends" Expansion$ 
HJMLUTD,PFJLUTD,Arcane Platemail Tunic Of Restoration,Chest,Arcane Platemail Tunic Of Restoration$Insured$Weight: 10 Stones$Brittle$Poison Eater 15%$Intelligence Bonus 4$Hit Point Regeneration 3$Stamina Regeneration 3$Mana Regeneration 3$Lower Mana Cost 8%$Lower Reagent Cost 20%$Physical Resist 20%$Fire Resist 18%$Cold Resist 17%$Poison Resist 18%$Energy Resist 17%$Mage Armor$Strength Requirement 95$Durability 255 / 255$* Requires The "Stygian Abyss" Expansion$Legendary Artifact$ 
FJMLUTD,PFJLUTD,Arcane Gargish Leather Arms Of Restoration,Arms,Arcane Gargish Leather Arms Of Restoration$Insured$Weight: 4 Stones$Gargoyles Only$Brittle$Fire Eater 12%$Casting Focus 1%$Intelligence Bonus 2$Mana Increase 8$Hit Point Regeneration 4$Stamina Regeneration 1$Mana Regeneration 2$Lower Mana Cost 10%$Physical Resist 20%$Fire Resist 21%$Cold Resist 22%$Poison Resist 21%$Energy Resist 21%$Strength Requirement 25$Durability 255 / 255$* Requires The "Stygian Abyss" Expansion$Legendary Artifact$ 
GJMLUTD,KFJLUTD,Arcane Bone Arms Of Haste,Arms,Arcane Bone Arms Of Haste$Insured$Weight: 2 Stones$Brittle$Casting Focus 1%$Dexterity Bonus 4$Stamina Increase 10$Mana Increase 10$Stamina Regeneration 2$Mana Regeneration 1$Lower Mana Cost 8%$Lower Reagent Cost 10%$Physical Resist 18%$Fire Resist 3%$Cold Resist 19%$Poison Resist 17%$Energy Resist 19%$Mage Armor$Strength Requirement 55$Durability 255 / 255$* Requires The "Stygian Abyss" Expansion$Legendary Artifact$ 
MJMLUTD,KFJLUTD,Mystic Studded Leggings Of Haste,Legs,Mystic Studded Leggings Of Haste$Insured$Weight: 5 Stones$Brittle$Dexterity Bonus 5$Intelligence Bonus 4$Stamina Increase 8$Mana Increase 8$Stamina Regeneration 3$Mana Regeneration 2$Lower Mana Cost 8%$Physical Resist 17%$Fire Resist 19%$Cold Resist 18%$Poison Resist 18%$Energy Resist 19%$Mage Armor$Strength Requirement 30$Durability 255 / 255$Legendary Artifact$ 
JJMLUTD,PFJLUTD,Mystic Studded Gloves Of Restoration,Gloves,Mystic Studded Gloves Of Restoration$Insured$Weight: 1 Stone$Brittle$Cold Eater 15%$Intelligence Bonus 2$Mana Increase 10$Hit Point Regeneration 3$Stamina Regeneration 1$Mana Regeneration 4$Lower Mana Cost 10%$Physical Resist 17%$Fire Resist 19%$Cold Resist 3%$Poison Resist 18%$Energy Resist 19%$Mage Armor$Strength Requirement 25$Durability 255 / 255$* Requires The "Stygian Abyss" Expansion$Legendary Artifact$ 
ZIMLUTD,PFJLUTD,Arcane Studded Tunic Of Restoration,Chest,Arcane Studded Tunic Of Restoration$Insured$Weight: 8 Stones$Brittle$Kinetic Eater 15%$Casting Focus 2%$Intelligence Bonus 5$Mana Increase 2$Hit Point Regeneration 1$Stamina Regeneration 3$Mana Regeneration 4$Lower Mana Cost 8%$Physical Resist 17%$Fire Resist 19%$Cold Resist 18%$Poison Resist 3%$Energy Resist 19%$Mage Armor$Strength Requirement 35$Durability 255 / 255$* Requires The "Stygian Abyss" Expansion$Legendary Artifact$ 
AJMLUTD,KFJLUTD,Mystic Gargish Stone Kilt Of Haste,Kilt,Mystic Gargish Stone Kilt Of Haste$Insured$Weight: 10 Stones$Gargoyles Only$Brittle$Dexterity Bonus 4$Intelligence Bonus 2$Stamina Increase 8$Mana Increase 8$Stamina Regeneration 3$Mana Regeneration 1$Lower Mana Cost 10%$Physical Resist 21%$Fire Resist 21%$Cold Resist 19%$Poison Resist 23%$Energy Resist 21%$Mage Armor$Strength Requirement 40$Durability 255 / 255$Legendary Artifact$ 
LIMLUTD,KFJLUTD,Arcane Ringmail Gloves Of Vitality,Gloves,Arcane Ringmail Gloves Of Vitality$Insured$Weight: 2 Stones$Brittle$Strength Bonus 4$Intelligence Bonus 2$Hit Point Increase 5$Mana Increase 8$Hit Point Regeneration 3$Mana Regeneration 3$Lower Mana Cost 8%$Lower Reagent Cost 5%$Physical Resist 18%$Fire Resist 18%$Cold Resist 16%$Poison Resist 20%$Energy Resist 3%$Mage Armor$Strength Requirement 40$Durability 255 / 255$Legendary Artifact$ 
THMLUTD,KFJLUTD,Mystic Bone Leggings Of Haste,Legs,Mystic Bone Leggings Of Haste$Insured$Weight: 3 Stones$Brittle$Dexterity Bonus 4$Intelligence Bonus 4$Stamina Increase 10$Mana Increase 8$Stamina Regeneration 3$Mana Regeneration 2$Lower Mana Cost 8%$Physical Resist 18%$Fire Resist 18%$Cold Resist 19%$Poison Resist 17%$Energy Resist 19%$Mage Armor$Strength Requirement 55$Durability 255 / 255$Legendary Artifact$ 
RHMLUTD,KFJLUTD,Arcane Studded Tunic Of Haste,Chest,Arcane Studded Tunic Of Haste$Insured$Weight: 8 Stones$Brittle$Casting Focus 2%$Dexterity Bonus 4$Intelligence Bonus 4$Stamina Increase 10$Mana Increase 4$Stamina Regeneration 2$Lower Mana Cost 8%$Lower Reagent Cost 5%$Physical Resist 17%$Fire Resist 19%$Cold Resist 18%$Poison Resist 18%$Energy Resist 19%$Strength Requirement 35$Durability 255 / 255$* Requires The "Stygian Abyss" Expansion$Legendary Artifact$ 
SHMLUTD,PFJLUTD,Mystic Gargish Stone Chest Of Restoration,Chest,Mystic Gargish Stone Chest Of Restoration$Insured$Weight: 15 Stones$Gargoyles Only$Brittle$Poison Eater 12%$Intelligence Bonus 2$Mana Increase 2$Hit Point Regeneration 3$Stamina Regeneration 3$Mana Regeneration 4$Lower Mana Cost 10%$Physical Resist 21%$Fire Resist 21%$Cold Resist 19%$Poison Resist 23%$Energy Resist 21%$Mage Armor$Strength Requirement 40$Durability 255 / 255$* Requires The "Stygian Abyss" Expansion$Legendary Artifact$ 
XHMLUTD,PFJLUTD,Mystic Platemail Gloves Of Restoration,Gloves,Mystic Platemail Gloves Of Restoration$Insured$Weight: 2 Stones$Brittle$Kinetic Eater 15%$Intelligence Bonus 2$Mana Increase 8$Hit Point Regeneration 4$Stamina Regeneration 3$Mana Regeneration 4$Lower Mana Cost 6%$Physical Resist 20%$Fire Resist 18%$Cold Resist 17%$Poison Resist 3%$Energy Resist 17%$Mage Armor$Strength Requirement 70$Durability 255 / 255$* Requires The "Stygian Abyss" Expansion$Legendary Artifact$ 
YHMLUTD,KFJLUTD,Arcane Tribal Mask Of Haste,Helm,Arcane Tribal Mask Of Haste$Insured$Weight: 2 Stones$Brittle$Dexterity Bonus 5$Intelligence Bonus 4$Stamina Increase 8$Mana Increase 4$Stamina Regeneration 2$Mana Regeneration 1$Lower Mana Cost 10%$Lower Reagent Cost 5%$Physical Resist 21%$Fire Resist 24%$Cold Resist 15%$Poison Resist 19%$Energy Resist 20%$Strength Requirement 10$Durability 255 / 255$Legendary Artifact$ 
WHMLUTD,PFJLUTD,Mystic Chainmail Tunic Of Restoration,Chest,Mystic Chainmail Tunic Of Restoration$Insured$Weight: 7 Stones$Brittle$Damage Eater 12%$Intelligence Bonus 4$Mana Increase 8$Hit Point Regeneration 3$Stamina Regeneration 1$Mana Regeneration 4$Lower Mana Cost 10%$Physical Resist 19%$Fire Resist 19%$Cold Resist 19%$Poison Resist 16%$Energy Resist 17%$Mage Armor$Strength Requirement 60$Durability 255 / 255$* Requires The "Stygian Abyss" Expansion$Legendary Artifact$ 
LHMLUTD,KFJLUTD,Arcane Tiger Pelt Helm Of Haste,Helm,Arcane Tiger Pelt Helm Of Haste$Insured$Weight: 4 Stones$Brittle$Casting Focus 2%$Dexterity Bonus 5$Stamina Increase 8$Mana Increase 8$Stamina Regeneration 2$Mana Regeneration 1$Lower Mana Cost 8%$Lower Reagent Cost 10%$Physical Resist 18%$Fire Resist 19%$Cold Resist 18%$Poison Resist 18%$Energy Resist 18%$Strength Requirement 25$Durability 255 / 255$* Requires The "Stygian Abyss" Expansion$Legendary Artifact$* Requires The "Time Of Legends" Expansion$ 
MHMLUTD,PFJLUTD,Mystic Studded Leggings Of Vitality,Legs,Mystic Studded Leggings Of Vitality$Insured$Weight: 5 Stones$Brittle$Poison Eater 12%$Intelligence Bonus 4$Hit Point Increase 5$Mana Increase 8$Hit Point Regeneration 3$Mana Regeneration 1$Lower Mana Cost 8%$Physical Resist 17%$Fire Resist 19%$Cold Resist 18%$Poison Resist 18%$Energy Resist 19%$Mage Armor$Strength Requirement 30$Durability 255 / 255$* Requires The "Stygian Abyss" Expansion$Legendary Artifact$ 
JHMLUTD,KFJLUTD,Mystic Platemail Gloves Of Haste,Gloves,Mystic Platemail Gloves Of Haste$Insured$Weight: 2 Stones$Brittle$Dexterity Bonus 5$Intelligence Bonus 4$Stamina Increase 8$Mana Increase 10$Stamina Regeneration 2$Mana Regeneration 1$Lower Mana Cost 6%$Physical Resist 20%$Fire Resist 3%$Cold Resist 17%$Poison Resist 18%$Energy Resist 17%$Mage Armor$Strength Requirement 70$Durability 255 / 255$Legendary Artifact$ 
PHMLUTD,PFJLUTD,Arcane Helmet Of Restoration,Helm,Arcane Helmet Of Restoration$Insured$Weight: 5 Stones$Brittle$Energy Eater 12%$Casting Focus 2%$Intelligence Bonus 4$Mana Increase 8$Hit Point Regeneration 3$Stamina Regeneration 3$Mana Regeneration 4$Lower Mana Cost 8%$Lower Reagent Cost 5%$Physical Resist 17%$Fire Resist 19%$Cold Resist 4%$Poison Resist 18%$Energy Resist 17%$Mage Armor$Strength Requirement 45$Durability 255 / 255$* Requires The "Stygian Abyss" Expansion$Legendary Artifact$ 
LKMLUTD,PFJLUTD,Arcane Leather Gorget Of Vitality,Gorget,Arcane Leather Gorget Of Vitality$Insured$Weight: 1 Stone$Brittle$Cold Eater 12%$Casting Focus 1%$Intelligence Bonus 5$Hit Point Increase 7$Mana Increase 4$Hit Point Regeneration 2$Mana Regeneration 1$Lower Mana Cost 8%$Lower Reagent Cost 5%$Physical Resist 17%$Fire Resist 19%$Cold Resist 18%$Poison Resist 18%$Energy Resist 18%$Strength Requirement 20$Durability 255 / 255$* Requires The "Stygian Abyss" Expansion$Legendary Artifact$ 
ZJLLUTD,PFJLUTD,Arcane Studded Leggings Of Restoration,Legs,Arcane Studded Leggings Of Restoration$Insured$Weight: 5 Stones$Brittle$Poison Eater 12%$Casting Focus 2%$Intelligence Bonus 5$Mana Increase 4$Hit Point Regeneration 4$Stamina Regeneration 1$Mana Regeneration 4$Lower Mana Cost 8%$Lower Reagent Cost 5%$Physical Resist 17%$Fire Resist 19%$Cold Resist 18%$Poison Resist 18%$Energy Resist 4%$Mage Armor$Strength Requirement 30$Durability 255 / 255$* Requires The "Stygian Abyss" Expansion$Legendary Artifact$ 
EKLLUTD,KFJLUTD,Mystic Female Plate Of Haste,Chest,Mystic Female Plate Of Haste$Insured$Weight: 4 Stones$Brittle$Dexterity Bonus 5$Intelligence Bonus 4$Stamina Increase 8$Mana Increase 4$Stamina Regeneration 2$Mana Regeneration 3$Lower Mana Cost 8%$Physical Resist 20%$Fire Resist 18%$Cold Resist 17%$Poison Resist 18%$Energy Resist 17%$Mage Armor$Strength Requirement 95$Durability 255 / 255$Legendary Artifact$ 
CJLLUTD,KFJLUTD,Arcane Gargish Cloth Kilt Of Haste,Kilt,Arcane Gargish Cloth Kilt Of Haste$Insured$Weight: 2 Stones$Gargoyles Only$Brittle$Casting Focus 1%$Dexterity Bonus 4$Intelligence Bonus 4$Stamina Increase 10$Mana Increase 2$Mana Regeneration 2$Lower Mana Cost 8%$Physical Resist 20%$Fire Resist 22%$Cold Resist 21%$Poison Resist 21%$Energy Resist 21%$Strength Requirement 20$Durability 255 / 255$* Requires The "Stygian Abyss" Expansion$Legendary Artifact$ 
SLLLUTD,PFJLUTD,Arcane Gargish Platemail Arms Of Vitality,Arms,Arcane Gargish Platemail Arms Of Vitality$Insured$Weight: 5 Stones$Gargoyles Only$Brittle$Cold Eater 12%$Casting Focus 1%$Intelligence Bonus 4$Hit Point Increase 5$Mana Increase 8$Hit Point Regeneration 4$Mana Regeneration 1$Lower Mana Cost 10%$Physical Resist 23%$Fire Resist 21%$Cold Resist 20%$Poison Resist 21%$Energy Resist 20%$Mage Armor$Strength Requirement 80$Durability 255 / 255$* Requires The "Stygian Abyss" Expansion$Legendary Artifact$ 
CGLLUTD,PFJLUTD,Mystic Platemail Gorget Of Vitality,Gorget,Mystic Platemail Gorget Of Vitality$Insured$Weight: 2 Stones$Brittle$Fire Eater 12%$Strength Bonus 4$Intelligence Bonus 3$Mana Increase 10$Hit Point Regeneration 3$Mana Regeneration 1$Lower Mana Cost 8%$Physical Resist 20%$Fire Resist 18%$Cold Resist 17%$Poison Resist 18%$Energy Resist 17%$Mage Armor$Strength Requirement 45$Durability 255 / 255$* Requires The "Stygian Abyss" Expansion$Legendary Artifact$ 
BELLUTD,KFJLUTD,Mystic Bone Gloves Of Haste,Gloves,Mystic Bone Gloves Of Haste$Insured$Weight: 2 Stones$Brittle$Dexterity Bonus 4$Intelligence Bonus 3$Stamina Increase 10$Mana Increase 8$Stamina Regeneration 3$Mana Regeneration 4$Lower Mana Cost 2%$Physical Resist 18%$Fire Resist 18%$Cold Resist 19%$Poison Resist 17%$Energy Resist 19%$Mage Armor$Strength Requirement 55$Durability 255 / 255$Legendary Artifact$ 
YCLLUTD,PFJLUTD,Mystic Gargish Amulet Of Restoration,Necklace,Mystic Gargish Amulet Of Restoration$Insured$Weight: 1 Stone$Gargoyles Only$Brittle$Energy Eater 15%$Intelligence Bonus 5$Hit Point Regeneration 2$Stamina Regeneration 1$Mana Regeneration 4$Lower Mana Cost 10%$Physical Resist 16%$Fire Resist 17%$Cold Resist 17%$Poison Resist 17%$Energy Resist 18%$Mage Armor$Durability 255 / 255$* Requires The "Stygian Abyss" Expansion$Legendary Artifact$ 
JVKLUTD,PFJLUTD,Mystic Ringmail Sleeves Of Restoration,Arms,Mystic Ringmail Sleeves Of Restoration$Insured$Weight: 15 Stones$Brittle$Energy Eater 15%$Intelligence Bonus 2$Mana Increase 8$Hit Point Regeneration 3$Stamina Regeneration 2$Mana Regeneration 4$Lower Mana Cost 10%$Physical Resist 3%$Fire Resist 18%$Cold Resist 16%$Poison Resist 20%$Energy Resist 18%$Mage Armor$Strength Requirement 40$Durability 255 / 255$* Requires The "Stygian Abyss" Expansion$Legendary Artifact$ 
EVKLUTD,PFJLUTD,Arcane Studded Gloves Of Restoration,Gloves,Arcane Studded Gloves Of Restoration$Insured$Weight: 1 Stone$Brittle$Damage Eater 15%$Casting Focus 1%$Intelligence Bonus 5$Mana Increase 6$Hit Point Regeneration 4$Mana Regeneration 3$Lower Mana Cost 8%$Physical Resist 17%$Fire Resist 4%$Cold Resist 18%$Poison Resist 18%$Energy Resist 19%$Mage Armor$Strength Requirement 25$Durability 255 / 255$* Requires The "Stygian Abyss" Expansion$Legendary Artifact$ 
BVKLUTD,KFJLUTD,Mystic Ringmail Gloves Of Haste,Gloves,Mystic Ringmail Gloves Of Haste$Insured$Weight: 2 Stones$Brittle$Dexterity Bonus 4$Intelligence Bonus 5$Stamina Increase 8$Mana Increase 8$Stamina Regeneration 3$Mana Regeneration 1$Lower Mana Cost 6%$Physical Resist 18%$Fire Resist 18%$Cold Resist 16%$Poison Resist 20%$Energy Resist 18%$Mage Armor$Strength Requirement 40$Durability 255 / 255$Legendary Artifact$ 
CVKLUTD,PFJLUTD,Mystic Gargish Platemail Chest Of Restoration,Chest,Mystic Gargish Platemail Chest Of Restoration$Insured$Weight: 10 Stones$Gargoyles Only$Brittle$Poison Eater 15%$Intelligence Bonus 5$Mana Increase 2$Hit Point Regeneration 2$Stamina Regeneration 3$Mana Regeneration 4$Lower Mana Cost 6%$Physical Resist 23%$Fire Resist 21%$Cold Resist 20%$Poison Resist 21%$Energy Resist 20%$Mage Armor$Strength Requirement 95$Durability 255 / 255$* Requires The "Stygian Abyss" Expansion$Legendary Artifact$ 
FCJLUTD,PFJLUTD,Mystic Platemail Legs Of Restoration,Legs,Mystic Platemail Legs Of Restoration$Insured$Weight: 7 Stones$Brittle$Poison Eater 15%$Intelligence Bonus 2$Mana Increase 10$Hit Point Regeneration 3$Stamina Regeneration 3$Mana Regeneration 4$Lower Mana Cost 8%$Physical Resist 20%$Fire Resist 18%$Cold Resist 17%$Poison Resist 18%$Energy Resist 2%$Mage Armor$Strength Requirement 90$Durability 255 / 255$* Requires The "Stygian Abyss" Expansion$Legendary Artifact$ 
KGJLUTD,PFJLUTD,Arcane Ringmail Gloves Of Vitality,Gloves,Arcane Ringmail Gloves Of Vitality$Insured$Weight: 2 Stones$Brittle$Cold Eater 15%$Casting Focus 1%$Intelligence Bonus 4$Hit Point Increase 7$Mana Increase 2$Hit Point Regeneration 2$Mana Regeneration 3$Lower Mana Cost 10%$Lower Reagent Cost 5%$Physical Resist 18%$Fire Resist 18%$Cold Resist 16%$Poison Resist 5%$Energy Resist 18%$Mage Armor$Strength Requirement 40$Durability 255 / 255$* Requires The "Stygian Abyss" Expansion$Legendary Artifact$ 
HGJLUTD,PFJLUTD,Mystic Bone Helmet Of Vitality,Helm,Mystic Bone Helmet Of Vitality$Insured$Weight: 3 Stones$Brittle$Kinetic Eater 12%$Strength Bonus 4$Intelligence Bonus 4$Mana Increase 6$Hit Point Regeneration 4$Mana Regeneration 1$Lower Mana Cost 10%$Physical Resist 18%$Fire Resist 3%$Cold Resist 19%$Poison Resist 17%$Energy Resist 19%$Mage Armor$Strength Requirement 20$Durability 255 / 255$* Requires The "Stygian Abyss" Expansion$Legendary Artifact$ 
NGJLUTD,PFJLUTD,Arcane Ringmail Leggings Of Restoration,Legs,Arcane Ringmail Leggings Of Restoration$Insured$Weight: 15 Stones$Brittle$Damage Eater 12%$Casting Focus 1%$Intelligence Bonus 4$Mana Increase 6$Hit Point Regeneration 3$Stamina Regeneration 3$Mana Regeneration 4$Lower Mana Cost 8%$Lower Reagent Cost 5%$Physical Resist 18%$Fire Resist 18%$Cold Resist 16%$Poison Resist 5%$Energy Resist 18%$Mage Armor$Strength Requirement 40$Durability 255 / 255$* Requires The "Stygian Abyss" Expansion$Legendary Artifact$ 
OGJLUTD,KFJLUTD,Arcane Tiger Pelt Shorts Of Haste,Legs,Arcane Tiger Pelt Shorts Of Haste$Insured$Weight: 3 Stones$Brittle$Casting Focus 2%$Dexterity Bonus 5$Intelligence Bonus 2$Stamina Increase 8$Mana Increase 10$Stamina Regeneration 3$Lower Mana Cost 8%$Lower Reagent Cost 5%$Physical Resist 18%$Fire Resist 19%$Cold Resist 18%$Poison Resist 18%$Energy Resist 18%$Strength Requirement 25$Durability 255 / 255$* Requires The "Stygian Abyss" Expansion$Legendary Artifact$* Requires The "Time Of Legends" Expansion$ 
MGJLUTD,PFJLUTD,Arcane Leather Gorget Of Restoration,Gorget,Arcane Leather Gorget Of Restoration$Insured$Weight: 1 Stone$Brittle$Energy Eater 12%$Casting Focus 1%$Intelligence Bonus 5$Hit Point Regeneration 2$Stamina Regeneration 1$Mana Regeneration 4$Lower Mana Cost 6%$Lower Reagent Cost 5%$Physical Resist 17%$Fire Resist 19%$Cold Resist 18%$Poison Resist 18%$Energy Resist 18%$Strength Requirement 20$Durability 255 / 255$* Requires The "Stygian Abyss" Expansion$Legendary Artifact$ 
BGJLUTD,PFJLUTD,Arcane Leather Bustier Of Vitality,Chest,Arcane Leather Bustier Of Vitality$Insured$Weight: 1 Stone$Brittle$Fire Eater 12%$Casting Focus 1%$Intelligence Bonus 4$Hit Point Increase 5$Hit Point Regeneration 3$Mana Regeneration 3$Lower Mana Cost 6%$Lower Reagent Cost 5%$Physical Resist 17%$Fire Resist 19%$Cold Resist 18%$Poison Resist 18%$Energy Resist 18%$Strength Requirement 20$Durability 255 / 255$* Requires The "Stygian Abyss" Expansion$Legendary Artifact$ 
CGJLUTD,KFJLUTD,Mystic Ringmail Sleeves Of Haste,Arms,Mystic Ringmail Sleeves Of Haste$Insured$Weight: 10 Stones$Brittle$Dexterity Bonus 4$Intelligence Bonus 4$Stamina Increase 8$Mana Increase 8$Stamina Regeneration 3$Mana Regeneration 2$Lower Mana Cost 8%$Physical Resist 18%$Fire Resist 18%$Cold Resist 16%$Poison Resist 20%$Energy Resist 18%$Mage Armor$Strength Requirement 40$Durability 255 / 255$Legendary Artifact$ 
ZFJLUTD,KFJLUTD,Arcane Tiger Pelt Long Skirt Of Haste,Legs,Arcane Tiger Pelt Long Skirt Of Haste$Insured$Weight: 1 Stone$Brittle$Casting Focus 2%$Dexterity Bonus 4$Stamina Increase 8$Mana Increase 8$Stamina Regeneration 3$Mana Regeneration 1$Lower Mana Cost 8%$Lower Reagent Cost 5%$Physical Resist 18%$Fire Resist 19%$Cold Resist 18%$Poison Resist 18%$Energy Resist 18%$Strength Requirement 25$Durability 255 / 255$* Requires The "Stygian Abyss" Expansion$Legendary Artifact$* Requires The "Time Of Legends" Expansion$ 
FGJLUTD,PFJLUTD,Mystic Platemail Gloves Of Restoration,Gloves,Mystic Platemail Gloves Of Restoration$Insured$Weight: 2 Stones$Brittle$Kinetic Eater 15%$Mana Increase 10$Hit Point Regeneration 2$Stamina Regeneration 3$Mana Regeneration 4$Lower Mana Cost 8%$Physical Resist 20%$Fire Resist 18%$Cold Resist 17%$Poison Resist 18%$Energy Resist 17%$Mage Armor$Strength Requirement 70$Durability 255 / 255$* Requires The "Stygian Abyss" Expansion$Legendary Artifact$ 
DGJLUTD,PFJLUTD,Arcane Tiger Pelt Long Skirt Of Restoration,Legs,Arcane Tiger Pelt Long Skirt Of Restoration$Insured$Weight: 1 Stone$Brittle$Fire Eater 12%$Casting Focus 2%$Intelligence Bonus 2$Mana Increase 2$Hit Point Regeneration 3$Stamina Regeneration 4$Mana Regeneration 4$Lower Mana Cost 6%$Lower Reagent Cost 5%$Physical Resist 18%$Fire Resist 19%$Cold Resist 18%$Poison Resist 18%$Energy Resist 18%$Strength Requirement 25$Durability 255 / 255$* Requires The "Stygian Abyss" Expansion$Legendary Artifact$* Requires The "Time Of Legends" Expansion$ 
UFJLUTD,PFJLUTD,Arcane Leather Gorget Of Restoration,Gorget,Arcane Leather Gorget Of Restoration$Insured$Weight: 1 Stone$Brittle$Poison Eater 12%$Casting Focus 2%$Intelligence Bonus 1$Mana Increase 8$Hit Point Regeneration 4$Stamina Regeneration 3$Mana Regeneration 3$Lower Mana Cost 6%$Lower Reagent Cost 5%$Physical Resist 17%$Fire Resist 19%$Cold Resist 18%$Poison Resist 18%$Energy Resist 18%$Strength Requirement 20$Durability 255 / 255$* Requires The "Stygian Abyss" Expansion$Legendary Artifact$ 
RFJLUTD,PFJLUTD,Mystic Gargish Stone Kilt Of Restoration,Kilt,Mystic Gargish Stone Kilt Of Restoration$Insured$Weight: 10 Stones$Gargoyles Only$Brittle$Poison Eater 12%$Intelligence Bonus 2$Mana Increase 2$Hit Point Regeneration 3$Stamina Regeneration 3$Mana Regeneration 4$Lower Mana Cost 10%$Physical Resist 21%$Fire Resist 21%$Cold Resist 19%$Poison Resist 23%$Energy Resist 21%$Mage Armor$Strength Requirement 40$Durability 255 / 255$* Requires The "Stygian Abyss" Expansion$Legendary Artifact$ 
SFJLUTD,KFJLUTD,Arcane Skullcap Of Haste,Helm,Arcane Skullcap Of Haste$Insured$Weight: 1 Stone$Brittle$Dexterity Bonus 4$Intelligence Bonus 2$Stamina Increase 8$Mana Increase 4$Stamina Regeneration 3$Mana Regeneration 3$Lower Mana Cost 8%$Lower Reagent Cost 20%$Physical Resist 15%$Fire Resist 18%$Cold Resist 20%$Poison Resist 23%$Energy Resist 23%$Strength Requirement 10$Durability 255 / 255$Legendary Artifact$ 
YFJLUTD,KFJLUTD,Mystic Ringmail Leggings Of Haste,Legs,Mystic Ringmail Leggings Of Haste$Insured$Weight: 15 Stones$Brittle$Dexterity Bonus 4$Intelligence Bonus 3$Stamina Increase 8$Mana Increase 4$Stamina Regeneration 4$Mana Regeneration 4$Lower Mana Cost 8%$Physical Resist 18%$Fire Resist 18%$Cold Resist 1%$Poison Resist 20%$Energy Resist 18%$Mage Armor$Strength Requirement 40$Durability 255 / 255$Legendary Artifact$ 
VFJLUTD,KFJLUTD,Arcane Bone Leggings Of Haste,Legs,Arcane Bone Leggings Of Haste$Insured$Weight: 3 Stones$Brittle$Dexterity Bonus 5$Stamina Increase 8$Mana Increase 4$Stamina Regeneration 2$Mana Regeneration 3$Lower Mana Cost 10%$Lower Reagent Cost 10%$Physical Resist 18%$Fire Resist 18%$Cold Resist 19%$Poison Resist 17%$Energy Resist 19%$Mage Armor$Strength Requirement 55$Durability 255 / 255$Legendary Artifact$ 
WFJLUTD,PFJLUTD,Arcane Gargish Platemail Arms Of Restoration,Arms,Arcane Gargish Platemail Arms Of Restoration$Insured$Weight: 5 Stones$Gargoyles Only$Brittle$Poison Eater 15%$Casting Focus 2%$Intelligence Bonus 5$Mana Increase 4$Hit Point Regeneration 3$Stamina Regeneration 3$Mana Regeneration 3$Lower Mana Cost 8%$Lower Reagent Cost 5%$Physical Resist 23%$Fire Resist 21%$Cold Resist 20%$Poison Resist 21%$Energy Resist 20%$Strength Requirement 80$Durability 255 / 255$* Requires The "Stygian Abyss" Expansion$Legendary Artifact$ 
LFJLUTD,KFJLUTD,Arcane Gargish Earrings Of Haste,Earrings,Arcane Gargish Earrings Of Haste$Insured$Weight: 1 Stone$Gargoyles Only$Brittle$Casting Focus 3%$Dexterity Bonus 4$Intelligence Bonus 2$Stamina Increase 10$Mana Increase 4$Stamina Regeneration 3$Mana Regeneration 3$Lower Mana Cost 2%$Lower Reagent Cost 5%$Physical Resist 16%$Fire Resist 17%$Cold Resist 17%$Poison Resist 17%$Energy Resist 18%$Durability 255 / 255$* Requires The "Stygian Abyss" Expansion$Legendary Artifact$ 
MFJLUTD,KFJLUTD,Arcane Tiger Pelt Skirt Of Haste,Legs,Arcane Tiger Pelt Skirt Of Haste$Insured$Weight: 1 Stone$Brittle$Casting Focus 1%$Dexterity Bonus 4$Intelligence Bonus 4$Stamina Increase 8$Mana Increase 8$Stamina Regeneration 3$Mana Regeneration 1$Lower Mana Cost 8%$Lower Reagent Cost 5%$Physical Resist 18%$Fire Resist 19%$Cold Resist 18%$Poison Resist 18%$Energy Resist 18%$Strength Requirement 25$Durability 255 / 255$* Requires The "Stygian Abyss" Expansion$Legendary Artifact$* Requires The "Time Of Legends" Expansion$ 
JFJLUTD,KFJLUTD,Mystic Studded Bustier Of Haste,Chest,Mystic Studded Bustier Of Haste$Insured$Weight: 1 Stone$Brittle$Dexterity Bonus 5$Intelligence Bonus 4$Stamina Increase 10$Mana Increase 8$Stamina Regeneration 1$Mana Regeneration 3$Lower Mana Cost 4%$Physical Resist 17%$Fire Resist 19%$Cold Resist 18%$Poison Resist 18%$Energy Resist 4%$Mage Armor$Strength Requirement 35$Durability 255 / 255$Legendary Artifact$ 
