NNAWKRD,ODUVKRD,Arcane Leather Sleeves Of Haste,Arms,Arcane Leather Sleeves Of Haste$Insured$Weight: 2 Stones$Brittle$Casting Focus 2%$Dexterity Bonus 4$Intelligence Bonus 4$Stamina Increase 10$Mana Increase 8$Stamina Regeneration 2$Mana Regeneration 1$Lower Reagent Cost 5%$Physical Resist 17%$Fire Resist 19%$Cold Resist 18%$Poison Resist 18%$Energy Resist 18%$Strength Requirement 20$Durability 255 / 255$* Requires The "Stygian Abyss" Expansion$Legendary Artifact$ 
GIAWKRD,DDUVKRD,Arcane Platemail Legs Of Restoration,Legs,Arcane Platemail Legs Of Restoration$Insured$Weight: 7 Stones$Brittle$Poison Eater 15%$Intelligence Bonus 3$Mana Increase 2$Hit Point Regeneration 3$Stamina Regeneration 3$Mana Regeneration 4$Lower Mana Cost 6%$Lower Reagent Cost 20%$Physical Resist 20%$Fire Resist 18%$Cold Resist 17%$Poison Resist 18%$Energy Resist 17%$Mage Armor$Strength Requirement 90$Durability 255 / 255$* Requires The "Stygian Abyss" Expansion$Legendary Artifact$ 
NCAWKRD,DDUVKRD,Arcane Woodland Chest Of Restoration,Chest,Arcane Woodland Chest Of Restoration$Insured$Weight: 8 Stones$Elves Only$Brittle$Poison Eater 15%$Casting Focus 1%$Intelligence Bonus 2$Mana Increase 8$Hit Point Regeneration 3$Stamina Regeneration 3$Mana Regeneration 4$Lower Mana Cost 8%$Lower Reagent Cost 25%$Physical Resist 20%$Fire Resist 18%$Cold Resist 2%$Poison Resist 18%$Energy Resist 17%$Mage Armor$Strength Requirement 95$Durability 255 / 255$* Requires The "Stygian Abyss" Expansion$Legendary Artifact$ 
REAWKRD,FEUVKRD,Mystic Platemail Arms Of Haste,Arms,Mystic Platemail Arms Of Haste$Insured$Weight: 5 Stones$Brittle$Dexterity Bonus 4$Intelligence Bonus 3$Stamina Increase 8$Mana Increase 8$Stamina Regeneration 3$Mana Regeneration 3$Lower Mana Cost 8%$Physical Resist 20%$Fire Resist 18%$Cold Resist 17%$Poison Resist 3%$Energy Resist 17%$Mage Armor$Strength Requirement 80$Durability 255 / 255$Legendary Artifact$ 
KLZVKRD,FEUVKRD,Mystic Studded Gorget Of Haste,Gorget,Mystic Studded Gorget Of Haste$Insured$Weight: 1 Stone$Brittle$Dexterity Bonus 4$Stamina Increase 8$Mana Increase 10$Stamina Regeneration 3$Mana Regeneration 1$Lower Mana Cost 10%$Physical Resist 17%$Fire Resist 19%$Cold Resist 3%$Poison Resist 18%$Energy Resist 19%$Mage Armor$Strength Requirement 25$Durability 255 / 255$Legendary Artifact$ 
YKZVKRD,DDUVKRD,Arcane Woodland Chest Of Vitality,Chest,Arcane Woodland Chest Of Vitality$Insured$Weight: 8 Stones$Elves Only$Brittle$Kinetic Eater 12%$Casting Focus 1%$Hit Point Increase 5$Mana Increase 8$Hit Point Regeneration 3$Lower Mana Cost 8%$Lower Reagent Cost 20%$Physical Resist 20%$Fire Resist 18%$Cold Resist 17%$Poison Resist 18%$Energy Resist 17%$Mage Armor$Strength Requirement 95$Durability 255 / 255$* Requires The "Stygian Abyss" Expansion$Legendary Artifact$ 
DLZVKRD,ODUVKRD,Arcane Leather Sleeves Of Haste,Arms,Arcane Leather Sleeves Of Haste$Insured$Weight: 2 Stones$Brittle$Casting Focus 1%$Stamina Increase 10$Mana Increase 8$Stamina Regeneration 3$Mana Regeneration 1$Lower Mana Cost 8%$Lower Reagent Cost 10%$Physical Resist 17%$Fire Resist 19%$Cold Resist 18%$Poison Resist 18%$Energy Resist 18%$Strength Requirement 20$Durability 255 / 255$* Requires The "Stygian Abyss" Expansion$Legendary Artifact$ 
JDZVKRD,FEUVKRD,Arcane Leather Gorget Of Haste,Gorget,Arcane Leather Gorget Of Haste$Insured$Weight: 1 Stone$Brittle$Casting Focus 1%$Dexterity Bonus 2$Intelligence Bonus 4$Stamina Increase 8$Mana Increase 6$Stamina Regeneration 4$Mana Regeneration 1$Lower Mana Cost 8%$Physical Resist 17%$Fire Resist 19%$Cold Resist 18%$Poison Resist 18%$Energy Resist 18%$Strength Requirement 20$Durability 255 / 255$* Requires The "Stygian Abyss" Expansion$Legendary Artifact$ 
PZYVKRD,ODUVKRD,Arcane Leaf Gorget Of Haste,Gorget,Arcane Leaf Gorget Of Haste$Insured$Weight: 2 Stones$Elves Only$Brittle$Casting Focus 2%$Dexterity Bonus 5$Stamina Increase 10$Mana Increase 4$Stamina Regeneration 1$Mana Regeneration 4$Lower Reagent Cost 20%$Physical Resist 17%$Fire Resist 18%$Cold Resist 17%$Poison Resist 19%$Energy Resist 19%$Strength Requirement 10$Durability 255 / 255$* Requires The "Stygian Abyss" Expansion$Legendary Artifact$ 
FZYVKRD,DDUVKRD,Arcane Platemail Gloves Of Restoration,Gloves,Arcane Platemail Gloves Of Restoration$Insured$Weight: 2 Stones$Brittle$Poison Eater 15%$Intelligence Bonus 3$Mana Increase 2$Hit Point Regeneration 3$Stamina Regeneration 2$Mana Regeneration 4$Lower Mana Cost 8%$Lower Reagent Cost 20%$Physical Resist 20%$Fire Resist 3%$Cold Resist 17%$Poison Resist 18%$Energy Resist 17%$Mage Armor$Strength Requirement 70$Durability 255 / 255$* Requires The "Stygian Abyss" Expansion$Legendary Artifact$ 
OYYVKRD,DDUVKRD,Arcane Platemail Gorget Of Restoration,Gorget,Arcane Platemail Gorget Of Restoration$Insured$Weight: 2 Stones$Brittle$Cold Eater 15%$Intelligence Bonus 2$Mana Increase 2$Hit Point Regeneration 4$Stamina Regeneration 1$Mana Regeneration 4$Lower Mana Cost 8%$Lower Reagent Cost 25%$Physical Resist 20%$Fire Resist 18%$Cold Resist 17%$Poison Resist 18%$Energy Resist 17%$Mage Armor$Strength Requirement 45$Durability 255 / 255$* Requires The "Stygian Abyss" Expansion$Legendary Artifact$ 
SXYVKRD,DDUVKRD,Arcane Studded Sleeves Of Restoration,Arms,Arcane Studded Sleeves Of Restoration$Insured$Weight: 4 Stones$Brittle$Kinetic Eater 3%$Intelligence Bonus 4$Mana Increase 2$Hit Point Regeneration 4$Stamina Regeneration 3$Mana Regeneration 3$Lower Mana Cost 6%$Lower Reagent Cost 25%$Physical Resist 17%$Fire Resist 19%$Cold Resist 3%$Poison Resist 18%$Energy Resist 19%$Mage Armor$Strength Requirement 25$Durability 255 / 255$* Requires The "Stygian Abyss" Expansion$Legendary Artifact$ 
DUYVKRD,ODUVKRD,Arcane Leather Shorts Of Haste,Legs,Arcane Leather Shorts Of Haste$Insured$Weight: 3 Stones$Brittle$Casting Focus 3%$Dexterity Bonus 4$Intelligence Bonus 4$Stamina Increase 10$Mana Increase 2$Stamina Regeneration 3$Mana Regeneration 2$Lower Mana Cost 2%$Lower Reagent Cost 5%$Physical Resist 17%$Fire Resist 19%$Cold Resist 18%$Poison Resist 18%$Energy Resist 18%$Strength Requirement 20$Durability 255 / 255$* Requires The "Stygian Abyss" Expansion$Legendary Artifact$ 
LSYVKRD,DDUVKRD,Arcane Chainmail Leggings Of Restoration,Legs,Arcane Chainmail Leggings Of Restoration$Insured$Weight: 7 Stones$Brittle$Energy Eater 15%$Casting Focus 2%$Mana Increase 10$Hit Point Regeneration 4$Stamina Regeneration 1$Mana Regeneration 3$Lower Mana Cost 8%$Lower Reagent Cost 10%$Physical Resist 19%$Fire Resist 19%$Cold Resist 19%$Poison Resist 16%$Energy Resist 17%$Mage Armor$Strength Requirement 60$Durability 255 / 255$* Requires The "Stygian Abyss" Expansion$Legendary Artifact$ 
GWYVKRD,DDUVKRD,Arcane Leather Sleeves Of Restoration,Arms,Arcane Leather Sleeves Of Restoration$Insured$Weight: 2 Stones$Brittle$Energy Eater 3%$Intelligence Bonus 4$Mana Increase 2$Hit Point Regeneration 3$Stamina Regeneration 4$Mana Regeneration 2$Lower Mana Cost 8%$Lower Reagent Cost 20%$Physical Resist 17%$Fire Resist 19%$Cold Resist 18%$Poison Resist 18%$Energy Resist 18%$Strength Requirement 20$Durability 255 / 255$* Requires The "Stygian Abyss" Expansion$Legendary Artifact$ 
AVYVKRD,DDUVKRD,Arcane Platemail Tunic Of Restoration,Chest,Arcane Platemail Tunic Of Restoration$Insured$Weight: 10 Stones$Brittle$Damage Eater 15%$Casting Focus 1%$Intelligence Bonus 5$Mana Increase 4$Hit Point Regeneration 3$Stamina Regeneration 2$Mana Regeneration 3$Lower Reagent Cost 20%$Physical Resist 20%$Fire Resist 18%$Cold Resist 17%$Poison Resist 3%$Energy Resist 17%$Mage Armor$Strength Requirement 95$Durability 255 / 255$* Requires The "Stygian Abyss" Expansion$Legendary Artifact$ 
MPYVKRD,DDUVKRD,Arcane Woodland Chest Of Vitality,Chest,Arcane Woodland Chest Of Vitality$Insured$Weight: 8 Stones$Elves Only$Brittle$Kinetic Eater 12%$Casting Focus 2%$Strength Bonus 4$Mana Increase 8$Hit Point Regeneration 3$Mana Regeneration 1$Lower Mana Cost 8%$Lower Reagent Cost 25%$Physical Resist 20%$Fire Resist 18%$Cold Resist 17%$Poison Resist 18%$Energy Resist 17%$Mage Armor$Strength Requirement 95$Durability 255 / 255$* Requires The "Stygian Abyss" Expansion$Legendary Artifact$ 
BPYVKRD,ODUVKRD,Arcane Leather Shorts Of Haste,Legs,Arcane Leather Shorts Of Haste$Insured$Weight: 3 Stones$Brittle$Casting Focus 1%$Dexterity Bonus 4$Stamina Increase 10$Mana Increase 2$Stamina Regeneration 1$Mana Regeneration 4$Lower Reagent Cost 20%$Physical Resist 17%$Fire Resist 19%$Cold Resist 18%$Poison Resist 18%$Energy Resist 18%$Strength Requirement 20$Durability 255 / 255$* Requires The "Stygian Abyss" Expansion$Legendary Artifact$ 
TOYVKRD,DDUVKRD,Arcane Studded Sleeves Of Restoration,Arms,Arcane Studded Sleeves Of Restoration$Insured$Weight: 4 Stones$Brittle$Cold Eater 15%$Casting Focus 2%$Intelligence Bonus 4$Mana Increase 2$Hit Point Regeneration 3$Stamina Regeneration 3$Mana Regeneration 4$Lower Mana Cost 8%$Lower Reagent Cost 25%$Physical Resist 17%$Fire Resist 19%$Cold Resist 3%$Poison Resist 18%$Energy Resist 19%$Mage Armor$Strength Requirement 25$Durability 255 / 255$* Requires The "Stygian Abyss" Expansion$Legendary Artifact$ 
HSYVKRD,DDUVKRD,Arcane Leather Gorget Of Restoration,Gorget,Arcane Leather Gorget Of Restoration$Insured$Weight: 1 Stone$Brittle$Fire Eater 12%$Casting Focus 2%$Mana Increase 2$Hit Point Regeneration 4$Stamina Regeneration 1$Mana Regeneration 1$Lower Mana Cost 6%$Lower Reagent Cost 20%$Physical Resist 17%$Fire Resist 19%$Cold Resist 18%$Poison Resist 18%$Energy Resist 18%$Strength Requirement 20$Durability 255 / 255$* Requires The "Stygian Abyss" Expansion$Legendary Artifact$ 
YKYVKRD,ODUVKRD,Arcane Hide Gorget Of Haste,Gorget,Arcane Hide Gorget Of Haste$Insured$Weight: 3 Stones$Elves Only$Brittle$Dexterity Bonus 4$Intelligence Bonus 5$Stamina Increase 10$Mana Increase 2$Stamina Regeneration 3$Mana Regeneration 1$Lower Mana Cost 4%$Lower Reagent Cost 20%$Physical Resist 18%$Fire Resist 18%$Cold Resist 19%$Poison Resist 3%$Energy Resist 17%$Mage Armor$Strength Requirement 15$Durability 255 / 255$Legendary Artifact$ 
UJYVKRD,ODUVKRD,Arcane Hide Gorget Of Haste,Gorget,Arcane Hide Gorget Of Haste$Insured$Weight: 3 Stones$Elves Only$Brittle$Dexterity Bonus 2$Intelligence Bonus 4$Stamina Increase 10$Mana Increase 4$Stamina Regeneration 4$Mana Regeneration 1$Lower Mana Cost 10%$Lower Reagent Cost 5%$Physical Resist 18%$Fire Resist 18%$Cold Resist 19%$Poison Resist 18%$Energy Resist 2%$Mage Armor$Strength Requirement 15$Durability 255 / 255$Legendary Artifact$ 
JLYVKRD,ODUVKRD,Mystic Hide Pants Of Haste,Legs,Mystic Hide Pants Of Haste$Insured$Weight: 5 Stones$Elves Only$Brittle$Dexterity Bonus 4$Intelligence Bonus 4$Stamina Increase 10$Mana Increase 8$Mana Regeneration 3$Lower Mana Cost 2%$Physical Resist 18%$Fire Resist 18%$Cold Resist 19%$Poison Resist 18%$Energy Resist 17%$Mage Armor$Strength Requirement 25$Durability 255 / 255$Legendary Artifact$ 
NEYVKRD,ODUVKRD,Mystic Helmet Of Haste,Helm,Mystic Helmet Of Haste$Insured$Weight: 5 Stones$Brittle$Dexterity Bonus 3$Intelligence Bonus 3$Stamina Increase 10$Mana Increase 2$Stamina Regeneration 3$Mana Regeneration 3$Lower Mana Cost 10%$Physical Resist 17%$Fire Resist 19%$Cold Resist 19%$Poison Resist 18%$Energy Resist 17%$Mage Armor$Strength Requirement 45$Durability 255 / 255$Legendary Artifact$ 
LHYVKRD,DDUVKRD,Arcane Woodland Gorget Of Restoration,Gorget,Arcane Woodland Gorget Of Restoration$Insured$Weight: 3 Stones$Elves Only$Brittle$Fire Eater 12%$Casting Focus 2%$Intelligence Bonus 1$Mana Increase 2$Hit Point Regeneration 3$Stamina Regeneration 3$Mana Regeneration 4$Lower Mana Cost 4%$Lower Reagent Cost 20%$Physical Resist 20%$Fire Resist 18%$Cold Resist 17%$Poison Resist 18%$Energy Resist 2%$Mage Armor$Strength Requirement 45$Durability 255 / 255$* Requires The "Stygian Abyss" Expansion$Legendary Artifact$ 
OHYVKRD,DDUVKRD,Arcane Hide Pants Of Vitality,Legs,Arcane Hide Pants Of Vitality$Insured$Weight: 5 Stones$Elves Only$Brittle$Energy Eater 12%$Intelligence Bonus 3$Hit Point Increase 7$Mana Increase 8$Hit Point Regeneration 2$Mana Regeneration 3$Lower Mana Cost 2%$Lower Reagent Cost 20%$Physical Resist 18%$Fire Resist 18%$Cold Resist 19%$Poison Resist 18%$Energy Resist 17%$Strength Requirement 25$Durability 255 / 255$* Requires The "Stygian Abyss" Expansion$Legendary Artifact$ 
QDYVKRD,FEUVKRD,Mystic Bone Gloves Of Haste,Gloves,Mystic Bone Gloves Of Haste$Insured$Weight: 1 Stone$Brittle$Dexterity Bonus 5$Intelligence Bonus 2$Stamina Increase 8$Mana Increase 10$Stamina Regeneration 1$Mana Regeneration 1$Lower Mana Cost 8%$Physical Resist 18%$Fire Resist 18%$Cold Resist 19%$Poison Resist 17%$Energy Resist 19%$Mage Armor$Strength Requirement 55$Durability 255 / 255$Legendary Artifact$ 
WBYVKRD,DDUVKRD,Arcane Platemail Legs Of Restoration,Legs,Arcane Platemail Legs Of Restoration$Insured$Weight: 7 Stones$Poison Eater 15%$Casting Focus 2%$Stamina Regeneration 1$Mana Regeneration 3$Lower Mana Cost 8%$Lower Reagent Cost 10%$Physical Resist 20%$Fire Resist 18%$Cold Resist 17%$Poison Resist 3%$Energy Resist 17%$Mage Armor$Strength Requirement 90$Durability 63 / 63$* Requires The "Stygian Abyss" Expansion$Greater Artifact$ 
RBYVKRD,DDUVKRD,Arcane Studded Leggings Of Restoration,Legs,Arcane Studded Leggings Of Restoration$Insured$Weight: 5 Stones$Brittle$Kinetic Eater 15%$Casting Focus 1%$Intelligence Bonus 4$Mana Increase 8$Hit Point Regeneration 4$Stamina Regeneration 2$Mana Regeneration 3$Lower Mana Cost 8%$Lower Reagent Cost 20%$Physical Resist 17%$Fire Resist 19%$Cold Resist 3%$Poison Resist 18%$Energy Resist 19%$Mage Armor$Strength Requirement 30$Durability 255 / 255$* Requires The "Stygian Abyss" Expansion$Legendary Artifact$ 
PEWVKRD,DDUVKRD,Arcane Leather Gorget Of Restoration,Gorget,Arcane Leather Gorget Of Restoration$Insured$Weight: 1 Stone$Brittle$Fire Eater 15%$Casting Focus 1%$Mana Increase 4$Stamina Regeneration 2$Mana Regeneration 3$Lower Mana Cost 8%$Lower Reagent Cost 20%$Physical Resist 17%$Fire Resist 19%$Cold Resist 18%$Poison Resist 18%$Energy Resist 18%$Strength Requirement 20$Durability 255 / 255$* Requires The "Stygian Abyss" Expansion$Legendary Artifact$ 
VXVVKRD,FEUVKRD,Mystic Hide Tunic Of Haste,Chest,Mystic Hide Tunic Of Haste$Insured$Weight: 6 Stones$Elves Only$Brittle$Dexterity Bonus 4$Intelligence Bonus 2$Stamina Increase 8$Mana Increase 8$Stamina Regeneration 3$Mana Regeneration 3$Lower Mana Cost 8%$Physical Resist 18%$Fire Resist 18%$Cold Resist 19%$Poison Resist 3%$Energy Resist 17%$Mage Armor$Strength Requirement 25$Durability 255 / 255$Legendary Artifact$ 
ZSVVKRD,DDUVKRD,Arcane Leather Gloves Of Restoration,Gloves,Arcane Leather Gloves Of Restoration$Insured$Weight: 1 Stone$Brittle$Damage Eater 15%$Casting Focus 2%$Intelligence Bonus 4$Hit Point Regeneration 3$Stamina Regeneration 2$Mana Regeneration 3$Lower Mana Cost 8%$Lower Reagent Cost 15%$Physical Resist 17%$Fire Resist 19%$Cold Resist 18%$Poison Resist 18%$Energy Resist 18%$Strength Requirement 20$Durability 255 / 255$* Requires The "Stygian Abyss" Expansion$Legendary Artifact$ 
MSVVKRD,DDUVKRD,Arcane Woodland Chest Of Vitality,Chest,Arcane Woodland Chest Of Vitality$Insured$Weight: 8 Stones$Elves Only$Brittle$Cold Eater 15%$Strength Bonus 4$Intelligence Bonus 2$Hit Point Regeneration 3$Mana Regeneration 3$Lower Mana Cost 10%$Lower Reagent Cost 25%$Physical Resist 20%$Fire Resist 18%$Cold Resist 17%$Poison Resist 18%$Energy Resist 17%$Mage Armor$Strength Requirement 95$Durability 255 / 255$* Requires The "Stygian Abyss" Expansion$Legendary Artifact$ 
JWVVKRD,DDUVKRD,Arcane Studded Gorget Of Restoration,Gorget,Arcane Studded Gorget Of Restoration$Insured$Weight: 1 Stone$Brittle$Poison Eater 15%$Casting Focus 1%$Intelligence Bonus 4$Mana Increase 8$Hit Point Regeneration 4$Stamina Regeneration 2$Lower Mana Cost 8%$Lower Reagent Cost 10%$Physical Resist 17%$Fire Resist 19%$Cold Resist 3%$Poison Resist 18%$Energy Resist 19%$Mage Armor$Strength Requirement 25$Durability 255 / 255$* Requires The "Stygian Abyss" Expansion$Legendary Artifact$ 
KWVVKRD,DDUVKRD,Arcane Leather Leggings Of Restoration,Legs,Arcane Leather Leggings Of Restoration$Insured$Weight: 4 Stones$Brittle$Damage Eater 15%$Casting Focus 1%$Intelligence Bonus 5$Mana Increase 2$Hit Point Regeneration 2$Stamina Regeneration 1$Mana Regeneration 4$Lower Mana Cost 4%$Lower Reagent Cost 20%$Physical Resist 17%$Fire Resist 19%$Cold Resist 18%$Poison Resist 18%$Energy Resist 18%$Strength Requirement 20$Durability 255 / 255$* Requires The "Stygian Abyss" Expansion$Legendary Artifact$ 
PQVVKRD,DDUVKRD,Arcane Leaf Gloves Of Vitality,Gloves,Arcane Leaf Gloves Of Vitality$Insured$Weight: 2 Stones$Elves Only$Brittle$Energy Eater 12%$Strength Bonus 4$Intelligence Bonus 2$Hit Point Increase 5$Mana Increase 2$Mana Regeneration 3$Lower Mana Cost 8%$Lower Reagent Cost 20%$Physical Resist 17%$Fire Resist 18%$Cold Resist 17%$Poison Resist 19%$Energy Resist 19%$Strength Requirement 10$Durability 255 / 255$* Requires The "Stygian Abyss" Expansion$Legendary Artifact$ 
GQVVKRD,DDUVKRD,Arcane Platemail Gorget Of Restoration,Gorget,Arcane Platemail Gorget Of Restoration$Insured$Weight: 2 Stones$Fire Eater 12%$Casting Focus 1%$Hit Point Regeneration 3$Mana Regeneration 3$Lower Mana Cost 8%$Lower Reagent Cost 10%$Physical Resist 20%$Fire Resist 18%$Cold Resist 17%$Poison Resist 3%$Energy Resist 17%$Mage Armor$Strength Requirement 45$Durability 63 / 63$* Requires The "Stygian Abyss" Expansion$Greater Artifact$ 
EJVVKRD,ODUVKRD,Arcane Leather Tunic Of Haste,Chest,Arcane Leather Tunic Of Haste$Insured$Weight: 6 Stones$Brittle$Casting Focus 2%$Dexterity Bonus 4$Stamina Increase 10$Stamina Regeneration 1$Mana Regeneration 2$Lower Mana Cost 10%$Lower Reagent Cost 5%$Physical Resist 17%$Fire Resist 19%$Cold Resist 18%$Poison Resist 18%$Energy Resist 18%$Strength Requirement 25$Durability 255 / 255$* Requires The "Stygian Abyss" Expansion$Legendary Artifact$ 
EIVVKRD,ODUVKRD,Arcane Leaf Tunic Of Haste,Chest,Arcane Leaf Tunic Of Haste$Insured$Weight: 2 Stones$Elves Only$Brittle$Casting Focus 2%$Intelligence Bonus 4$Stamina Increase 10$Stamina Regeneration 3$Mana Regeneration 1$Lower Mana Cost 4%$Lower Reagent Cost 10%$Physical Resist 17%$Fire Resist 18%$Cold Resist 17%$Poison Resist 19%$Energy Resist 19%$Strength Requirement 20$Durability 255 / 255$* Requires The "Stygian Abyss" Expansion$Legendary Artifact$ 
EMVVKRD,DDUVKRD,Arcane Leaf Leggings Of Restoration,Legs,Arcane Leaf Leggings Of Restoration$Insured$Weight: 2 Stones$Elves Only$Brittle$Damage Eater 15%$Casting Focus 1%$Stamina Regeneration 3$Mana Regeneration 4$Lower Mana Cost 10%$Lower Reagent Cost 10%$Physical Resist 17%$Fire Resist 18%$Cold Resist 17%$Poison Resist 19%$Energy Resist 19%$Strength Requirement 20$Durability 255 / 255$* Requires The "Stygian Abyss" Expansion$Legendary Artifact$ 
DLVVKRD,FEUVKRD,Mystic Plate Helm Of Haste,Helm,Mystic Plate Helm Of Haste$Insured$Weight: 5 Stones$Brittle$Dexterity Bonus 5$Intelligence Bonus 3$Stamina Increase 8$Mana Increase 8$Stamina Regeneration 2$Mana Regeneration 3$Lower Mana Cost 8%$Physical Resist 20%$Fire Resist 18%$Cold Resist 17%$Poison Resist 3%$Energy Resist 17%$Mage Armor$Strength Requirement 80$Durability 255 / 255$Legendary Artifact$ 
HFVVKRD,DDUVKRD,Arcane Leather Leggings Of Restoration,Legs,Arcane Leather Leggings Of Restoration$Insured$Weight: 4 Stones$Brittle$Kinetic Eater 15%$Casting Focus 1%$Intelligence Bonus 4$Mana Increase 2$Hit Point Regeneration 1$Stamina Regeneration 3$Mana Regeneration 4$Lower Mana Cost 10%$Lower Reagent Cost 20%$Physical Resist 17%$Fire Resist 19%$Cold Resist 18%$Poison Resist 18%$Energy Resist 18%$Strength Requirement 20$Durability 255 / 255$* Requires The "Stygian Abyss" Expansion$Legendary Artifact$ 
ZFVVKRD,DDUVKRD,Arcane Bone Leggings Of Restoration,Legs,Arcane Bone Leggings Of Restoration$Insured$Weight: 3 Stones$Brittle$Energy Eater 12%$Intelligence Bonus 4$Mana Increase 2$Hit Point Regeneration 3$Mana Regeneration 4$Lower Mana Cost 8%$Lower Reagent Cost 25%$Physical Resist 18%$Fire Resist 18%$Cold Resist 19%$Poison Resist 17%$Energy Resist 19%$Mage Armor$Strength Requirement 55$Durability 255 / 255$* Requires The "Stygian Abyss" Expansion$Legendary Artifact$ 
LFVVKRD,DDUVKRD,Arcane Woodland Chest Of Restoration,Chest,Arcane Woodland Chest Of Restoration$Insured$Weight: 8 Stones$Elves Only$Brittle$Energy Eater 12%$Casting Focus 3%$Intelligence Bonus 4$Mana Increase 2$Hit Point Regeneration 4$Stamina Regeneration 3$Mana Regeneration 3$Lower Mana Cost 8%$Lower Reagent Cost 10%$Physical Resist 20%$Fire Resist 18%$Cold Resist 17%$Poison Resist 18%$Energy Resist 17%$Mage Armor$Strength Requirement 95$Durability 255 / 255$* Requires The "Stygian Abyss" Expansion$Legendary Artifact$ 
FMUVKRD,DDUVKRD,Arcane Feathered Hat Of Restoration,Helm,Arcane Feathered Hat Of Restoration$Insured$Weight: 1 Stone$Brittle$Energy Eater 15%$Casting Focus 2%$Mana Increase 8$Hit Point Regeneration 2$Stamina Regeneration 1$Mana Regeneration 4$Lower Mana Cost 8%$Lower Reagent Cost 10%$Physical Resist 15%$Fire Resist 20%$Cold Resist 24%$Poison Resist 20%$Energy Resist 20%$Strength Requirement 10$Durability 255 / 255$* Requires The "Stygian Abyss" Expansion$Legendary Artifact$ 
JGUVKRD,DDUVKRD,Arcane Hide Pauldrons Of Vitality,Arms,Arcane Hide Pauldrons Of Vitality$Insured$Weight: 4 Stones$Elves Only$Brittle$Cold Eater 15%$Strength Bonus 4$Mana Increase 10$Hit Point Regeneration 3$Mana Regeneration 1$Lower Mana Cost 8%$Lower Reagent Cost 20%$Physical Resist 18%$Fire Resist 18%$Cold Resist 19%$Poison Resist 18%$Energy Resist 17%$Mage Armor$Strength Requirement 20$Durability 255 / 255$* Requires The "Stygian Abyss" Expansion$Legendary Artifact$ 
NIUVKRD,DDUVKRD,Arcane Studded Gloves Of Restoration,Gloves,Arcane Studded Gloves Of Restoration$Insured$Weight: 1 Stone$Brittle$Cold Eater 12%$Intelligence Bonus 4$Mana Increase 6$Stamina Regeneration 3$Mana Regeneration 3$Lower Mana Cost 8%$Lower Reagent Cost 20%$Physical Resist 17%$Fire Resist 19%$Cold Resist 18%$Poison Resist 18%$Energy Resist 19%$Mage Armor$Strength Requirement 25$Durability 255 / 255$* Requires The "Stygian Abyss" Expansion$Legendary Artifact$ 
PHUVKRD,DDUVKRD,Arcane Leaf Gorget Of Restoration,Gorget,Arcane Leaf Gorget Of Restoration$Insured$Weight: 2 Stones$Elves Only$Brittle$Damage Eater 12%$Casting Focus 1%$Intelligence Bonus 4$Mana Increase 2$Hit Point Regeneration 3$Stamina Regeneration 4$Mana Regeneration 4$Lower Mana Cost 8%$Lower Reagent Cost 20%$Physical Resist 17%$Fire Resist 18%$Cold Resist 17%$Poison Resist 19%$Energy Resist 19%$Strength Requirement 10$Durability 255 / 255$* Requires The "Stygian Abyss" Expansion$Legendary Artifact$ 
QHUVKRD,DDUVKRD,Arcane Chainmail Coif Of Vitality,Helm,Arcane Chainmail Coif Of Vitality$Insured$Weight: 7 Stones$Brittle$Kinetic Eater 12%$Intelligence Bonus 4$Hit Point Increase 5$Mana Increase 6$Hit Point Regeneration 4$Mana Regeneration 1$Lower Mana Cost 8%$Lower Reagent Cost 20%$Physical Resist 19%$Fire Resist 19%$Cold Resist 19%$Poison Resist 1%$Energy Resist 17%$Mage Armor$Strength Requirement 60$Durability 255 / 255$* Requires The "Stygian Abyss" Expansion$Legendary Artifact$ 
SAUVKRD,DDUVKRD,Arcane Woodland Gauntlets Of Restoration,Gloves,Arcane Woodland Gauntlets Of Restoration$Insured$Weight: 2 Stones$Elves Only$Brittle$Damage Eater 12%$Casting Focus 1%$Intelligence Bonus 4$Mana Increase 2$Hit Point Regeneration 3$Stamina Regeneration 3$Mana Regeneration 4$Lower Mana Cost 10%$Lower Reagent Cost 25%$Physical Resist 20%$Fire Resist 18%$Cold Resist 17%$Poison Resist 18%$Energy Resist 17%$Mage Armor$Strength Requirement 70$Durability 255 / 255$* Requires The "Stygian Abyss" Expansion$Legendary Artifact$ 
IAUVKRD,DDUVKRD,Arcane Bone Leggings Of Restoration,Legs,Arcane Bone Leggings Of Restoration$Insured$Weight: 3 Stones$Brittle$Energy Eater 12%$Mana Increase 6$Hit Point Regeneration 3$Stamina Regeneration 3$Mana Regeneration 3$Lower Mana Cost 10%$Lower Reagent Cost 20%$Physical Resist 18%$Fire Resist 18%$Cold Resist 19%$Poison Resist 17%$Energy Resist 19%$Mage Armor$Strength Requirement 55$Durability 255 / 255$* Requires The "Stygian Abyss" Expansion$Legendary Artifact$ 
AAUVKRD,ODUVKRD,Arcane Leaf Leggings Of Haste,Legs,Arcane Leaf Leggings Of Haste$Insured$Weight: 2 Stones$Elves Only$Brittle$Casting Focus 1%$Dexterity Bonus 5$Intelligence Bonus 5$Stamina Increase 10$Stamina Regeneration 1$Mana Regeneration 1$Lower Mana Cost 6%$Lower Reagent Cost 20%$Physical Resist 17%$Fire Resist 18%$Cold Resist 17%$Poison Resist 19%$Energy Resist 19%$Strength Requirement 20$Durability 255 / 255$* Requires The "Stygian Abyss" Expansion$Legendary Artifact$ 
RZTVKRD,ODUVKRD,Mystic Ringmail Sleeves Of Haste,Arms,Mystic Ringmail Sleeves Of Haste$Insured$Weight: 15 Stones$Brittle$Dexterity Bonus 4$Intelligence Bonus 5$Stamina Increase 10$Mana Increase 8$Stamina Regeneration 2$Mana Regeneration 1$Lower Mana Cost 2%$Physical Resist 18%$Fire Resist 18%$Cold Resist 16%$Poison Resist 20%$Energy Resist 18%$Mage Armor$Strength Requirement 40$Durability 255 / 255$Legendary Artifact$ 
SZTVKRD,DDUVKRD,Arcane Platemail Legs Of Vitality,Legs,Arcane Platemail Legs Of Vitality$Insured$Weight: 7 Stones$Brittle$Energy Eater 12%$Casting Focus 2%$Strength Bonus 4$Mana Increase 2$Hit Point Regeneration 3$Lower Mana Cost 10%$Lower Reagent Cost 20%$Physical Resist 20%$Fire Resist 18%$Cold Resist 17%$Poison Resist 18%$Energy Resist 17%$Mage Armor$Strength Requirement 90$Durability 255 / 255$* Requires The "Stygian Abyss" Expansion$Legendary Artifact$ 
EDUVKRD,DDUVKRD,Arcane Leather Gorget Of Restoration,Gorget,Arcane Leather Gorget Of Restoration$Insured$Weight: 1 Stone$Brittle$Poison Eater 12%$Casting Focus 2%$Intelligence Bonus 4$Mana Increase 2$Hit Point Regeneration 3$Mana Regeneration 3$Lower Mana Cost 4%$Lower Reagent Cost 20%$Physical Resist 17%$Fire Resist 19%$Cold Resist 18%$Poison Resist 18%$Energy Resist 18%$Strength Requirement 20$Durability 255 / 255$* Requires The "Stygian Abyss" Expansion$Legendary Artifact$ 
ADUVKRD,ODUVKRD,Mystic Hide Gorget Of Haste,Gorget,Mystic Hide Gorget Of Haste$Insured$Weight: 3 Stones$Elves Only$Brittle$Dexterity Bonus 3$Stamina Increase 10$Mana Increase 4$Stamina Regeneration 3$Mana Regeneration 4$Lower Mana Cost 8%$Physical Resist 18%$Fire Resist 18%$Cold Resist 19%$Poison Resist 18%$Energy Resist 17%$Mage Armor$Strength Requirement 15$Durability 255 / 255$Legendary Artifact$ 
NCUVKRD,FEUVKRD,Mystic Platemail Tunic Of Haste,Chest,Mystic Platemail Tunic Of Haste$Insured$Weight: 10 Stones$Brittle$Dexterity Bonus 4$Intelligence Bonus 5$Stamina Increase 8$Mana Increase 4$Stamina Regeneration 3$Mana Regeneration 1$Lower Mana Cost 8%$Physical Resist 20%$Fire Resist 18%$Cold Resist 17%$Poison Resist 18%$Energy Resist 17%$Mage Armor$Strength Requirement 95$Durability 255 / 255$Legendary Artifact$ 
MCUVKRD,ODUVKRD,Mystic Hide Gorget Of Haste,Gorget,Mystic Hide Gorget Of Haste$Insured$Weight: 3 Stones$Elves Only$Brittle$Dexterity Bonus 4$Intelligence Bonus 5$Stamina Increase 10$Mana Increase 2$Stamina Regeneration 2$Mana Regeneration 1$Lower Mana Cost 8%$Physical Resist 18%$Fire Resist 18%$Cold Resist 19%$Poison Resist 18%$Energy Resist 17%$Mage Armor$Strength Requirement 15$Durability 255 / 255$Legendary Artifact$ 
SCUVKRD,DDUVKRD,Arcane Platemail Arms Of Restoration,Arms,Arcane Platemail Arms Of Restoration$Insured$Weight: 5 Stones$Brittle$Kinetic Eater 12%$Casting Focus 1%$Intelligence Bonus 4$Mana Increase 2$Hit Point Regeneration 3$Stamina Regeneration 4$Mana Regeneration 4$Lower Reagent Cost 25%$Physical Resist 20%$Fire Resist 18%$Cold Resist 17%$Poison Resist 18%$Energy Resist 2%$Mage Armor$Strength Requirement 80$Durability 255 / 255$* Requires The "Stygian Abyss" Expansion$Legendary Artifact$ 
VWTVKRD,ODUVKRD,Arcane Leather Sleeves Of Haste,Arms,Arcane Leather Sleeves Of Haste$Insured$Weight: 2 Stones$Brittle$Dexterity Bonus 2$Intelligence Bonus 4$Stamina Increase 10$Mana Increase 2$Stamina Regeneration 3$Mana Regeneration 3$Lower Mana Cost 6%$Lower Reagent Cost 5%$Physical Resist 17%$Fire Resist 19%$Cold Resist 18%$Poison Resist 18%$Energy Resist 18%$Strength Requirement 20$Durability 255 / 255$Legendary Artifact$ 
WWTVKRD,FEUVKRD,Arcane Ringmail Gloves Of Haste,Gloves,Arcane Ringmail Gloves Of Haste$Insured$Weight: 2 Stones$Brittle$Dexterity Bonus 4$Intelligence Bonus 4$Stamina Increase 8$Mana Increase 8$Stamina Regeneration 3$Mana Regeneration 1$Lower Mana Cost 8%$Lower Reagent Cost 10%$Physical Resist 18%$Fire Resist 18%$Cold Resist 16%$Poison Resist 20%$Energy Resist 18%$Strength Requirement 40$Durability 255 / 255$Legendary Artifact$ 
KWTVKRD,ODUVKRD,Arcane Hide Pauldrons Of Haste,Arms,Arcane Hide Pauldrons Of Haste$Insured$Weight: 4 Stones$Elves Only$Brittle$Dexterity Bonus 5$Intelligence Bonus 5$Stamina Increase 10$Mana Increase 2$Stamina Regeneration 1$Mana Regeneration 1$Lower Reagent Cost 25%$Physical Resist 18%$Fire Resist 18%$Cold Resist 19%$Poison Resist 18%$Energy Resist 2%$Mage Armor$Strength Requirement 20$Durability 255 / 255$Legendary Artifact$ 
CWTVKRD,ODUVKRD,Arcane Leather Shorts Of Haste,Legs,Arcane Leather Shorts Of Haste$Insured$Weight: 3 Stones$Brittle$Casting Focus 1%$Dexterity Bonus 5$Intelligence Bonus 5$Stamina Increase 10$Stamina Regeneration 1$Mana Regeneration 1$Lower Mana Cost 8%$Lower Reagent Cost 10%$Physical Resist 17%$Fire Resist 19%$Cold Resist 18%$Poison Resist 18%$Energy Resist 18%$Strength Requirement 20$Durability 255 / 255$* Requires The "Stygian Abyss" Expansion$Legendary Artifact$ 
EVTVKRD,ODUVKRD,Mystic Hide Gorget Of Haste,Gorget,Mystic Hide Gorget Of Haste$Insured$Weight: 3 Stones$Elves Only$Brittle$Dexterity Bonus 4$Intelligence Bonus 5$Stamina Increase 10$Mana Increase 2$Stamina Regeneration 3$Mana Regeneration 1$Lower Mana Cost 10%$Physical Resist 18%$Fire Resist 18%$Cold Resist 4%$Poison Resist 18%$Energy Resist 17%$Mage Armor$Strength Requirement 15$Durability 255 / 255$Legendary Artifact$ 
CVTVKRD,FEUVKRD,Arcane Leather Gloves Of Haste,Gloves,Arcane Leather Gloves Of Haste$Insured$Weight: 1 Stone$Brittle$Casting Focus 1%$Dexterity Bonus 4$Stamina Increase 8$Mana Increase 6$Stamina Regeneration 3$Mana Regeneration 1$Lower Mana Cost 8%$Lower Reagent Cost 20%$Physical Resist 17%$Fire Resist 19%$Cold Resist 18%$Poison Resist 18%$Energy Resist 18%$Strength Requirement 20$Durability 255 / 255$* Requires The "Stygian Abyss" Expansion$Legendary Artifact$ 
DZTVKRD,ODUVKRD,Arcane Leather Sleeves Of Haste,Arms,Arcane Leather Sleeves Of Haste$Insured$Weight: 2 Stones$Brittle$Casting Focus 1%$Dexterity Bonus 4$Intelligence Bonus 4$Stamina Increase 10$Stamina Regeneration 1$Mana Regeneration 1$Lower Mana Cost 2%$Lower Reagent Cost 25%$Physical Resist 17%$Fire Resist 19%$Cold Resist 18%$Poison Resist 18%$Energy Resist 18%$Strength Requirement 20$Durability 255 / 255$* Requires The "Stygian Abyss" Expansion$Legendary Artifact$ 
AZTVKRD,ODUVKRD,Hide Gorget,Gorget,Hide Gorget$Insured$Weight: 3 Stones$Durability +70%$Elves Only$Prized$Stamina Increase 10$Enhance Potions 1%$Hit Chance Increase 4%$Physical Resist 3%$Fire Resist 18%$Cold Resist 24%$Poison Resist 18%$Energy Resist 17%$Lower Requirements 30%$Mage Armor$Strength Requirement 10$Durability 76 / 76$Greater Artifact$ 
YYTVKRD,DDUVKRD,Arcane Platemail Gorget Of Restoration,Gorget,Arcane Platemail Gorget Of Restoration$Insured$Weight: 2 Stones$Brittle$Kinetic Eater 15%$Casting Focus 2%$Intelligence Bonus 4$Mana Increase 8$Hit Point Regeneration 3$Stamina Regeneration 3$Mana Regeneration 4$Lower Reagent Cost 20%$Physical Resist 20%$Fire Resist 18%$Cold Resist 17%$Poison Resist 18%$Energy Resist 17%$Mage Armor$Strength Requirement 45$Durability 255 / 255$* Requires The "Stygian Abyss" Expansion$Legendary Artifact$ 
HRTVKRD,ODUVKRD,Mystic Hide Gloves Of Haste,Gloves,Mystic Hide Gloves Of Haste$Insured$Weight: 2 Stones$Elves Only$Brittle$Dexterity Bonus 2$Intelligence Bonus 2$Stamina Increase 10$Mana Increase 10$Stamina Regeneration 4$Mana Regeneration 2$Lower Mana Cost 8%$Physical Resist 18%$Fire Resist 18%$Cold Resist 4%$Poison Resist 18%$Energy Resist 17%$Mage Armor$Strength Requirement 15$Durability 255 / 255$Legendary Artifact$ 
HTTVKRD,FEUVKRD,Mystic Platemail Tunic Of Haste,Chest,Mystic Platemail Tunic Of Haste$Insured$Weight: 10 Stones$Brittle$Dexterity Bonus 4$Intelligence Bonus 4$Stamina Increase 8$Mana Increase 4$Stamina Regeneration 3$Mana Regeneration 3$Lower Mana Cost 8%$Physical Resist 20%$Fire Resist 18%$Cold Resist 17%$Poison Resist 18%$Energy Resist 17%$Mage Armor$Strength Requirement 95$Durability 255 / 255$Legendary Artifact$ 
FTTVKRD,FEUVKRD,Mystic Plate Helm Of Haste,Helm,Mystic Plate Helm Of Haste$Insured$Weight: 5 Stones$Brittle$Dexterity Bonus 4$Intelligence Bonus 5$Stamina Increase 8$Mana Increase 4$Stamina Regeneration 3$Mana Regeneration 1$Lower Mana Cost 8%$Physical Resist 20%$Fire Resist 18%$Cold Resist 17%$Poison Resist 18%$Energy Resist 17%$Mage Armor$Strength Requirement 80$Durability 255 / 255$Legendary Artifact$ 
SKTVKRD,DDUVKRD,Arcane Chainmail Tunic Of Vitality,Chest,Arcane Chainmail Tunic Of Vitality$Insured$Weight: 7 Stones$Brittle$Energy Eater 12%$Casting Focus 1%$Strength Bonus 4$Intelligence Bonus 3$Mana Increase 10$Hit Point Regeneration 3$Mana Regeneration 2$Lower Mana Cost 8%$Lower Reagent Cost 20%$Physical Resist 19%$Fire Resist 19%$Cold Resist 19%$Poison Resist 16%$Energy Resist 17%$Mage Armor$Strength Requirement 60$Durability 255 / 255$* Requires The "Stygian Abyss" Expansion$Legendary Artifact$ 
VJTVKRD,DDUVKRD,Arcane Bone Armor Of Restoration,Chest,Arcane Bone Armor Of Restoration$Insured$Weight: 6 Stones$Brittle$Poison Eater 12%$Casting Focus 1%$Intelligence Bonus 3$Mana Increase 8$Hit Point Regeneration 4$Stamina Regeneration 3$Mana Regeneration 3$Lower Mana Cost 10%$Lower Reagent Cost 20%$Physical Resist 18%$Fire Resist 18%$Cold Resist 19%$Poison Resist 17%$Energy Resist 19%$Mage Armor$Strength Requirement 60$Durability 255 / 255$* Requires The "Stygian Abyss" Expansion$Legendary Artifact$ 
DJTVKRD,ODUVKRD,Arcane Hide Gorget Of Haste,Gorget,Arcane Hide Gorget Of Haste$Insured$Weight: 3 Stones$Elves Only$Brittle$Casting Focus 2%$Stamina Increase 10$Stamina Regeneration 4$Mana Regeneration 2$Lower Mana Cost 8%$Lower Reagent Cost 20%$Physical Resist 18%$Fire Resist 18%$Cold Resist 19%$Poison Resist 18%$Energy Resist 17%$Mage Armor$Strength Requirement 15$Durability 255 / 255$* Requires The "Stygian Abyss" Expansion$Legendary Artifact$ 
RBTVKRD,FEUVKRD,Mystic Platemail Gloves Of Haste,Gloves,Mystic Platemail Gloves Of Haste$Insured$Weight: 2 Stones$Brittle$Dexterity Bonus 4$Intelligence Bonus 4$Stamina Increase 8$Mana Increase 8$Stamina Regeneration 3$Mana Regeneration 2$Lower Mana Cost 8%$Physical Resist 20%$Fire Resist 18%$Cold Resist 17%$Poison Resist 18%$Energy Resist 17%$Mage Armor$Strength Requirement 70$Durability 255 / 255$Legendary Artifact$ 
TATVKRD,DDUVKRD,Arcane Bone Helmet Of Vitality,Helm,Arcane Bone Helmet Of Vitality$Insured$Weight: 3 Stones$Brittle$Energy Eater 12%$Casting Focus 3%$Strength Bonus 5$Intelligence Bonus 2$Hit Point Regeneration 3$Mana Regeneration 1$Lower Mana Cost 2%$Lower Reagent Cost 25%$Physical Resist 18%$Fire Resist 18%$Cold Resist 19%$Poison Resist 17%$Energy Resist 19%$Mage Armor$Strength Requirement 20$Durability 255 / 255$* Requires The "Stygian Abyss" Expansion$Legendary Artifact$ 
IFTVKRD,ODUVKRD,Arcane Hide Pants Of Haste,Legs,Arcane Hide Pants Of Haste$Insured$Weight: 5 Stones$Elves Only$Brittle$Casting Focus 1%$Dexterity Bonus 4$Intelligence Bonus 4$Stamina Increase 10$Mana Increase 6$Stamina Regeneration 2$Lower Mana Cost 4%$Lower Reagent Cost 20%$Physical Resist 18%$Fire Resist 18%$Cold Resist 4%$Poison Resist 18%$Energy Resist 17%$Mage Armor$Strength Requirement 25$Durability 255 / 255$* Requires The "Stygian Abyss" Expansion$Legendary Artifact$ 
YETVKRD,FEUVKRD,Mystic Hide Tunic Of Haste,Chest,Mystic Hide Tunic Of Haste$Insured$Weight: 6 Stones$Elves Only$Brittle$Dexterity Bonus 5$Intelligence Bonus 3$Stamina Increase 8$Mana Increase 8$Stamina Regeneration 2$Mana Regeneration 3$Lower Mana Cost 8%$Physical Resist 18%$Fire Resist 18%$Cold Resist 19%$Poison Resist 3%$Energy Resist 17%$Mage Armor$Strength Requirement 25$Durability 255 / 255$Legendary Artifact$ 
PZSVKRD,DDUVKRD,Arcane Platemail Tunic Of Vitality,Chest,Arcane Platemail Tunic Of Vitality$Insured$Weight: 10 Stones$Brittle$Damage Eater 12%$Casting Focus 3%$Strength Bonus 4$Mana Increase 2$Hit Point Regeneration 3$Mana Regeneration 1$Lower Mana Cost 4%$Lower Reagent Cost 25%$Physical Resist 20%$Fire Resist 3%$Cold Resist 17%$Poison Resist 18%$Energy Resist 17%$Mage Armor$Strength Requirement 95$Durability 255 / 255$* Requires The "Stygian Abyss" Expansion$Legendary Artifact$ 
QZSVKRD,FEUVKRD,Arcane Raven Helm Of Haste,Helm,Arcane Raven Helm Of Haste$Insured$Weight: 5 Stones$Elves Only$Brittle$Casting Focus 1%$Dexterity Bonus 4$Stamina Increase 8$Mana Increase 4$Stamina Regeneration 3$Mana Regeneration 1$Lower Mana Cost 8%$Lower Reagent Cost 25%$Physical Resist 5%$Fire Resist 16%$Cold Resist 17%$Poison Resist 17%$Energy Resist 20%$Mage Armor$Strength Requirement 25$Durability 255 / 255$* Requires The "Stygian Abyss" Expansion$Legendary Artifact$ 
ITSVKRD,DDUVKRD,Arcane Leather Sleeves Of Restoration,Arms,Arcane Leather Sleeves Of Restoration$Insured$Weight: 2 Stones$Brittle$Fire Eater 12%$Intelligence Bonus 3$Mana Increase 2$Hit Point Regeneration 3$Stamina Regeneration 3$Mana Regeneration 4$Lower Mana Cost 10%$Lower Reagent Cost 20%$Physical Resist 17%$Fire Resist 19%$Cold Resist 18%$Poison Resist 18%$Energy Resist 18%$Strength Requirement 20$Durability 255 / 255$* Requires The "Stygian Abyss" Expansion$Legendary Artifact$ 
KSSVKRD,ODUVKRD,Mystic Norse Helm Of Haste,Helm,Mystic Norse Helm Of Haste$Insured$Weight: 5 Stones$Brittle$Intelligence Bonus 2$Stamina Increase 10$Mana Increase 10$Stamina Regeneration 4$Mana Regeneration 2$Lower Mana Cost 8%$Physical Resist 19%$Fire Resist 16%$Cold Resist 4%$Poison Resist 19%$Energy Resist 17%$Mage Armor$Strength Requirement 55$Durability 255 / 255$Legendary Artifact$ 
PTSVKRD,DDUVKRD,Arcane Platemail Gloves Of Vitality,Gloves,Arcane Platemail Gloves Of Vitality$Insured$Weight: 2 Stones$Brittle$Damage Eater 12%$Casting Focus 2%$Strength Bonus 4$Intelligence Bonus 2$Mana Increase 4$Hit Point Regeneration 3$Mana Regeneration 3$Lower Reagent Cost 25%$Physical Resist 20%$Fire Resist 18%$Cold Resist 17%$Poison Resist 18%$Energy Resist 17%$Strength Requirement 70$Durability 255 / 255$* Requires The "Stygian Abyss" Expansion$Legendary Artifact$ 
ENSVKRD,FEUVKRD,Mystic Woodland Leggings Of Haste,Legs,Mystic Woodland Leggings Of Haste$Insured$Weight: 8 Stones$Elves Only$Brittle$Dexterity Bonus 4$Intelligence Bonus 2$Stamina Increase 8$Mana Increase 8$Stamina Regeneration 3$Mana Regeneration 1$Lower Mana Cost 10%$Physical Resist 20%$Fire Resist 18%$Cold Resist 17%$Poison Resist 18%$Energy Resist 17%$Mage Armor$Strength Requirement 90$Durability 255 / 255$Legendary Artifact$ 
UMSVKRD,DDUVKRD,Arcane Floppy Hat Of Restoration,Helm,Arcane Floppy Hat Of Restoration$Insured$Weight: 1 Stone$Brittle$Cold Eater 12%$Intelligence Bonus 2$Mana Increase 6$Hit Point Regeneration 3$Mana Regeneration 3$Lower Mana Cost 8%$Lower Reagent Cost 20%$Physical Resist 15%$Fire Resist 20%$Cold Resist 24%$Poison Resist 20%$Energy Resist 20%$Strength Requirement 10$Durability 255 / 255$* Requires The "Stygian Abyss" Expansion$Legendary Artifact$ 
POSVKRD,ODUVKRD,Mystic Ringmail Sleeves Of Haste,Arms,Mystic Ringmail Sleeves Of Haste$Insured$Weight: 15 Stones$Brittle$Dexterity Bonus 2$Intelligence Bonus 4$Stamina Increase 10$Mana Increase 6$Stamina Regeneration 4$Mana Regeneration 1$Lower Mana Cost 10%$Physical Resist 18%$Fire Resist 18%$Cold Resist 16%$Poison Resist 20%$Energy Resist 18%$Mage Armor$Strength Requirement 40$Durability 255 / 255$Legendary Artifact$ 
QOSVKRD,FEUVKRD,Mystic Studded Bustier Of Haste,Chest,Mystic Studded Bustier Of Haste$Insured$Weight: 1 Stone$Brittle$Dexterity Bonus 4$Intelligence Bonus 5$Stamina Increase 8$Mana Increase 4$Stamina Regeneration 3$Mana Regeneration 1$Lower Mana Cost 8%$Physical Resist 17%$Fire Resist 19%$Cold Resist 18%$Poison Resist 18%$Energy Resist 19%$Mage Armor$Strength Requirement 35$Durability 255 / 255$Legendary Artifact$ 
QHSVKRD,DDUVKRD,Arcane Hide Pants Of Vitality,Legs,Arcane Hide Pants Of Vitality$Insured$Weight: 5 Stones$Elves Only$Brittle$Poison Eater 15%$Casting Focus 1%$Intelligence Bonus 5$Hit Point Increase 5$Mana Increase 8$Hit Point Regeneration 4$Mana Regeneration 1$Lower Mana Cost 2%$Lower Reagent Cost 20%$Physical Resist 18%$Fire Resist 18%$Cold Resist 19%$Poison Resist 18%$Energy Resist 2%$Mage Armor$Strength Requirement 25$Durability 255 / 255$* Requires The "Stygian Abyss" Expansion$Legendary Artifact$ 
JLSVKRD,DDUVKRD,Arcane Hide Pants Of Restoration,Legs,Arcane Hide Pants Of Restoration$Insured$Weight: 5 Stones$Elves Only$Brittle$Fire Eater 12%$Intelligence Bonus 2$Mana Increase 8$Hit Point Regeneration 3$Stamina Regeneration 2$Mana Regeneration 4$Lower Reagent Cost 20%$Physical Resist 18%$Fire Resist 18%$Cold Resist 19%$Poison Resist 18%$Energy Resist 17%$Mage Armor$Strength Requirement 25$Durability 255 / 255$* Requires The "Stygian Abyss" Expansion$Legendary Artifact$ 
ZKSVKRD,FEUVKRD,Mystic Platemail Arms Of Haste,Arms,Mystic Platemail Arms Of Haste$Insured$Weight: 5 Stones$Brittle$Dexterity Bonus 5$Intelligence Bonus 3$Stamina Increase 8$Mana Increase 8$Stamina Regeneration 2$Mana Regeneration 3$Lower Mana Cost 8%$Physical Resist 20%$Fire Resist 3%$Cold Resist 17%$Poison Resist 18%$Energy Resist 17%$Mage Armor$Strength Requirement 80$Durability 255 / 255$Legendary Artifact$ 
PJSVKRD,DDUVKRD,Arcane Leather Sleeves Of Vitality,Arms,Arcane Leather Sleeves Of Vitality$Insured$Weight: 2 Stones$Brittle$Energy Eater 3%$Casting Focus 1%$Intelligence Bonus 4$Hit Point Increase 5$Hit Point Regeneration 4$Mana Regeneration 1$Lower Mana Cost 8%$Lower Reagent Cost 10%$Physical Resist 17%$Fire Resist 19%$Cold Resist 18%$Poison Resist 18%$Energy Resist 18%$Strength Requirement 20$Durability 255 / 255$* Requires The "Stygian Abyss" Expansion$Legendary Artifact$ 
HESVKRD,FEUVKRD,Mystic Studded Gloves Of Haste,Gloves,Mystic Studded Gloves Of Haste$Insured$Weight: 1 Stone$Brittle$Dexterity Bonus 5$Stamina Increase 8$Mana Increase 10$Stamina Regeneration 2$Mana Regeneration 3$Lower Mana Cost 8%$Physical Resist 17%$Fire Resist 19%$Cold Resist 3%$Poison Resist 18%$Energy Resist 19%$Mage Armor$Strength Requirement 25$Durability 255 / 255$Legendary Artifact$ 
RCSVKRD,ODUVKRD,Mystic Woodland Gauntlets Of Haste,Gloves,Mystic Woodland Gauntlets Of Haste$Insured$Weight: 2 Stones$Elves Only$Brittle$Dexterity Bonus 4$Intelligence Bonus 4$Stamina Increase 10$Mana Increase 8$Stamina Regeneration 2$Mana Regeneration 3$Lower Mana Cost 4%$Physical Resist 20%$Fire Resist 18%$Cold Resist 2%$Poison Resist 18%$Energy Resist 17%$Mage Armor$Strength Requirement 70$Durability 255 / 255$Legendary Artifact$ 
HGSVKRD,DDUVKRD,Arcane Plate Helm Of Vitality,Helm,Arcane Plate Helm Of Vitality$Insured$Weight: 5 Stones$Brittle$Fire Eater 15%$Intelligence Bonus 3$Hit Point Increase 5$Mana Increase 2$Hit Point Regeneration 3$Mana Regeneration 4$Lower Mana Cost 2%$Lower Reagent Cost 20%$Physical Resist 20%$Fire Resist 18%$Cold Resist 17%$Poison Resist 18%$Energy Resist 17%$Strength Requirement 80$Durability 255 / 255$* Requires The "Stygian Abyss" Expansion$Legendary Artifact$ 
WFSVKRD,DDUVKRD,Arcane Woodland Gauntlets Of Restoration,Gloves,Arcane Woodland Gauntlets Of Restoration$Insured$Weight: 2 Stones$Elves Only$Brittle$Poison Eater 15%$Intelligence Bonus 4$Mana Increase 8$Hit Point Regeneration 3$Stamina Regeneration 3$Mana Regeneration 2$Lower Mana Cost 8%$Lower Reagent Cost 10%$Physical Resist 20%$Fire Resist 18%$Cold Resist 17%$Poison Resist 18%$Energy Resist 17%$Strength Requirement 70$Durability 255 / 255$* Requires The "Stygian Abyss" Expansion$Legendary Artifact$ 
WESVKRD,DDUVKRD,Arcane Woodland Leggings Of Restoration,Legs,Arcane Woodland Leggings Of Restoration$Insured$Weight: 8 Stones$Elves Only$Brittle$Energy Eater 12%$Casting Focus 2%$Mana Increase 10$Hit Point Regeneration 4$Stamina Regeneration 1$Mana Regeneration 4$Lower Mana Cost 10%$Lower Reagent Cost 10%$Physical Resist 20%$Fire Resist 18%$Cold Resist 17%$Poison Resist 18%$Energy Resist 17%$Mage Armor$Strength Requirement 90$Durability 255 / 255$* Requires The "Stygian Abyss" Expansion$Legendary Artifact$ 
CYRVKRD,FEUVKRD,Arcane Leather Sleeves Of Haste,Arms,Arcane Leather Sleeves Of Haste$Insured$Weight: 2 Stones$Brittle$Casting Focus 1%$Dexterity Bonus 4$Stamina Increase 8$Mana Increase 8$Stamina Regeneration 3$Mana Regeneration 1$Lower Mana Cost 10%$Lower Reagent Cost 10%$Physical Resist 17%$Fire Resist 19%$Cold Resist 18%$Poison Resist 18%$Energy Resist 18%$Strength Requirement 20$Durability 255 / 255$* Requires The "Stygian Abyss" Expansion$Legendary Artifact$ 
ZXRVKRD,DDUVKRD,Arcane Studded Gorget Of Restoration,Gorget,Arcane Studded Gorget Of Restoration$Insured$Weight: 1 Stone$Brittle$Fire Eater 12%$Intelligence Bonus 4$Mana Increase 8$Hit Point Regeneration 3$Stamina Regeneration 3$Mana Regeneration 4$Lower Mana Cost 10%$Lower Reagent Cost 10%$Physical Resist 17%$Fire Resist 19%$Cold Resist 18%$Poison Resist 18%$Energy Resist 19%$Mage Armor$Strength Requirement 25$Durability 255 / 255$* Requires The "Stygian Abyss" Expansion$Legendary Artifact$ 
AYRVKRD,ODUVKRD,Mystic Plate Helm Of Haste,Helm,Mystic Plate Helm Of Haste$Insured$Weight: 5 Stones$Brittle$Dexterity Bonus 4$Intelligence Bonus 3$Stamina Increase 10$Mana Increase 10$Stamina Regeneration 2$Mana Regeneration 3$Lower Mana Cost 2%$Physical Resist 20%$Fire Resist 18%$Cold Resist 17%$Poison Resist 18%$Energy Resist 17%$Mage Armor$Strength Requirement 80$Durability 255 / 255$Legendary Artifact$ 
PXRVKRD,DDUVKRD,Arcane Woodland Arms Of Restoration,Arms,Arcane Woodland Arms Of Restoration$Insured$Weight: 5 Stones$Elves Only$Brittle$Cold Eater 15%$Casting Focus 1%$Intelligence Bonus 2$Hit Point Regeneration 4$Stamina Regeneration 2$Mana Regeneration 4$Lower Mana Cost 2%$Lower Reagent Cost 25%$Physical Resist 20%$Fire Resist 18%$Cold Resist 17%$Poison Resist 18%$Energy Resist 17%$Strength Requirement 80$Durability 255 / 255$* Requires The "Stygian Abyss" Expansion$Legendary Artifact$ 
RXRVKRD,DDUVKRD,Arcane Hide Gloves Of Vitality,Gloves,Arcane Hide Gloves Of Vitality$Insured$Weight: 2 Stones$Elves Only$Brittle$Damage Eater 15%$Casting Focus 2%$Strength Bonus 4$Mana Increase 8$Hit Point Regeneration 3$Mana Regeneration 1$Lower Mana Cost 8%$Lower Reagent Cost 15%$Physical Resist 18%$Fire Resist 18%$Cold Resist 19%$Poison Resist 18%$Energy Resist 17%$Strength Requirement 15$Durability 255 / 255$* Requires The "Stygian Abyss" Expansion$Legendary Artifact$ 
SXRVKRD,DDUVKRD,Arcane Hide Tunic Of Restoration,Chest,Arcane Hide Tunic Of Restoration$Insured$Weight: 6 Stones$Elves Only$Brittle$Poison Eater 15%$Casting Focus 2%$Intelligence Bonus 5$Mana Increase 4$Hit Point Regeneration 3$Stamina Regeneration 3$Mana Regeneration 3$Lower Mana Cost 4%$Lower Reagent Cost 20%$Physical Resist 18%$Fire Resist 18%$Cold Resist 19%$Poison Resist 3%$Energy Resist 17%$Mage Armor$Strength Requirement 25$Durability 255 / 255$* Requires The "Stygian Abyss" Expansion$Legendary Artifact$ 
LURVKRD,DDUVKRD,Arcane Woodland Chest Of Restoration,Chest,Arcane Woodland Chest Of Restoration$Insured$Weight: 8 Stones$Elves Only$Brittle$Fire Eater 15%$Intelligence Bonus 5$Mana Increase 2$Hit Point Regeneration 1$Stamina Regeneration 4$Mana Regeneration 4$Lower Mana Cost 2%$Lower Reagent Cost 20%$Physical Resist 20%$Fire Resist 18%$Cold Resist 17%$Poison Resist 3%$Energy Resist 17%$Mage Armor$Strength Requirement 95$Durability 255 / 255$* Requires The "Stygian Abyss" Expansion$Legendary Artifact$ 
QURVKRD,DDUVKRD,Arcane Hide Gloves Of Restoration,Gloves,Arcane Hide Gloves Of Restoration$Insured$Weight: 2 Stones$Elves Only$Brittle$Damage Eater 3%$Casting Focus 2%$Mana Increase 8$Hit Point Regeneration 2$Stamina Regeneration 4$Mana Regeneration 4$Lower Mana Cost 10%$Lower Reagent Cost 10%$Physical Resist 18%$Fire Resist 18%$Cold Resist 19%$Poison Resist 18%$Energy Resist 17%$Mage Armor$Strength Requirement 15$Durability 255 / 255$* Requires The "Stygian Abyss" Expansion$Legendary Artifact$ 
BURVKRD,DDUVKRD,Arcane Leather Sleeves Of Vitality,Arms,Arcane Leather Sleeves Of Vitality$Insured$Weight: 2 Stones$Brittle$Energy Eater 12%$Casting Focus 1%$Strength Bonus 4$Intelligence Bonus 5$Mana Increase 8$Hit Point Regeneration 3$Mana Regeneration 1$Lower Mana Cost 2%$Lower Reagent Cost 20%$Physical Resist 17%$Fire Resist 19%$Cold Resist 18%$Poison Resist 18%$Energy Resist 18%$Strength Requirement 20$Durability 255 / 255$* Requires The "Stygian Abyss" Expansion$Legendary Artifact$ 
CURVKRD,DDUVKRD,Arcane Studded Tunic Of Restoration,Chest,Arcane Studded Tunic Of Restoration$Insured$Weight: 8 Stones$Brittle$Fire Eater 15%$Casting Focus 1%$Mana Increase 8$Hit Point Regeneration 2$Stamina Regeneration 1$Mana Regeneration 4$Lower Mana Cost 8%$Lower Reagent Cost 20%$Physical Resist 17%$Fire Resist 19%$Cold Resist 18%$Poison Resist 18%$Energy Resist 19%$Strength Requirement 35$Durability 255 / 255$* Requires The "Stygian Abyss" Expansion$Legendary Artifact$ 
MTRVKRD,DDUVKRD,Arcane Leaf Gorget Of Restoration,Gorget,Arcane Leaf Gorget Of Restoration$Insured$Weight: 2 Stones$Elves Only$Brittle$Energy Eater 12%$Casting Focus 1%$Mana Increase 4$Stamina Regeneration 1$Mana Regeneration 4$Lower Mana Cost 8%$Lower Reagent Cost 20%$Physical Resist 17%$Fire Resist 18%$Cold Resist 17%$Poison Resist 19%$Energy Resist 19%$Strength Requirement 10$Durability 255 / 255$* Requires The "Stygian Abyss" Expansion$Legendary Artifact$ 
FVRVKRD,ODUVKRD,Arcane Leaf Tunic Of Haste,Chest,Arcane Leaf Tunic Of Haste$Insured$Weight: 2 Stones$Elves Only$Brittle$Dexterity Bonus 4$Intelligence Bonus 4$Stamina Increase 10$Mana Increase 4$Mana Regeneration 1$Lower Mana Cost 8%$Lower Reagent Cost 5%$Physical Resist 17%$Fire Resist 18%$Cold Resist 17%$Poison Resist 19%$Energy Resist 19%$Strength Requirement 20$Durability 255 / 255$Legendary Artifact$ 
IORVKRD,DDUVKRD,Arcane Chainmail Tunic Of Restoration,Chest,Arcane Chainmail Tunic Of Restoration$Insured$Weight: 7 Stones$Brittle$Poison Eater 12%$Mana Increase 8$Hit Point Regeneration 4$Mana Regeneration 4$Lower Mana Cost 8%$Lower Reagent Cost 20%$Physical Resist 19%$Fire Resist 19%$Cold Resist 19%$Poison Resist 16%$Energy Resist 17%$Mage Armor$Strength Requirement 60$Durability 255 / 255$* Requires The "Stygian Abyss" Expansion$Legendary Artifact$ 
QRRVKRD,FEUVKRD,Mystic Platemail Gorget Of Haste,Gorget,Mystic Platemail Gorget Of Haste$Insured$Weight: 2 Stones$Brittle$Dexterity Bonus 5$Intelligence Bonus 5$Stamina Increase 8$Mana Increase 4$Stamina Regeneration 2$Mana Regeneration 1$Lower Mana Cost 8%$Physical Resist 20%$Fire Resist 18%$Cold Resist 17%$Poison Resist 18%$Energy Resist 17%$Mage Armor$Strength Requirement 45$Durability 255 / 255$Legendary Artifact$ 
JQRVKRD,DDUVKRD,Arcane Hide Tunic Of Restoration,Chest,Arcane Hide Tunic Of Restoration$Insured$Weight: 6 Stones$Elves Only$Brittle$Cold Eater 12%$Intelligence Bonus 5$Hit Point Regeneration 4$Mana Regeneration 3$Lower Mana Cost 8%$Lower Reagent Cost 15%$Physical Resist 18%$Fire Resist 18%$Cold Resist 19%$Poison Resist 18%$Energy Resist 17%$Mage Armor$Strength Requirement 25$Durability 255 / 255$* Requires The "Stygian Abyss" Expansion$Legendary Artifact$ 
KQRVKRD,DDUVKRD,Arcane Leather Gorget Of Restoration,Gorget,Arcane Leather Gorget Of Restoration$Insured$Weight: 1 Stone$Brittle$Damage Eater 12%$Casting Focus 2%$Intelligence Bonus 4$Hit Point Regeneration 3$Stamina Regeneration 3$Mana Regeneration 3$Lower Mana Cost 8%$Lower Reagent Cost 15%$Physical Resist 17%$Fire Resist 19%$Cold Resist 18%$Poison Resist 18%$Energy Resist 18%$Strength Requirement 20$Durability 255 / 255$* Requires The "Stygian Abyss" Expansion$Legendary Artifact$ 
RKRVKRD,DDUVKRD,Arcane Leather Tunic Of Vitality,Chest,Arcane Leather Tunic Of Vitality$Insured$Weight: 6 Stones$Brittle$Cold Eater 12%$Casting Focus 1%$Strength Bonus 4$Intelligence Bonus 5$Mana Increase 6$Hit Point Regeneration 3$Mana Regeneration 1$Lower Mana Cost 8%$Lower Reagent Cost 10%$Physical Resist 17%$Fire Resist 19%$Cold Resist 18%$Poison Resist 18%$Energy Resist 18%$Strength Requirement 25$Durability 255 / 255$* Requires The "Stygian Abyss" Expansion$Legendary Artifact$ 
UKRVKRD,ODUVKRD,Arcane Leaf Leggings Of Haste,Legs,Arcane Leaf Leggings Of Haste$Insured$Weight: 2 Stones$Elves Only$Brittle$Casting Focus 2%$Dexterity Bonus 4$Stamina Increase 10$Mana Increase 8$Stamina Regeneration 1$Mana Regeneration 1$Lower Mana Cost 8%$Lower Reagent Cost 5%$Physical Resist 17%$Fire Resist 18%$Cold Resist 17%$Poison Resist 19%$Energy Resist 19%$Strength Requirement 20$Durability 255 / 255$* Requires The "Stygian Abyss" Expansion$Legendary Artifact$ 
YIRVKRD,ODUVKRD,Mystic Platemail Tunic Of Haste,Chest,Mystic Platemail Tunic Of Haste$Insured$Weight: 10 Stones$Brittle$Dexterity Bonus 4$Intelligence Bonus 5$Stamina Increase 10$Mana Increase 10$Stamina Regeneration 3$Mana Regeneration 1$Lower Mana Cost 2%$Physical Resist 20%$Fire Resist 18%$Cold Resist 17%$Poison Resist 18%$Energy Resist 17%$Mage Armor$Strength Requirement 95$Durability 255 / 255$Legendary Artifact$ 
FMRVKRD,DDUVKRD,Arcane Studded Leggings Of Vitality,Legs,Arcane Studded Leggings Of Vitality$Insured$Weight: 5 Stones$Brittle$Poison Eater 12%$Casting Focus 2%$Intelligence Bonus 4$Hit Point Increase 5$Hit Point Regeneration 3$Mana Regeneration 2$Lower Reagent Cost 20%$Physical Resist 17%$Fire Resist 19%$Cold Resist 18%$Poison Resist 18%$Energy Resist 19%$Mage Armor$Strength Requirement 30$Durability 255 / 255$* Requires The "Stygian Abyss" Expansion$Legendary Artifact$ 
NDRVKRD,DDUVKRD,Arcane Woodland Leggings Of Restoration,Legs,Arcane Woodland Leggings Of Restoration$Insured$Weight: 8 Stones$Elves Only$Brittle$Damage Eater 12%$Casting Focus 2%$Mana Increase 2$Hit Point Regeneration 4$Stamina Regeneration 3$Mana Regeneration 3$Lower Mana Cost 10%$Lower Reagent Cost 20%$Physical Resist 20%$Fire Resist 18%$Cold Resist 17%$Poison Resist 18%$Energy Resist 17%$Mage Armor$Strength Requirement 90$Durability 255 / 255$* Requires The "Stygian Abyss" Expansion$Legendary Artifact$ 
GIRVKRD,DDUVKRD,Arcane Leaf Leggings Of Vitality,Legs,Arcane Leaf Leggings Of Vitality$Insured$Weight: 2 Stones$Elves Only$Brittle$Cold Eater 15%$Casting Focus 1%$Intelligence Bonus 4$Hit Point Increase 7$Mana Increase 2$Hit Point Regeneration 1$Mana Regeneration 1$Lower Mana Cost 6%$Lower Reagent Cost 25%$Physical Resist 17%$Fire Resist 18%$Cold Resist 17%$Poison Resist 19%$Energy Resist 19%$Strength Requirement 20$Durability 255 / 255$* Requires The "Stygian Abyss" Expansion$Legendary Artifact$ 
EIRVKRD,FEUVKRD,Mystic Platemail Gloves Of Haste,Gloves,Mystic Platemail Gloves Of Haste$Insured$Weight: 2 Stones$Brittle$Dexterity Bonus 4$Intelligence Bonus 1$Stamina Increase 8$Mana Increase 6$Stamina Regeneration 3$Mana Regeneration 3$Lower Mana Cost 10%$Physical Resist 20%$Fire Resist 18%$Cold Resist 17%$Poison Resist 18%$Energy Resist 17%$Mage Armor$Strength Requirement 70$Durability 255 / 255$Legendary Artifact$ 
KHRVKRD,DDUVKRD,Arcane Hide Gorget Of Restoration,Gorget,Arcane Hide Gorget Of Restoration$Insured$Weight: 3 Stones$Elves Only$Brittle$Poison Eater 12%$Casting Focus 1%$Intelligence Bonus 2$Mana Increase 2$Hit Point Regeneration 3$Stamina Regeneration 3$Mana Regeneration 4$Lower Mana Cost 2%$Lower Reagent Cost 25%$Physical Resist 18%$Fire Resist 18%$Cold Resist 19%$Poison Resist 3%$Energy Resist 17%$Mage Armor$Strength Requirement 15$Durability 255 / 255$* Requires The "Stygian Abyss" Expansion$Legendary Artifact$ 
CHRVKRD,ODUVKRD,Arcane Woodland Gorget Of Haste,Gorget,Arcane Woodland Gorget Of Haste$Insured$Weight: 3 Stones$Elves Only$Brittle$Casting Focus 1%$Dexterity Bonus 3$Intelligence Bonus 2$Stamina Increase 10$Mana Increase 2$Stamina Regeneration 3$Mana Regeneration 4$Lower Reagent Cost 20%$Physical Resist 20%$Fire Resist 18%$Cold Resist 17%$Poison Resist 18%$Energy Resist 17%$Strength Requirement 45$Durability 255 / 255$* Requires The "Stygian Abyss" Expansion$Legendary Artifact$ 
RGRVKRD,ODUVKRD,Arcane Wide-Brim Hat Of Haste,Helm,Arcane Wide-Brim Hat Of Haste$Insured$Weight: 1 Stone$Brittle$Dexterity Bonus 4$Intelligence Bonus 4$Stamina Increase 10$Mana Increase 2$Stamina Regeneration 2$Mana Regeneration 1$Lower Mana Cost 8%$Lower Reagent Cost 20%$Physical Resist 15%$Fire Resist 20%$Cold Resist 24%$Poison Resist 20%$Energy Resist 20%$Strength Requirement 10$Durability 255 / 255$Legendary Artifact$ 
IGRVKRD,ODUVKRD,Mystic Woodland Leggings Of Haste,Legs,Mystic Woodland Leggings Of Haste$Insured$Weight: 8 Stones$Elves Only$Brittle$Dexterity Bonus 4$Intelligence Bonus 3$Stamina Increase 10$Mana Increase 8$Stamina Regeneration 3$Mana Regeneration 3$Lower Mana Cost 8%$Physical Resist 20%$Fire Resist 3%$Cold Resist 17%$Poison Resist 18%$Energy Resist 17%$Mage Armor$Strength Requirement 90$Durability 255 / 255$Legendary Artifact$ 
TARVKRD,DDUVKRD,Arcane Leather Gorget Of Restoration,Gorget,Arcane Leather Gorget Of Restoration$Insured$Weight: 1 Stone$Brittle$Fire Eater 15%$Casting Focus 1%$Intelligence Bonus 4$Hit Point Regeneration 2$Stamina Regeneration 1$Mana Regeneration 4$Lower Mana Cost 10%$Lower Reagent Cost 10%$Physical Resist 17%$Fire Resist 19%$Cold Resist 18%$Poison Resist 18%$Energy Resist 18%$Strength Requirement 20$Durability 255 / 255$* Requires The "Stygian Abyss" Expansion$Legendary Artifact$ 
ZARVKRD,FEUVKRD,Mystic Hide Pauldrons Of Haste,Arms,Mystic Hide Pauldrons Of Haste$Insured$Weight: 4 Stones$Elves Only$Brittle$Dexterity Bonus 4$Intelligence Bonus 4$Stamina Increase 8$Mana Increase 4$Stamina Regeneration 3$Mana Regeneration 3$Lower Mana Cost 8%$Physical Resist 18%$Fire Resist 18%$Cold Resist 4%$Poison Resist 18%$Energy Resist 17%$Mage Armor$Strength Requirement 20$Durability 255 / 255$Legendary Artifact$ 
GARVKRD,DDUVKRD,Arcane Hide Gorget Of Vitality,Gorget,Arcane Hide Gorget Of Vitality$Insured$Weight: 3 Stones$Elves Only$Brittle$Energy Eater 12%$Casting Focus 2%$Strength Bonus 5$Hit Point Increase 5$Mana Increase 2$Mana Regeneration 3$Lower Mana Cost 8%$Lower Reagent Cost 20%$Physical Resist 18%$Fire Resist 18%$Cold Resist 19%$Poison Resist 18%$Energy Resist 17%$Strength Requirement 15$Durability 255 / 255$* Requires The "Stygian Abyss" Expansion$Legendary Artifact$ 
BARVKRD,DDUVKRD,Arcane Bandana Of Restoration,Helm,Arcane Bandana Of Restoration$Insured$Weight: 1 Stone$Brittle$Poison Eater 12%$Casting Focus 1%$Intelligence Bonus 5$Mana Increase 2$Hit Point Regeneration 4$Stamina Regeneration 3$Mana Regeneration 2$Lower Mana Cost 8%$Lower Reagent Cost 20%$Physical Resist 15%$Fire Resist 18%$Cold Resist 20%$Poison Resist 23%$Energy Resist 23%$Strength Requirement 10$Durability 255 / 255$* Requires The "Stygian Abyss" Expansion$Legendary Artifact$ 
ZZQVKRD,DDUVKRD,Arcane Woodland Gorget Of Vitality,Gorget,Arcane Woodland Gorget Of Vitality$Insured$Weight: 3 Stones$Elves Only$Brittle$Kinetic Eater 12%$Casting Focus 2%$Strength Bonus 4$Intelligence Bonus 4$Mana Increase 10$Hit Point Regeneration 3$Mana Regeneration 1$Lower Reagent Cost 20%$Physical Resist 20%$Fire Resist 18%$Cold Resist 17%$Poison Resist 18%$Energy Resist 17%$Mage Armor$Strength Requirement 45$Durability 255 / 255$* Requires The "Stygian Abyss" Expansion$Legendary Artifact$ 
AARVKRD,DDUVKRD,Arcane Tall Straw Hat Of Restoration,Helm,Arcane Tall Straw Hat Of Restoration$Insured$Weight: 1 Stone$Brittle$Cold Eater 12%$Casting Focus 3%$Intelligence Bonus 2$Mana Increase 2$Hit Point Regeneration 3$Stamina Regeneration 1$Mana Regeneration 4$Lower Mana Cost 4%$Lower Reagent Cost 20%$Physical Resist 15%$Fire Resist 20%$Cold Resist 24%$Poison Resist 20%$Energy Resist 20%$Strength Requirement 10$Durability 255 / 255$* Requires The "Stygian Abyss" Expansion$Legendary Artifact$ 
KBRVKRD,ODUVKRD,Arcane Hide Gorget Of Haste,Gorget,Arcane Hide Gorget Of Haste$Insured$Weight: 3 Stones$Elves Only$Brittle$Casting Focus 2%$Dexterity Bonus 5$Intelligence Bonus 4$Stamina Increase 10$Mana Increase 8$Stamina Regeneration 1$Lower Mana Cost 6%$Physical Resist 18%$Fire Resist 18%$Cold Resist 19%$Poison Resist 18%$Energy Resist 17%$Mage Armor$Strength Requirement 15$Durability 255 / 255$* Requires The "Stygian Abyss" Expansion$Legendary Artifact$ 
UUQVKRD,FEUVKRD,Arcane Bone Helmet Of Haste,Helm,Arcane Bone Helmet Of Haste$Insured$Weight: 3 Stones$Brittle$Dexterity Bonus 5$Intelligence Bonus 3$Stamina Increase 8$Mana Increase 10$Stamina Regeneration 2$Mana Regeneration 1$Lower Mana Cost 8%$Lower Reagent Cost 5%$Physical Resist 18%$Fire Resist 18%$Cold Resist 19%$Poison Resist 17%$Energy Resist 19%$Strength Requirement 20$Durability 255 / 255$Legendary Artifact$ 
KUQVKRD,DDUVKRD,Arcane Woodland Chest Of Restoration,Chest,Arcane Woodland Chest Of Restoration$Insured$Weight: 8 Stones$Elves Only$Brittle$Fire Eater 15%$Casting Focus 2%$Hit Point Regeneration 4$Stamina Regeneration 1$Mana Regeneration 2$Lower Mana Cost 10%$Lower Reagent Cost 20%$Physical Resist 20%$Fire Resist 18%$Cold Resist 17%$Poison Resist 18%$Energy Resist 17%$Mage Armor$Strength Requirement 95$Durability 255 / 255$* Requires The "Stygian Abyss" Expansion$Legendary Artifact$ 
FUQVKRD,FEUVKRD,Arcane Leaf Gorget Of Haste,Gorget,Arcane Leaf Gorget Of Haste$Insured$Weight: 2 Stones$Elves Only$Brittle$Dexterity Bonus 4$Intelligence Bonus 4$Stamina Increase 8$Mana Increase 6$Stamina Regeneration 3$Mana Regeneration 1$Lower Mana Cost 8%$Lower Reagent Cost 5%$Physical Resist 17%$Fire Resist 18%$Cold Resist 17%$Poison Resist 19%$Energy Resist 19%$Strength Requirement 10$Durability 255 / 255$Legendary Artifact$ 
LXQVKRD,FEUVKRD,Mystic Winged Helm Of Haste,Helm,Mystic Winged Helm Of Haste$Insured$Weight: 5 Stones$Elves Only$Brittle$Dexterity Bonus 5$Intelligence Bonus 5$Stamina Increase 8$Mana Increase 4$Stamina Regeneration 3$Mana Regeneration 2$Lower Mana Cost 8%$Physical Resist 20%$Fire Resist 16%$Cold Resist 17%$Poison Resist 2%$Energy Resist 20%$Mage Armor$Strength Requirement 25$Durability 255 / 255$Legendary Artifact$ 
CXQVKRD,ODUVKRD,Arcane Orc Helm Of Haste,Helm,Arcane Orc Helm Of Haste$Insured$Weight: 5 Stones$Brittle$Dexterity Bonus 4$Intelligence Bonus 4$Stamina Increase 10$Stamina Regeneration 2$Mana Regeneration 1$Lower Mana Cost 8%$Lower Reagent Cost 20%$Physical Resist 18%$Fire Resist 16%$Cold Resist 18%$Poison Resist 18%$Energy Resist 20%$Mage Armor$Strength Requirement 30$Durability 255 / 255$Legendary Artifact$ 
IXQVKRD,DDUVKRD,Arcane Studded Gorget Of Restoration,Gorget,Arcane Studded Gorget Of Restoration$Insured$Weight: 1 Stone$Brittle$Energy Eater 12%$Intelligence Bonus 4$Mana Increase 8$Hit Point Regeneration 3$Stamina Regeneration 2$Mana Regeneration 4$Lower Reagent Cost 20%$Physical Resist 17%$Fire Resist 19%$Cold Resist 18%$Poison Resist 18%$Energy Resist 19%$Mage Armor$Strength Requirement 25$Durability 255 / 255$* Requires The "Stygian Abyss" Expansion$Legendary Artifact$ 
ZWQVKRD,DDUVKRD,Arcane Leaf Gloves Of Restoration,Gloves,Arcane Leaf Gloves Of Restoration$Insured$Weight: 2 Stones$Elves Only$Brittle$Kinetic Eater 12%$Casting Focus 1%$Intelligence Bonus 2$Mana Increase 2$Hit Point Regeneration 3$Stamina Regeneration 3$Mana Regeneration 4$Lower Mana Cost 8%$Lower Reagent Cost 15%$Physical Resist 17%$Fire Resist 18%$Cold Resist 17%$Poison Resist 19%$Energy Resist 19%$Strength Requirement 10$Durability 255 / 255$* Requires The "Stygian Abyss" Expansion$Legendary Artifact$ 
AXQVKRD,DDUVKRD,Arcane Leather Gloves Of Restoration,Gloves,Arcane Leather Gloves Of Restoration$Insured$Weight: 1 Stone$Brittle$Energy Eater 15%$Casting Focus 1%$Hit Point Regeneration 4$Stamina Regeneration 1$Mana Regeneration 4$Lower Mana Cost 2%$Lower Reagent Cost 25%$Physical Resist 17%$Fire Resist 19%$Cold Resist 18%$Poison Resist 18%$Energy Resist 18%$Strength Requirement 20$Durability 255 / 255$* Requires The "Stygian Abyss" Expansion$Legendary Artifact$ 
RQQVKRD,FEUVKRD,Arcane Deer Mask Of Haste,Helm,Arcane Deer Mask Of Haste$Insured$Weight: 4 Stones$Brittle$Dexterity Bonus 5$Intelligence Bonus 2$Stamina Increase 8$Mana Increase 8$Stamina Regeneration 1$Mana Regeneration 1$Lower Mana Cost 10%$Lower Reagent Cost 5%$Physical Resist 17%$Fire Resist 21%$Cold Resist 23%$Poison Resist 16%$Energy Resist 22%$Strength Requirement 10$Durability 255 / 255$Legendary Artifact$ 
WQQVKRD,DDUVKRD,Arcane Hide Tunic Of Restoration,Chest,Arcane Hide Tunic Of Restoration$Insured$Weight: 6 Stones$Elves Only$Brittle$Fire Eater 12%$Intelligence Bonus 2$Mana Increase 10$Hit Point Regeneration 3$Stamina Regeneration 1$Mana Regeneration 4$Lower Reagent Cost 25%$Physical Resist 18%$Fire Resist 3%$Cold Resist 19%$Poison Resist 18%$Energy Resist 17%$Mage Armor$Strength Requirement 25$Durability 255 / 255$* Requires The "Stygian Abyss" Expansion$Legendary Artifact$ 
TQQVKRD,ODUVKRD,Arcane Ringmail Gloves Of Haste,Gloves,Arcane Ringmail Gloves Of Haste$Insured$Weight: 2 Stones$Brittle$Dexterity Bonus 4$Intelligence Bonus 4$Stamina Increase 10$Mana Increase 4$Stamina Regeneration 2$Mana Regeneration 3$Lower Reagent Cost 20%$Physical Resist 18%$Fire Resist 18%$Cold Resist 16%$Poison Resist 20%$Energy Resist 18%$Mage Armor$Strength Requirement 40$Durability 255 / 255$Legendary Artifact$ 
IQQVKRD,DDUVKRD,Arcane Leaf Arms Of Restoration,Arms,Arcane Leaf Arms Of Restoration$Insured$Weight: 2 Stones$Elves Only$Brittle$Energy Eater 6%$Casting Focus 2%$Mana Increase 2$Hit Point Regeneration 3$Stamina Regeneration 1$Mana Regeneration 4$Lower Mana Cost 10%$Lower Reagent Cost 10%$Physical Resist 17%$Fire Resist 18%$Cold Resist 17%$Poison Resist 19%$Energy Resist 19%$Strength Requirement 15$Durability 255 / 255$* Requires The "Stygian Abyss" Expansion$Legendary Artifact$ 
LQQVKRD,ODUVKRD,Arcane Leaf Gorget Of Haste,Gorget,Arcane Leaf Gorget Of Haste$Insured$Weight: 2 Stones$Elves Only$Brittle$Casting Focus 3%$Dexterity Bonus 3$Intelligence Bonus 2$Stamina Increase 10$Mana Increase 2$Stamina Regeneration 3$Mana Regeneration 1$Lower Reagent Cost 20%$Physical Resist 17%$Fire Resist 18%$Cold Resist 17%$Poison Resist 19%$Energy Resist 19%$Strength Requirement 10$Durability 255 / 255$* Requires The "Stygian Abyss" Expansion$Legendary Artifact$ 
CQQVKRD,DDUVKRD,Arcane Platemail Gloves Of Restoration,Gloves,Arcane Platemail Gloves Of Restoration$Insured$Weight: 2 Stones$Brittle$Fire Eater 12%$Casting Focus 1%$Intelligence Bonus 1$Mana Increase 8$Hit Point Regeneration 3$Stamina Regeneration 3$Mana Regeneration 4$Lower Mana Cost 8%$Lower Reagent Cost 20%$Physical Resist 5%$Fire Resist 18%$Cold Resist 17%$Poison Resist 18%$Energy Resist 17%$Mage Armor$Strength Requirement 70$Durability 255 / 255$* Requires The "Stygian Abyss" Expansion$Legendary Artifact$ 
LTQVKRD,DDUVKRD,Arcane Leather Sleeves Of Restoration,Arms,Arcane Leather Sleeves Of Restoration$Insured$Weight: 2 Stones$Brittle$Energy Eater 12%$Casting Focus 2%$Intelligence Bonus 1$Stamina Regeneration 3$Mana Regeneration 4$Lower Mana Cost 8%$Lower Reagent Cost 10%$Physical Resist 17%$Fire Resist 19%$Cold Resist 18%$Poison Resist 18%$Energy Resist 18%$Strength Requirement 20$Durability 255 / 255$* Requires The "Stygian Abyss" Expansion$Legendary Artifact$ 
SLQVKRD,DDUVKRD,Arcane Hide Gorget Of Restoration,Gorget,Arcane Hide Gorget Of Restoration$Insured$Weight: 3 Stones$Elves Only$Brittle$Poison Eater 12%$Casting Focus 2%$Intelligence Bonus 5$Mana Increase 2$Hit Point Regeneration 4$Stamina Regeneration 2$Mana Regeneration 4$Lower Mana Cost 4%$Lower Reagent Cost 25%$Physical Resist 18%$Fire Resist 18%$Cold Resist 19%$Poison Resist 18%$Energy Resist 17%$Mage Armor$Strength Requirement 15$Durability 255 / 255$* Requires The "Stygian Abyss" Expansion$Legendary Artifact$ 
JMQVKRD,FEUVKRD,Arcane Platemail Gloves Of Haste,Gloves,Arcane Platemail Gloves Of Haste$Insured$Weight: 2 Stones$Brittle$Casting Focus 1%$Dexterity Bonus 4$Stamina Increase 8$Mana Increase 8$Stamina Regeneration 3$Mana Regeneration 3$Lower Mana Cost 8%$Physical Resist 20%$Fire Resist 18%$Cold Resist 17%$Poison Resist 18%$Energy Resist 17%$Mage Armor$Strength Requirement 70$Durability 255 / 255$* Requires The "Stygian Abyss" Expansion$Legendary Artifact$ 
IMQVKRD,DDUVKRD,Arcane Hide Gloves Of Restoration,Gloves,Arcane Hide Gloves Of Restoration$Insured$Weight: 2 Stones$Elves Only$Brittle$Poison Eater 9%$Casting Focus 2%$Mana Increase 8$Hit Point Regeneration 3$Stamina Regeneration 3$Mana Regeneration 4$Lower Mana Cost 8%$Lower Reagent Cost 20%$Physical Resist 18%$Fire Resist 18%$Cold Resist 19%$Poison Resist 18%$Energy Resist 17%$Mage Armor$Strength Requirement 15$Durability 255 / 255$* Requires The "Stygian Abyss" Expansion$Legendary Artifact$ 
LMQVKRD,FEUVKRD,Arcane Leather Gorget Of Haste,Gorget,Arcane Leather Gorget Of Haste$Insured$Weight: 1 Stone$Brittle$Casting Focus 1%$Dexterity Bonus 4$Intelligence Bonus 4$Stamina Increase 8$Mana Increase 8$Stamina Regeneration 3$Mana Regeneration 1$Lower Mana Cost 8%$Lower Reagent Cost 5%$Physical Resist 17%$Fire Resist 19%$Cold Resist 18%$Poison Resist 18%$Energy Resist 18%$Strength Requirement 20$Durability 255 / 255$* Requires The "Stygian Abyss" Expansion$Legendary Artifact$ 
BFQVKRD,FEUVKRD,Mystic Platemail Gorget Of Haste,Gorget,Mystic Platemail Gorget Of Haste$Insured$Weight: 2 Stones$Brittle$Dexterity Bonus 4$Intelligence Bonus 4$Stamina Increase 8$Mana Increase 6$Stamina Regeneration 3$Mana Regeneration 1$Lower Mana Cost 8%$Physical Resist 20%$Fire Resist 18%$Cold Resist 17%$Poison Resist 18%$Energy Resist 17%$Mage Armor$Strength Requirement 45$Durability 255 / 255$Legendary Artifact$ 
CFQVKRD,DDUVKRD,Arcane Woodland Leggings Of Restoration,Legs,Arcane Woodland Leggings Of Restoration$Insured$Weight: 8 Stones$Elves Only$Brittle$Kinetic Eater 15%$Casting Focus 1%$Intelligence Bonus 1$Mana Increase 10$Hit Point Regeneration 3$Stamina Regeneration 4$Mana Regeneration 4$Lower Mana Cost 2%$Lower Reagent Cost 20%$Physical Resist 20%$Fire Resist 18%$Cold Resist 17%$Poison Resist 18%$Energy Resist 17%$Mage Armor$Strength Requirement 90$Durability 255 / 255$* Requires The "Stygian Abyss" Expansion$Legendary Artifact$ 
QJQVKRD,DDUVKRD,Arcane Hide Gloves Of Restoration,Gloves,Arcane Hide Gloves Of Restoration$Insured$Weight: 2 Stones$Elves Only$Brittle$Damage Eater 15%$Intelligence Bonus 4$Mana Increase 2$Hit Point Regeneration 3$Stamina Regeneration 2$Mana Regeneration 3$Lower Mana Cost 8%$Lower Reagent Cost 25%$Physical Resist 18%$Fire Resist 18%$Cold Resist 19%$Poison Resist 18%$Energy Resist 17%$Strength Requirement 15$Durability 255 / 255$* Requires The "Stygian Abyss" Expansion$Legendary Artifact$ 
OJQVKRD,DDUVKRD,Arcane Leather Gloves Of Vitality,Gloves,Arcane Leather Gloves Of Vitality$Insured$Weight: 1 Stone$Brittle$Poison Eater 12%$Casting Focus 2%$Strength Bonus 5$Intelligence Bonus 4$Hit Point Regeneration 2$Mana Regeneration 1$Lower Mana Cost 8%$Lower Reagent Cost 10%$Physical Resist 17%$Fire Resist 19%$Cold Resist 18%$Poison Resist 18%$Energy Resist 18%$Strength Requirement 20$Durability 255 / 255$* Requires The "Stygian Abyss" Expansion$Legendary Artifact$ 
FJQVKRD,ODUVKRD,Arcane Leaf Gloves Of Haste,Gloves,Arcane Leaf Gloves Of Haste$Insured$Weight: 2 Stones$Elves Only$Brittle$Dexterity Bonus 4$Intelligence Bonus 4$Stamina Increase 10$Mana Increase 4$Stamina Regeneration 2$Mana Regeneration 4$Lower Mana Cost 2%$Lower Reagent Cost 5%$Physical Resist 17%$Fire Resist 18%$Cold Resist 17%$Poison Resist 19%$Energy Resist 19%$Strength Requirement 10$Durability 255 / 255$Legendary Artifact$ 
JJQVKRD,ODUVKRD,Mystic Platemail Arms Of Haste,Arms,Mystic Platemail Arms Of Haste$Insured$Weight: 5 Stones$Brittle$Dexterity Bonus 5$Intelligence Bonus 4$Stamina Increase 10$Mana Increase 2$Stamina Regeneration 1$Mana Regeneration 2$Lower Mana Cost 10%$Physical Resist 20%$Fire Resist 3%$Cold Resist 17%$Poison Resist 18%$Energy Resist 17%$Mage Armor$Strength Requirement 80$Durability 255 / 255$Legendary Artifact$ 
CJQVKRD,DDUVKRD,Arcane Woodland Gauntlets Of Restoration,Gloves,Arcane Woodland Gauntlets Of Restoration$Insured$Weight: 2 Stones$Elves Only$Brittle$Cold Eater 12%$Casting Focus 2%$Intelligence Bonus 4$Hit Point Regeneration 4$Stamina Regeneration 1$Mana Regeneration 3$Lower Mana Cost 8%$Lower Reagent Cost 15%$Physical Resist 20%$Fire Resist 18%$Cold Resist 17%$Poison Resist 18%$Energy Resist 17%$Strength Requirement 70$Durability 255 / 255$* Requires The "Stygian Abyss" Expansion$Legendary Artifact$ 
WHQVKRD,ODUVKRD,Arcane Leather Gorget Of Haste,Gorget,Arcane Leather Gorget Of Haste$Insured$Weight: 1 Stone$Brittle$Casting Focus 2%$Dexterity Bonus 4$Intelligence Bonus 3$Stamina Increase 10$Mana Increase 2$Stamina Regeneration 3$Mana Regeneration 4$Lower Mana Cost 4%$Lower Reagent Cost 5%$Physical Resist 17%$Fire Resist 19%$Cold Resist 18%$Poison Resist 18%$Energy Resist 18%$Strength Requirement 20$Durability 255 / 255$* Requires The "Stygian Abyss" Expansion$Legendary Artifact$ 
RAQVKRD,ODUVKRD,Arcane Studded Gloves Of Haste,Gloves,Arcane Studded Gloves Of Haste$Insured$Weight: 1 Stone$Brittle$Casting Focus 1%$Dexterity Bonus 4$Intelligence Bonus 4$Stamina Increase 10$Mana Increase 10$Stamina Regeneration 3$Lower Mana Cost 6%$Physical Resist 17%$Fire Resist 19%$Cold Resist 18%$Poison Resist 18%$Energy Resist 19%$Mage Armor$Strength Requirement 25$Durability 255 / 255$* Requires The "Stygian Abyss" Expansion$Legendary Artifact$ 
PAQVKRD,DDUVKRD,Arcane Woodland Leggings Of Vitality,Legs,Arcane Woodland Leggings Of Vitality$Insured$Weight: 8 Stones$Elves Only$Brittle$Fire Eater 12%$Casting Focus 1%$Intelligence Bonus 4$Hit Point Increase 7$Mana Increase 2$Hit Point Regeneration 3$Lower Mana Cost 8%$Lower Reagent Cost 25%$Physical Resist 20%$Fire Resist 18%$Cold Resist 2%$Poison Resist 18%$Energy Resist 17%$Mage Armor$Strength Requirement 90$Durability 255 / 255$* Requires The "Stygian Abyss" Expansion$Legendary Artifact$ 
QAQVKRD,DDUVKRD,Arcane Leaf Tunic Of Restoration,Chest,Arcane Leaf Tunic Of Restoration$Insured$Weight: 2 Stones$Elves Only$Brittle$Cold Eater 15%$Intelligence Bonus 4$Mana Increase 2$Hit Point Regeneration 3$Stamina Regeneration 1$Mana Regeneration 4$Lower Reagent Cost 25%$Physical Resist 17%$Fire Resist 18%$Cold Resist 17%$Poison Resist 19%$Energy Resist 19%$Strength Requirement 20$Durability 255 / 255$* Requires The "Stygian Abyss" Expansion$Legendary Artifact$ 
LAQVKRD,DDUVKRD,Arcane Bascinet Of Restoration,Helm,Arcane Bascinet Of Restoration$Insured$Weight: 5 Stones$Brittle$Damage Eater 15%$Casting Focus 1%$Intelligence Bonus 5$Mana Increase 4$Hit Point Regeneration 3$Stamina Regeneration 2$Mana Regeneration 3$Lower Reagent Cost 20%$Physical Resist 22%$Fire Resist 2%$Cold Resist 17%$Poison Resist 17%$Energy Resist 17%$Mage Armor$Strength Requirement 40$Durability 255 / 255$* Requires The "Stygian Abyss" Expansion$Legendary Artifact$ 
MAQVKRD,DDUVKRD,Arcane Studded Gloves Of Restoration,Gloves,Arcane Studded Gloves Of Restoration$Insured$Weight: 1 Stone$Brittle$Damage Eater 12%$Casting Focus 2%$Intelligence Bonus 4$Mana Increase 10$Hit Point Regeneration 2$Stamina Regeneration 4$Mana Regeneration 4$Lower Mana Cost 2%$Lower Reagent Cost 20%$Physical Resist 17%$Fire Resist 19%$Cold Resist 18%$Poison Resist 18%$Energy Resist 19%$Mage Armor$Strength Requirement 25$Durability 255 / 255$* Requires The "Stygian Abyss" Expansion$Legendary Artifact$ 
BAQVKRD,DDUVKRD,Arcane Woodland Chest Of Vitality,Chest,Arcane Woodland Chest Of Vitality$Insured$Weight: 8 Stones$Elves Only$Brittle$Energy Eater 12%$Casting Focus 2%$Strength Bonus 4$Intelligence Bonus 4$Mana Increase 2$Hit Point Regeneration 3$Mana Regeneration 4$Lower Reagent Cost 25%$Physical Resist 20%$Fire Resist 18%$Cold Resist 17%$Poison Resist 18%$Energy Resist 17%$Mage Armor$Strength Requirement 95$Durability 255 / 255$* Requires The "Stygian Abyss" Expansion$Legendary Artifact$ 
ZZPVKRD,DDUVKRD,Arcane Studded Tunic Of Restoration,Chest,Arcane Studded Tunic Of Restoration$Insured$Weight: 8 Stones$Brittle$Fire Eater 12%$Intelligence Bonus 4$Mana Increase 6$Hit Point Regeneration 3$Stamina Regeneration 2$Mana Regeneration 4$Lower Mana Cost 10%$Lower Reagent Cost 10%$Physical Resist 17%$Fire Resist 19%$Cold Resist 18%$Poison Resist 3%$Energy Resist 19%$Mage Armor$Strength Requirement 35$Durability 255 / 255$* Requires The "Stygian Abyss" Expansion$Legendary Artifact$ 
DAQVKRD,DDUVKRD,Arcane Hide Gloves Of Restoration,Gloves,Arcane Hide Gloves Of Restoration$Insured$Weight: 2 Stones$Elves Only$Brittle$Damage Eater 12%$Mana Increase 10$Hit Point Regeneration 4$Stamina Regeneration 1$Mana Regeneration 3$Lower Mana Cost 8%$Lower Reagent Cost 20%$Physical Resist 18%$Fire Resist 18%$Cold Resist 19%$Poison Resist 18%$Energy Resist 17%$Mage Armor$Strength Requirement 15$Durability 255 / 255$* Requires The "Stygian Abyss" Expansion$Legendary Artifact$ 
NEQVKRD,DDUVKRD,Arcane Feathered Hat Of Restoration,Helm,Arcane Feathered Hat Of Restoration$Insured$Weight: 1 Stone$Brittle$Kinetic Eater 15%$Casting Focus 1%$Intelligence Bonus 5$Mana Increase 2$Hit Point Regeneration 2$Mana Regeneration 4$Lower Reagent Cost 20%$Physical Resist 15%$Fire Resist 20%$Cold Resist 24%$Poison Resist 20%$Energy Resist 20%$Strength Requirement 10$Durability 255 / 255$* Requires The "Stygian Abyss" Expansion$Legendary Artifact$ 
GEQVKRD,DDUVKRD,Arcane Leather Gloves Of Restoration,Gloves,Arcane Leather Gloves Of Restoration$Insured$Weight: 1 Stone$Brittle$Poison Eater 15%$Casting Focus 1%$Mana Increase 8$Hit Point Regeneration 3$Stamina Regeneration 1$Mana Regeneration 2$Lower Mana Cost 8%$Lower Reagent Cost 10%$Physical Resist 17%$Fire Resist 19%$Cold Resist 18%$Poison Resist 18%$Energy Resist 18%$Strength Requirement 20$Durability 255 / 255$* Requires The "Stygian Abyss" Expansion$Legendary Artifact$ 
CYPVKRD,DDUVKRD,Arcane Woodland Gauntlets Of Vitality,Gloves,Arcane Woodland Gauntlets Of Vitality$Insured$Weight: 2 Stones$Elves Only$Brittle$Damage Eater 15%$Casting Focus 1%$Hit Point Increase 5$Mana Increase 10$Hit Point Regeneration 4$Mana Regeneration 1$Lower Mana Cost 10%$Lower Reagent Cost 10%$Physical Resist 20%$Fire Resist 18%$Cold Resist 17%$Poison Resist 18%$Energy Resist 17%$Mage Armor$Strength Requirement 70$Durability 255 / 255$* Requires The "Stygian Abyss" Expansion$Legendary Artifact$ 
RXPVKRD,DDUVKRD,Arcane Leaf Tunic Of Restoration,Chest,Arcane Leaf Tunic Of Restoration$Insured$Weight: 2 Stones$Elves Only$Brittle$Kinetic Eater 12%$Casting Focus 1%$Intelligence Bonus 3$Mana Increase 8$Hit Point Regeneration 4$Stamina Regeneration 2$Mana Regeneration 4$Lower Mana Cost 2%$Lower Reagent Cost 20%$Physical Resist 17%$Fire Resist 18%$Cold Resist 17%$Poison Resist 19%$Energy Resist 19%$Strength Requirement 20$Durability 255 / 255$* Requires The "Stygian Abyss" Expansion$Legendary Artifact$ 
KSPVKRD,DDUVKRD,Arcane Straw Hat Of Restoration,Helm,Arcane Straw Hat Of Restoration$Insured$Weight: 1 Stone$Brittle$Kinetic Eater 12%$Casting Focus 1%$Intelligence Bonus 4$Mana Increase 4$Hit Point Regeneration 3$Mana Regeneration 3$Lower Reagent Cost 20%$Physical Resist 15%$Fire Resist 20%$Cold Resist 24%$Poison Resist 20%$Energy Resist 20%$Strength Requirement 10$Durability 255 / 255$* Requires The "Stygian Abyss" Expansion$Legendary Artifact$ 
ISPVKRD,DDUVKRD,Arcane Woodland Leggings Of Restoration,Legs,Arcane Woodland Leggings Of Restoration$Insured$Weight: 8 Stones$Elves Only$Brittle$Cold Eater 15%$Casting Focus 1%$Intelligence Bonus 4$Mana Increase 4$Stamina Regeneration 3$Mana Regeneration 3$Lower Mana Cost 10%$Lower Reagent Cost 20%$Physical Resist 20%$Fire Resist 18%$Cold Resist 17%$Poison Resist 18%$Energy Resist 17%$Mage Armor$Strength Requirement 90$Durability 255 / 255$* Requires The "Stygian Abyss" Expansion$Legendary Artifact$ 
LSPVKRD,DDUVKRD,Arcane Platemail Gloves Of Restoration,Gloves,Arcane Platemail Gloves Of Restoration$Insured$Weight: 2 Stones$Brittle$Poison Eater 15%$Casting Focus 2%$Intelligence Bonus 1$Mana Increase 2$Hit Point Regeneration 2$Stamina Regeneration 4$Mana Regeneration 4$Lower Mana Cost 10%$Lower Reagent Cost 20%$Physical Resist 20%$Fire Resist 3%$Cold Resist 17%$Poison Resist 18%$Energy Resist 17%$Mage Armor$Strength Requirement 70$Durability 255 / 255$* Requires The "Stygian Abyss" Expansion$Legendary Artifact$ 
BSPVKRD,DDUVKRD,Arcane Platemail Tunic Of Restoration,Chest,Arcane Platemail Tunic Of Restoration$Insured$Weight: 10 Stones$Brittle$Poison Eater 15%$Intelligence Bonus 1$Mana Increase 8$Hit Point Regeneration 3$Mana Regeneration 3$Lower Mana Cost 8%$Lower Reagent Cost 20%$Physical Resist 20%$Fire Resist 18%$Cold Resist 2%$Poison Resist 18%$Energy Resist 17%$Mage Armor$Strength Requirement 95$Durability 255 / 255$* Requires The "Stygian Abyss" Expansion$Legendary Artifact$ 
ASPVKRD,DDUVKRD,Arcane Studded Sleeves Of Restoration,Arms,Arcane Studded Sleeves Of Restoration$Insured$Weight: 4 Stones$Brittle$Energy Eater 15%$Casting Focus 1%$Mana Increase 8$Hit Point Regeneration 1$Stamina Regeneration 4$Mana Regeneration 4$Lower Mana Cost 6%$Lower Reagent Cost 20%$Physical Resist 17%$Fire Resist 19%$Cold Resist 18%$Poison Resist 18%$Energy Resist 19%$Mage Armor$Strength Requirement 25$Durability 255 / 255$* Requires The "Stygian Abyss" Expansion$Legendary Artifact$ 
FSPVKRD,DDUVKRD,Arcane Hide Gloves Of Vitality,Gloves,Arcane Hide Gloves Of Vitality$Insured$Weight: 2 Stones$Elves Only$Brittle$Poison Eater 12%$Casting Focus 2%$Hit Point Increase 5$Mana Increase 8$Hit Point Regeneration 3$Lower Mana Cost 8%$Lower Reagent Cost 20%$Physical Resist 18%$Fire Resist 18%$Cold Resist 19%$Poison Resist 18%$Energy Resist 17%$Mage Armor$Strength Requirement 15$Durability 255 / 255$* Requires The "Stygian Abyss" Expansion$Legendary Artifact$ 
ESPVKRD,ODUVKRD,Arcane Leaf Gloves Of Haste,Gloves,Arcane Leaf Gloves Of Haste$Insured$Weight: 2 Stones$Elves Only$Brittle$Intelligence Bonus 1$Stamina Increase 10$Mana Increase 2$Stamina Regeneration 3$Mana Regeneration 4$Lower Mana Cost 6%$Lower Reagent Cost 5%$Physical Resist 17%$Fire Resist 18%$Cold Resist 17%$Poison Resist 19%$Energy Resist 19%$Strength Requirement 10$Durability 255 / 255$Legendary Artifact$ 
TRPVKRD,ODUVKRD,Arcane Leather Gorget Of Haste,Gorget,Arcane Leather Gorget Of Haste$Insured$Weight: 1 Stone$Brittle$Casting Focus 1%$Stamina Increase 10$Mana Increase 4$Stamina Regeneration 3$Mana Regeneration 3$Lower Mana Cost 8%$Lower Reagent Cost 5%$Physical Resist 17%$Fire Resist 19%$Cold Resist 18%$Poison Resist 18%$Energy Resist 18%$Strength Requirement 20$Durability 255 / 255$* Requires The "Stygian Abyss" Expansion$Legendary Artifact$ 
LQPVKRD,DDUVKRD,Arcane Bone Arms Of Restoration,Arms,Arcane Bone Arms Of Restoration$Insured$Weight: 2 Stones$Brittle$Kinetic Eater 12%$Casting Focus 2%$Mana Increase 8$Hit Point Regeneration 3$Stamina Regeneration 3$Mana Regeneration 4$Lower Mana Cost 2%$Lower Reagent Cost 20%$Physical Resist 18%$Fire Resist 18%$Cold Resist 19%$Poison Resist 17%$Energy Resist 4%$Mage Armor$Strength Requirement 55$Durability 255 / 255$* Requires The "Stygian Abyss" Expansion$Legendary Artifact$ 
MQPVKRD,DDUVKRD,Arcane Woodland Chest Of Vitality,Chest,Arcane Woodland Chest Of Vitality$Insured$Weight: 8 Stones$Elves Only$Brittle$Energy Eater 12%$Strength Bonus 5$Hit Point Increase 5$Mana Increase 8$Mana Regeneration 3$Lower Mana Cost 8%$Lower Reagent Cost 10%$Physical Resist 20%$Fire Resist 18%$Cold Resist 17%$Poison Resist 18%$Energy Resist 17%$Mage Armor$Strength Requirement 95$Durability 255 / 255$* Requires The "Stygian Abyss" Expansion$Legendary Artifact$ 
FQPVKRD,DDUVKRD,Arcane Woodland Gorget Of Vitality,Gorget,Arcane Woodland Gorget Of Vitality$Insured$Weight: 3 Stones$Elves Only$Brittle$Damage Eater 12%$Intelligence Bonus 4$Hit Point Increase 5$Mana Increase 8$Hit Point Regeneration 3$Mana Regeneration 1$Lower Mana Cost 8%$Lower Reagent Cost 10%$Physical Resist 20%$Fire Resist 18%$Cold Resist 17%$Poison Resist 18%$Energy Resist 2%$Mage Armor$Strength Requirement 45$Durability 255 / 255$* Requires The "Stygian Abyss" Expansion$Legendary Artifact$ 
GQPVKRD,DDUVKRD,Arcane Ringmail Gloves Of Vitality,Gloves,Arcane Ringmail Gloves Of Vitality$Insured$Weight: 2 Stones$Brittle$Kinetic Eater 15%$Casting Focus 2%$Hit Point Increase 2$Hit Point Regeneration 4$Mana Regeneration 2$Lower Mana Cost 8%$Lower Reagent Cost 20%$Physical Resist 18%$Fire Resist 18%$Cold Resist 16%$Poison Resist 20%$Energy Resist 18%$Mage Armor$Strength Requirement 40$Durability 255 / 255$* Requires The "Stygian Abyss" Expansion$Legendary Artifact$ 
KQPVKRD,DDUVKRD,Arcane Leather Sleeves Of Restoration,Arms,Arcane Leather Sleeves Of Restoration$Insured$Weight: 2 Stones$Brittle$Poison Eater 12%$Casting Focus 2%$Mana Increase 4$Hit Point Regeneration 2$Stamina Regeneration 1$Mana Regeneration 4$Lower Mana Cost 8%$Lower Reagent Cost 20%$Physical Resist 17%$Fire Resist 19%$Cold Resist 18%$Poison Resist 18%$Energy Resist 18%$Strength Requirement 20$Durability 255 / 255$* Requires The "Stygian Abyss" Expansion$Legendary Artifact$ 
IQPVKRD,DDUVKRD,Arcane Leather Gorget Of Restoration,Gorget,Arcane Leather Gorget Of Restoration$Insured$Weight: 1 Stone$Brittle$Cold Eater 15%$Casting Focus 2%$Hit Point Regeneration 2$Mana Regeneration 3$Lower Mana Cost 8%$Lower Reagent Cost 15%$Physical Resist 17%$Fire Resist 19%$Cold Resist 18%$Poison Resist 18%$Energy Resist 18%$Strength Requirement 20$Durability 255 / 255$* Requires The "Stygian Abyss" Expansion$Legendary Artifact$ 
UUPVKRD,DDUVKRD,Arcane Ringmail Sleeves Of Restoration,Arms,Arcane Ringmail Sleeves Of Restoration$Insured$Weight: 15 Stones$Brittle$Energy Eater 15%$Casting Focus 2%$Intelligence Bonus 4$Mana Increase 2$Hit Point Regeneration 3$Stamina Regeneration 3$Lower Mana Cost 8%$Lower Reagent Cost 20%$Physical Resist 18%$Fire Resist 3%$Cold Resist 16%$Poison Resist 20%$Energy Resist 18%$Mage Armor$Strength Requirement 40$Durability 255 / 255$* Requires The "Stygian Abyss" Expansion$Legendary Artifact$ 
ZUPVKRD,DDUVKRD,Arcane Hide Gorget Of Restoration,Gorget,Arcane Hide Gorget Of Restoration$Insured$Weight: 3 Stones$Elves Only$Brittle$Poison Eater 12%$Casting Focus 2%$Mana Increase 8$Hit Point Regeneration 3$Stamina Regeneration 3$Mana Regeneration 3$Lower Mana Cost 10%$Lower Reagent Cost 15%$Physical Resist 18%$Fire Resist 18%$Cold Resist 19%$Poison Resist 18%$Energy Resist 17%$Mage Armor$Strength Requirement 15$Durability 255 / 255$* Requires The "Stygian Abyss" Expansion$Legendary Artifact$ 
MUPVKRD,ODUVKRD,Mystic Hide Pants Of Haste,Legs,Mystic Hide Pants Of Haste$Insured$Weight: 5 Stones$Elves Only$Brittle$Dexterity Bonus 4$Intelligence Bonus 4$Stamina Increase 10$Stamina Regeneration 3$Mana Regeneration 3$Lower Mana Cost 10%$Physical Resist 18%$Fire Resist 18%$Cold Resist 4%$Poison Resist 18%$Energy Resist 17%$Mage Armor$Strength Requirement 25$Durability 255 / 255$Legendary Artifact$ 
WTPVKRD,DDUVKRD,Arcane Woodland Arms Of Restoration,Arms,Arcane Woodland Arms Of Restoration$Insured$Weight: 5 Stones$Elves Only$Brittle$Kinetic Eater 15%$Casting Focus 2%$Intelligence Bonus 2$Mana Increase 8$Hit Point Regeneration 3$Stamina Regeneration 3$Mana Regeneration 4$Lower Mana Cost 8%$Lower Reagent Cost 25%$Physical Resist 20%$Fire Resist 18%$Cold Resist 2%$Poison Resist 18%$Energy Resist 17%$Mage Armor$Strength Requirement 80$Durability 255 / 255$* Requires The "Stygian Abyss" Expansion$Legendary Artifact$ 
ITPVKRD,DDUVKRD,Arcane Tricorne Hat Of Restoration,Helm,Arcane Tricorne Hat Of Restoration$Insured$Weight: 1 Stone$Brittle$Energy Eater 12%$Casting Focus 2%$Intelligence Bonus 2$Mana Increase 4$Hit Point Regeneration 3$Stamina Regeneration 4$Mana Regeneration 4$Lower Reagent Cost 20%$Physical Resist 15%$Fire Resist 20%$Cold Resist 24%$Poison Resist 20%$Energy Resist 20%$Strength Requirement 10$Durability 255 / 255$* Requires The "Stygian Abyss" Expansion$Legendary Artifact$ 
KTPVKRD,DDUVKRD,Arcane Hide Tunic Of Restoration,Chest,Arcane Hide Tunic Of Restoration$Insured$Weight: 6 Stones$Elves Only$Brittle$Poison Eater 12%$Intelligence Bonus 4$Mana Increase 8$Stamina Regeneration 4$Mana Regeneration 3$Lower Mana Cost 8%$Lower Reagent Cost 10%$Physical Resist 18%$Fire Resist 18%$Cold Resist 19%$Poison Resist 18%$Energy Resist 17%$Mage Armor$Strength Requirement 25$Durability 255 / 255$* Requires The "Stygian Abyss" Expansion$Legendary Artifact$ 
HMPVKRD,DDUVKRD,Arcane Leather Tunic Of Restoration,Chest,Arcane Leather Tunic Of Restoration$Insured$Weight: 6 Stones$Brittle$Energy Eater 12%$Mana Increase 2$Hit Point Regeneration 4$Stamina Regeneration 1$Mana Regeneration 3$Lower Mana Cost 10%$Lower Reagent Cost 20%$Physical Resist 17%$Fire Resist 19%$Cold Resist 18%$Poison Resist 18%$Energy Resist 18%$Strength Requirement 25$Durability 255 / 255$* Requires The "Stygian Abyss" Expansion$Legendary Artifact$ 
MPPVKRD,ODUVKRD,Mystic Woodland Chest Of Haste,Chest,Mystic Woodland Chest Of Haste$Insured$Weight: 8 Stones$Elves Only$Brittle$Dexterity Bonus 5$Intelligence Bonus 5$Stamina Increase 10$Mana Increase 8$Stamina Regeneration 1$Mana Regeneration 1$Lower Mana Cost 6%$Physical Resist 20%$Fire Resist 18%$Cold Resist 17%$Poison Resist 18%$Energy Resist 2%$Mage Armor$Strength Requirement 95$Durability 255 / 255$Legendary Artifact$ 
HIPVKRD,DDUVKRD,Arcane Leaf Leggings Of Restoration,Legs,Arcane Leaf Leggings Of Restoration$Insured$Weight: 2 Stones$Elves Only$Brittle$Damage Eater 12%$Casting Focus 2%$Intelligence Bonus 3$Mana Increase 2$Hit Point Regeneration 3$Mana Regeneration 3$Lower Mana Cost 2%$Lower Reagent Cost 25%$Physical Resist 17%$Fire Resist 18%$Cold Resist 17%$Poison Resist 19%$Energy Resist 19%$Strength Requirement 20$Durability 255 / 255$* Requires The "Stygian Abyss" Expansion$Legendary Artifact$ 
VHPVKRD,FEUVKRD,Mystic Platemail Gorget Of Haste,Gorget,Mystic Platemail Gorget Of Haste$Insured$Weight: 2 Stones$Brittle$Dexterity Bonus 4$Intelligence Bonus 4$Stamina Increase 8$Mana Increase 10$Stamina Regeneration 3$Mana Regeneration 1$Lower Mana Cost 8%$Physical Resist 20%$Fire Resist 18%$Cold Resist 17%$Poison Resist 18%$Energy Resist 17%$Mage Armor$Strength Requirement 45$Durability 255 / 255$Legendary Artifact$ 
BXOVKRD,DDUVKRD,Arcane Leather Leggings Of Restoration,Legs,Arcane Leather Leggings Of Restoration$Insured$Weight: 4 Stones$Brittle$Poison Eater 12%$Intelligence Bonus 2$Mana Increase 2$Hit Point Regeneration 4$Stamina Regeneration 2$Mana Regeneration 4$Lower Mana Cost 2%$Lower Reagent Cost 20%$Physical Resist 17%$Fire Resist 19%$Cold Resist 18%$Poison Resist 18%$Energy Resist 18%$Strength Requirement 20$Durability 255 / 255$* Requires The "Stygian Abyss" Expansion$Legendary Artifact$ 
FBPVKRD,DDUVKRD,Arcane Ringmail Gloves Of Restoration,Gloves,Arcane Ringmail Gloves Of Restoration$Insured$Weight: 2 Stones$Brittle$Poison Eater 12%$Casting Focus 1%$Intelligence Bonus 4$Mana Increase 8$Hit Point Regeneration 3$Mana Regeneration 3$Lower Reagent Cost 20%$Physical Resist 18%$Fire Resist 18%$Cold Resist 16%$Poison Resist 20%$Energy Resist 18%$Mage Armor$Strength Requirement 40$Durability 255 / 255$* Requires The "Stygian Abyss" Expansion$Legendary Artifact$ 
DAPVKRD,DDUVKRD,Arcane Platemail Legs Of Vitality,Legs,Arcane Platemail Legs Of Vitality$Insured$Weight: 7 Stones$Brittle$Cold Eater 15%$Casting Focus 2%$Intelligence Bonus 4$Hit Point Increase 5$Mana Increase 2$Hit Point Regeneration 3$Lower Mana Cost 8%$Lower Reagent Cost 20%$Physical Resist 20%$Fire Resist 18%$Cold Resist 17%$Poison Resist 18%$Energy Resist 17%$Mage Armor$Strength Requirement 90$Durability 255 / 255$* Requires The "Stygian Abyss" Expansion$Legendary Artifact$ 
ITOVKRD,DDUVKRD,Arcane Hide Pauldrons Of Restoration,Arms,Arcane Hide Pauldrons Of Restoration$Insured$Weight: 4 Stones$Elves Only$Brittle$Energy Eater 12%$Casting Focus 1%$Mana Increase 10$Hit Point Regeneration 1$Stamina Regeneration 3$Mana Regeneration 4$Lower Mana Cost 8%$Lower Reagent Cost 10%$Physical Resist 18%$Fire Resist 18%$Cold Resist 19%$Poison Resist 3%$Energy Resist 17%$Mage Armor$Strength Requirement 20$Durability 255 / 255$* Requires The "Stygian Abyss" Expansion$Legendary Artifact$ 
EUOVKRD,DDUVKRD,Arcane Woodland Leggings Of Restoration,Legs,Arcane Woodland Leggings Of Restoration$Insured$Weight: 8 Stones$Elves Only$Brittle$Kinetic Eater 12%$Casting Focus 2%$Mana Increase 10$Hit Point Regeneration 4$Stamina Regeneration 3$Mana Regeneration 4$Lower Mana Cost 2%$Lower Reagent Cost 20%$Physical Resist 20%$Fire Resist 18%$Cold Resist 17%$Poison Resist 18%$Energy Resist 17%$Mage Armor$Strength Requirement 90$Durability 255 / 255$* Requires The "Stygian Abyss" Expansion$Legendary Artifact$ 
ZOOVKRD,ODUVKRD,Mystic Platemail Gorget Of Haste,Gorget,Mystic Platemail Gorget Of Haste$Insured$Weight: 2 Stones$Brittle$Dexterity Bonus 2$Intelligence Bonus 5$Stamina Increase 10$Mana Increase 8$Stamina Regeneration 4$Mana Regeneration 1$Lower Mana Cost 4%$Physical Resist 20%$Fire Resist 18%$Cold Resist 17%$Poison Resist 18%$Energy Resist 17%$Mage Armor$Strength Requirement 45$Durability 255 / 255$Legendary Artifact$ 
APOVKRD,DDUVKRD,Arcane Bone Armor Of Restoration,Chest,Arcane Bone Armor Of Restoration$Insured$Weight: 6 Stones$Brittle$Kinetic Eater 15%$Casting Focus 1%$Intelligence Bonus 2$Mana Increase 10$Hit Point Regeneration 1$Stamina Regeneration 3$Mana Regeneration 4$Lower Mana Cost 2%$Lower Reagent Cost 25%$Physical Resist 18%$Fire Resist 18%$Cold Resist 19%$Poison Resist 17%$Energy Resist 19%$Strength Requirement 60$Durability 255 / 255$* Requires The "Stygian Abyss" Expansion$Legendary Artifact$ 
ANOVKRD,DDUVKRD,Arcane Leaf Leggings Of Restoration,Legs,Arcane Leaf Leggings Of Restoration$Insured$Weight: 2 Stones$Elves Only$Brittle$Fire Eater 12%$Casting Focus 1%$Intelligence Bonus 4$Hit Point Regeneration 3$Stamina Regeneration 2$Mana Regeneration 3$Lower Mana Cost 8%$Lower Reagent Cost 15%$Physical Resist 17%$Fire Resist 18%$Cold Resist 17%$Poison Resist 19%$Energy Resist 19%$Strength Requirement 20$Durability 255 / 255$* Requires The "Stygian Abyss" Expansion$Legendary Artifact$ 
