LVHMJUD,JLHMJUD,Arcane Hide Gloves Of Sorcery,Gloves,Arcane Hide Gloves Of Sorcery$Insured$Weight: 2 Stones$Elves Only$Brittle$Intelligence Bonus 5$Mana Increase 10$Mana Regeneration 4$Lower Mana Cost 8%$Lower Reagent Cost 20%$Physical Resist 18%$Fire Resist 18%$Cold Resist 19%$Poison Resist 18%$Energy Resist 17%$Mage Armor$Strength Requirement 15$Durability 255 / 255$Legendary Artifact$ 
MVHMJUD,JLHMJUD,Arcane Ringmail Leggings Of Sorcery,Legs,Arcane Ringmail Leggings Of Sorcery$Insured$Weight: 15 Stones$Brittle$Casting Focus 2%$Intelligence Bonus 4$Mana Increase 10$Mana Regeneration 4$Lower Mana Cost 8%$Lower Reagent Cost 20%$Physical Resist 18%$Fire Resist 18%$Cold Resist 16%$Poison Resist 20%$Energy Resist 18%$Mage Armor$Strength Requirement 40$Durability 255 / 255$* Requires The "Stygian Abyss" Expansion$Legendary Artifact$ 
JVHMJUD,KLHMJUD,Mystic Platemail Tunic Of Vitality,Chest,Mystic Platemail Tunic Of Vitality$Insured$Weight: 10 Stones$Brittle$Cold Eater 15%$Strength Bonus 4$Intelligence Bonus 4$Mana Increase 2$Hit Point Regeneration 3$Mana Regeneration 2$Lower Mana Cost 10%$Physical Resist 20%$Fire Resist 18%$Cold Resist 17%$Poison Resist 3%$Energy Resist 17%$Mage Armor$Strength Requirement 95$Durability 255 / 255$* Requires The "Stygian Abyss" Expansion$Legendary Artifact$ 
KVHMJUD,KLHMJUD,Mystic Woodland Arms Of Vitality,Arms,Mystic Woodland Arms Of Vitality$Insured$Weight: 5 Stones$Elves Only$Brittle$Poison Eater 12%$Intelligence Bonus 4$Hit Point Increase 5$Mana Increase 10$Hit Point Regeneration 4$Mana Regeneration 1$Lower Mana Cost 8%$Physical Resist 20%$Fire Resist 18%$Cold Resist 17%$Poison Resist 18%$Energy Resist 17%$Mage Armor$Strength Requirement 80$Durability 255 / 255$* Requires The "Stygian Abyss" Expansion$Legendary Artifact$ 
PVHMJUD,JLHMJUD,Mystic Platemail Gorget Of Wizardry,Gorget,Mystic Platemail Gorget Of Wizardry$Insured$Weight: 2 Stones$Brittle$Casting Focus 1%$Intelligence Bonus 5$Mana Increase 10$Mana Regeneration 4$Lower Mana Cost 8%$Lower Reagent Cost 20%$Physical Resist 20%$Fire Resist 18%$Cold Resist 17%$Poison Resist 18%$Energy Resist 17%$Mage Armor$Strength Requirement 45$Durability 255 / 255$* Requires The "Stygian Abyss" Expansion$Legendary Artifact$ 
NVHMJUD,KLHMJUD,Arcane Ringmail Tunic Of Vitality,Chest,Arcane Ringmail Tunic Of Vitality$Insured$Weight: 15 Stones$Brittle$Cold Eater 15%$Casting Focus 2%$Strength Bonus 5$Mana Increase 8$Hit Point Regeneration 3$Mana Regeneration 1$Lower Mana Cost 8%$Lower Reagent Cost 20%$Physical Resist 18%$Fire Resist 3%$Cold Resist 16%$Poison Resist 20%$Energy Resist 18%$Mage Armor$Strength Requirement 40$Durability 255 / 255$* Requires The "Stygian Abyss" Expansion$Legendary Artifact$ 
OVHMJUD,KLHMJUD,Mystic Ringmail Sleeves Of Restoration,Arms,Mystic Ringmail Sleeves Of Restoration$Insured$Weight: 15 Stones$Brittle$Fire Eater 12%$Intelligence Bonus 4$Mana Increase 2$Hit Point Regeneration 4$Mana Regeneration 2$Lower Mana Cost 10%$Physical Resist 18%$Fire Resist 18%$Cold Resist 16%$Poison Resist 20%$Energy Resist 18%$Mage Armor$Strength Requirement 40$Durability 255 / 255$* Requires The "Stygian Abyss" Expansion$Legendary Artifact$ 
DVHMJUD,JLHMJUD,Mystic Hide Pauldrons Of Wizardry,Arms,Mystic Hide Pauldrons Of Wizardry$Insured$Weight: 4 Stones$Elves Only$Brittle$Casting Focus 3%$Intelligence Bonus 5$Mana Increase 10$Mana Regeneration 4$Lower Mana Cost 10%$Lower Reagent Cost 20%$Physical Resist 3%$Fire Resist 3%$Cold Resist 4%$Poison Resist 3%$Energy Resist 2%$Mage Armor$Strength Requirement 20$Durability 255 / 255$* Requires The "Stygian Abyss" Expansion$Major Artifact$ 
EVHMJUD,KLHMJUD,Mystic Orc Helm Of Restoration,Helm,Mystic Orc Helm Of Restoration$Insured$Weight: 5 Stones$Brittle$Cold Eater 12%$Intelligence Bonus 4$Mana Increase 10$Hit Point Regeneration 3$Stamina Regeneration 2$Mana Regeneration 4$Lower Mana Cost 8%$Physical Resist 18%$Fire Resist 16%$Cold Resist 18%$Poison Resist 18%$Energy Resist 20%$Mage Armor$Strength Requirement 30$Durability 255 / 255$* Requires The "Stygian Abyss" Expansion$Legendary Artifact$ 
BVHMJUD,KLHMJUD,Mystic Chainmail Tunic Of Restoration,Chest,Mystic Chainmail Tunic Of Restoration$Insured$Weight: 7 Stones$Brittle$Kinetic Eater 12%$Intelligence Bonus 2$Mana Increase 6$Hit Point Regeneration 3$Stamina Regeneration 3$Mana Regeneration 4$Lower Mana Cost 10%$Physical Resist 19%$Fire Resist 19%$Cold Resist 19%$Poison Resist 1%$Energy Resist 17%$Mage Armor$Strength Requirement 60$Durability 255 / 255$* Requires The "Stygian Abyss" Expansion$Legendary Artifact$ 
CVHMJUD,KLHMJUD,Mystic Hide Gorget Of Restoration,Gorget,Mystic Hide Gorget Of Restoration$Insured$Weight: 3 Stones$Elves Only$Brittle$Damage Eater 12%$Intelligence Bonus 4$Mana Increase 2$Hit Point Regeneration 3$Stamina Regeneration 2$Mana Regeneration 4$Lower Mana Cost 8%$Physical Resist 18%$Fire Resist 18%$Cold Resist 19%$Poison Resist 18%$Energy Resist 17%$Mage Armor$Strength Requirement 15$Durability 255 / 255$* Requires The "Stygian Abyss" Expansion$Legendary Artifact$ 
HVHMJUD,JLHMJUD,Arcane Woodland Gauntlets Of Sorcery,Gloves,Arcane Woodland Gauntlets Of Sorcery$Insured$Weight: 2 Stones$Elves Only$Brittle$Casting Focus 1%$Intelligence Bonus 5$Mana Increase 10$Mana Regeneration 4$Lower Mana Cost 10%$Lower Reagent Cost 25%$Physical Resist 20%$Fire Resist 18%$Cold Resist 17%$Poison Resist 18%$Energy Resist 17%$Mage Armor$Strength Requirement 70$Durability 255 / 255$* Requires The "Stygian Abyss" Expansion$Legendary Artifact$ 
IVHMJUD,KLHMJUD,Arcane Leaf Leggings Of Restoration,Legs,Arcane Leaf Leggings Of Restoration$Insured$Weight: 2 Stones$Elves Only$Brittle$Energy Eater 12%$Casting Focus 2%$Intelligence Bonus 4$Mana Increase 2$Hit Point Regeneration 3$Mana Regeneration 3$Lower Mana Cost 8%$Lower Reagent Cost 5%$Physical Resist 17%$Fire Resist 18%$Cold Resist 17%$Poison Resist 19%$Energy Resist 19%$Strength Requirement 20$Durability 255 / 255$* Requires The "Stygian Abyss" Expansion$Legendary Artifact$ 
FVHMJUD,KLHMJUD,Mystic Ringmail Tunic Of Restoration,Chest,Mystic Ringmail Tunic Of Restoration$Insured$Weight: 15 Stones$Brittle$Damage Eater 12%$Intelligence Bonus 2$Mana Increase 6$Hit Point Regeneration 3$Stamina Regeneration 3$Mana Regeneration 4$Lower Mana Cost 8%$Physical Resist 18%$Fire Resist 3%$Cold Resist 16%$Poison Resist 20%$Energy Resist 18%$Mage Armor$Strength Requirement 40$Durability 255 / 255$* Requires The "Stygian Abyss" Expansion$Legendary Artifact$ 
GVHMJUD,JLHMJUD,Arcane Bone Leggings Of Restoration,Legs,Arcane Bone Leggings Of Restoration$Insured$Weight: 3 Stones$Brittle$Kinetic Eater 15%$Casting Focus 1%$Intelligence Bonus 4$Mana Increase 8$Stamina Regeneration 3$Mana Regeneration 4$Lower Mana Cost 8%$Lower Reagent Cost 20%$Physical Resist 18%$Fire Resist 18%$Cold Resist 19%$Poison Resist 17%$Energy Resist 19%$Mage Armor$Strength Requirement 55$Durability 255 / 255$* Requires The "Stygian Abyss" Expansion$Legendary Artifact$ 
VUHMJUD,JLHMJUD,Arcane Ringmail Gloves Of Sorcery,Gloves,Arcane Ringmail Gloves Of Sorcery$Insured$Weight: 2 Stones$Brittle$Casting Focus 1%$Intelligence Bonus 5$Mana Increase 10$Mana Regeneration 4$Lower Mana Cost 10%$Lower Reagent Cost 20%$Physical Resist 18%$Fire Resist 18%$Cold Resist 16%$Poison Resist 20%$Energy Resist 18%$Mage Armor$Strength Requirement 40$Durability 255 / 255$* Requires The "Stygian Abyss" Expansion$Legendary Artifact$ 
WUHMJUD,JLHMJUD,Mystic Bone Armor Of Wizardry,Chest,Mystic Bone Armor Of Wizardry$Insured$Weight: 7 Stones$Brittle$Casting Focus 1%$Intelligence Bonus 4$Mana Increase 10$Mana Regeneration 4$Lower Mana Cost 10%$Lower Reagent Cost 25%$Physical Resist 18%$Fire Resist 18%$Cold Resist 4%$Poison Resist 17%$Energy Resist 19%$Mage Armor$Strength Requirement 60$Durability 255 / 255$* Requires The "Stygian Abyss" Expansion$Legendary Artifact$ 
TUHMJUD,KLHMJUD,Arcane Hide Gloves Of Vitality,Gloves,Arcane Hide Gloves Of Vitality$Insured$Weight: 2 Stones$Elves Only$Brittle$Fire Eater 12%$Casting Focus 1%$Strength Bonus 4$Intelligence Bonus 5$Mana Increase 8$Hit Point Regeneration 4$Mana Regeneration 1$Lower Mana Cost 10%$Lower Reagent Cost 5%$Physical Resist 18%$Fire Resist 18%$Cold Resist 19%$Poison Resist 18%$Energy Resist 2%$Mage Armor$Strength Requirement 15$Durability 255 / 255$* Requires The "Stygian Abyss" Expansion$Legendary Artifact$ 
UUHMJUD,JLHMJUD,Arcane Raven Helm Of Sorcery,Helm,Arcane Raven Helm Of Sorcery$Insured$Weight: 5 Stones$Elves Only$Brittle$Casting Focus 1%$Intelligence Bonus 5$Mana Increase 10$Mana Regeneration 4$Lower Mana Cost 10%$Lower Reagent Cost 25%$Physical Resist 20%$Fire Resist 16%$Cold Resist 17%$Poison Resist 17%$Energy Resist 20%$Mage Armor$Strength Requirement 25$Durability 255 / 255$* Requires The "Stygian Abyss" Expansion$Legendary Artifact$ 
ZUHMJUD,JLHMJUD,Arcane Hide Tunic Of Sorcery,Chest,Arcane Hide Tunic Of Sorcery$Insured$Weight: 6 Stones$Elves Only$Brittle$Intelligence Bonus 5$Mana Increase 10$Mana Regeneration 4$Lower Mana Cost 10%$Lower Reagent Cost 20%$Physical Resist 18%$Fire Resist 18%$Cold Resist 4%$Poison Resist 18%$Energy Resist 17%$Mage Armor$Strength Requirement 25$Durability 255 / 255$Legendary Artifact$ 
XUHMJUD,KLHMJUD,Arcane Leaf Gorget Of Restoration,Gorget,Arcane Leaf Gorget Of Restoration$Insured$Weight: 2 Stones$Elves Only$Brittle$Energy Eater 12%$Intelligence Bonus 4$Mana Increase 4$Hit Point Regeneration 3$Mana Regeneration 3$Lower Mana Cost 8%$Lower Reagent Cost 5%$Physical Resist 17%$Fire Resist 18%$Cold Resist 17%$Poison Resist 19%$Energy Resist 19%$Strength Requirement 10$Durability 255 / 255$* Requires The "Stygian Abyss" Expansion$Legendary Artifact$ 
AVHMJUD,KLHMJUD,Arcane Leather Gorget Of Vitality,Gorget,Arcane Leather Gorget Of Vitality$Insured$Weight: 1 Stone$Brittle$Fire Eater 15%$Casting Focus 1%$Intelligence Bonus 4$Hit Point Increase 5$Mana Increase 2$Hit Point Regeneration 3$Mana Regeneration 3$Lower Mana Cost 8%$Physical Resist 17%$Fire Resist 19%$Cold Resist 18%$Poison Resist 18%$Energy Resist 18%$Strength Requirement 20$Durability 255 / 255$* Requires The "Stygian Abyss" Expansion$Legendary Artifact$ 
YUHMJUD,KLHMJUD,Arcane Straw Hat Of Vitality,Helm,Arcane Straw Hat Of Vitality$Insured$Weight: 1 Stone$Brittle$Poison Eater 12%$Casting Focus 2%$Strength Bonus 5$Mana Increase 6$Hit Point Regeneration 2$Mana Regeneration 1$Lower Mana Cost 10%$Lower Reagent Cost 5%$Physical Resist 15%$Fire Resist 20%$Cold Resist 24%$Poison Resist 20%$Energy Resist 20%$Strength Requirement 10$Durability 255 / 255$* Requires The "Stygian Abyss" Expansion$Legendary Artifact$ 
PPHMJUD,JLHMJUD,Arcane Norse Helm Of Sorcery,Helm,Arcane Norse Helm Of Sorcery$Insured$Weight: 5 Stones$Brittle$Intelligence Bonus 5$Mana Increase 10$Mana Regeneration 4$Lower Mana Cost 8%$Lower Reagent Cost 20%$Physical Resist 19%$Fire Resist 16%$Cold Resist 19%$Poison Resist 19%$Energy Resist 17%$Mage Armor$Strength Requirement 55$Durability 255 / 255$Legendary Artifact$ 
OPHMJUD,KLHMJUD,Mystic Platemail Arms Of Restoration,Arms,Mystic Platemail Arms Of Restoration$Insured$Weight: 5 Stones$Brittle$Cold Eater 15%$Intelligence Bonus 5$Mana Increase 6$Hit Point Regeneration 3$Stamina Regeneration 2$Mana Regeneration 3$Lower Mana Cost 8%$Physical Resist 20%$Fire Resist 18%$Cold Resist 17%$Poison Resist 18%$Energy Resist 17%$Mage Armor$Strength Requirement 80$Durability 255 / 255$* Requires The "Stygian Abyss" Expansion$Legendary Artifact$ 
RPHMJUD,JLHMJUD,Arcane Studded Sleeves Of Sorcery,Arms,Arcane Studded Sleeves Of Sorcery$Insured$Weight: 4 Stones$Brittle$Casting Focus 2%$Intelligence Bonus 4$Mana Increase 10$Mana Regeneration 4$Lower Mana Cost 10%$Lower Reagent Cost 25%$Physical Resist 17%$Fire Resist 19%$Cold Resist 18%$Poison Resist 18%$Energy Resist 19%$Mage Armor$Strength Requirement 25$Durability 255 / 255$* Requires The "Stygian Abyss" Expansion$Legendary Artifact$ 
SPHMJUD,JLHMJUD,Mystic Woodland Gorget Of Wizardry,Gorget,Mystic Woodland Gorget Of Wizardry$Insured$Weight: 3 Stones$Elves Only$Brittle$Casting Focus 1%$Intelligence Bonus 4$Mana Increase 8$Mana Regeneration 4$Lower Mana Cost 10%$Lower Reagent Cost 25%$Physical Resist 20%$Fire Resist 18%$Cold Resist 17%$Poison Resist 18%$Energy Resist 17%$Mage Armor$Strength Requirement 45$Durability 255 / 255$* Requires The "Stygian Abyss" Expansion$Legendary Artifact$ 
IPHMJUD,KLHMJUD,Arcane Studded Sleeves Of Restoration,Arms,Arcane Studded Sleeves Of Restoration$Insured$Weight: 4 Stones$Brittle$Damage Eater 12%$Casting Focus 2%$Intelligence Bonus 1$Hit Point Regeneration 4$Stamina Regeneration 4$Mana Regeneration 4$Lower Mana Cost 10%$Lower Reagent Cost 5%$Physical Resist 17%$Fire Resist 19%$Cold Resist 18%$Poison Resist 18%$Energy Resist 19%$Mage Armor$Strength Requirement 25$Durability 255 / 255$* Requires The "Stygian Abyss" Expansion$Legendary Artifact$ 
FPHMJUD,JLHMJUD,Arcane Leaf Gorget Of Sorcery,Gorget,Arcane Leaf Gorget Of Sorcery$Insured$Weight: 2 Stones$Elves Only$Brittle$Casting Focus 1%$Intelligence Bonus 4$Mana Increase 8$Mana Regeneration 4$Lower Mana Cost 10%$Lower Reagent Cost 20%$Physical Resist 17%$Fire Resist 18%$Cold Resist 17%$Poison Resist 19%$Energy Resist 19%$Strength Requirement 10$Durability 255 / 255$* Requires The "Stygian Abyss" Expansion$Legendary Artifact$ 
GPHMJUD,KLHMJUD,Mystic Woodland Gauntlets Of Restoration,Gloves,Mystic Woodland Gauntlets Of Restoration$Insured$Weight: 2 Stones$Elves Only$Brittle$Energy Eater 12%$Intelligence Bonus 2$Mana Increase 8$Hit Point Regeneration 3$Stamina Regeneration 3$Mana Regeneration 4$Lower Mana Cost 10%$Physical Resist 5%$Fire Resist 18%$Cold Resist 17%$Poison Resist 18%$Energy Resist 17%$Mage Armor$Strength Requirement 70$Durability 255 / 255$* Requires The "Stygian Abyss" Expansion$Legendary Artifact$ 
LPHMJUD,JLHMJUD,Mystic Woodland Gauntlets Of Wizardry,Gloves,Mystic Woodland Gauntlets Of Wizardry$Insured$Weight: 2 Stones$Elves Only$Brittle$Casting Focus 1%$Intelligence Bonus 5$Mana Increase 8$Mana Regeneration 4$Lower Mana Cost 10%$Lower Reagent Cost 25%$Physical Resist 20%$Fire Resist 3%$Cold Resist 17%$Poison Resist 18%$Energy Resist 17%$Mage Armor$Strength Requirement 70$Durability 255 / 255$* Requires The "Stygian Abyss" Expansion$Legendary Artifact$ 
MPHMJUD,KLHMJUD,Mystic Hide Pauldrons Of Restoration,Arms,Mystic Hide Pauldrons Of Restoration$Insured$Weight: 4 Stones$Elves Only$Brittle$Energy Eater 12%$Intelligence Bonus 2$Mana Increase 8$Hit Point Regeneration 3$Stamina Regeneration 3$Mana Regeneration 4$Lower Mana Cost 10%$Physical Resist 18%$Fire Resist 18%$Cold Resist 4%$Poison Resist 18%$Energy Resist 17%$Mage Armor$Strength Requirement 20$Durability 255 / 255$* Requires The "Stygian Abyss" Expansion$Legendary Artifact$ 
JPHMJUD,JLHMJUD,Arcane Woodland Gorget Of Sorcery,Gorget,Arcane Woodland Gorget Of Sorcery$Insured$Weight: 3 Stones$Elves Only$Brittle$Intelligence Bonus 5$Mana Increase 8$Mana Regeneration 4$Lower Mana Cost 8%$Lower Reagent Cost 20%$Physical Resist 20%$Fire Resist 18%$Cold Resist 17%$Poison Resist 18%$Energy Resist 17%$Mage Armor$Strength Requirement 45$Durability 255 / 255$Legendary Artifact$ 
KPHMJUD,JLHMJUD,Mystic Hide Gorget Of Wizardry,Gorget,Mystic Hide Gorget Of Wizardry$Insured$Weight: 3 Stones$Elves Only$Brittle$Casting Focus 2%$Intelligence Bonus 5$Mana Increase 10$Mana Regeneration 4$Lower Mana Cost 8%$Lower Reagent Cost 20%$Physical Resist 18%$Fire Resist 3%$Cold Resist 19%$Poison Resist 18%$Energy Resist 17%$Mage Armor$Strength Requirement 15$Durability 255 / 255$* Requires The "Stygian Abyss" Expansion$Legendary Artifact$ 
ZOHMJUD,JLHMJUD,Arcane Studded Tunic Of Sorcery,Chest,Arcane Studded Tunic Of Sorcery$Insured$Weight: 8 Stones$Casting Focus 2%$Intelligence Bonus 5$Mana Increase 10$Mana Regeneration 4$Lower Mana Cost 10%$Lower Reagent Cost 20%$Physical Resist 2%$Fire Resist 4%$Cold Resist 3%$Poison Resist 3%$Energy Resist 4%$Mage Armor$Strength Requirement 35$Durability 35 / 35$* Requires The "Stygian Abyss" Expansion$Greater Artifact$ 
APHMJUD,KLHMJUD,Arcane Leather Shorts Of Restoration,Legs,Arcane Leather Shorts Of Restoration$Insured$Weight: 3 Stones$Brittle$Kinetic Eater 12%$Casting Focus 1%$Intelligence Bonus 5$Mana Increase 8$Hit Point Regeneration 2$Stamina Regeneration 3$Mana Regeneration 4$Lower Mana Cost 6%$Lower Reagent Cost 5%$Physical Resist 17%$Fire Resist 19%$Cold Resist 18%$Poison Resist 18%$Energy Resist 18%$Strength Requirement 20$Durability 255 / 255$* Requires The "Stygian Abyss" Expansion$Legendary Artifact$ 
XOHMJUD,JLHMJUD,Arcane Platemail Gloves Of Sorcery,Gloves,Arcane Platemail Gloves Of Sorcery$Insured$Weight: 2 Stones$Brittle$Intelligence Bonus 5$Mana Increase 10$Mana Regeneration 4$Lower Mana Cost 10%$Lower Reagent Cost 20%$Physical Resist 20%$Fire Resist 18%$Cold Resist 17%$Poison Resist 18%$Energy Resist 17%$Mage Armor$Strength Requirement 70$Durability 255 / 255$Legendary Artifact$ 
YOHMJUD,KLHMJUD,Mystic Woodland Gauntlets Of Vitality,Gloves,Mystic Woodland Gauntlets Of Vitality$Insured$Weight: 2 Stones$Elves Only$Brittle$Fire Eater 12%$Strength Bonus 4$Mana Increase 4$Hit Point Regeneration 3$Mana Regeneration 4$Lower Mana Cost 8%$Physical Resist 20%$Fire Resist 18%$Cold Resist 17%$Poison Resist 18%$Energy Resist 17%$Mage Armor$Strength Requirement 70$Durability 255 / 255$* Requires The "Stygian Abyss" Expansion$Legendary Artifact$ 
EPHMJUD,JLHMJUD,Mystic Close Helmet Of Wizardry,Helm,Mystic Close Helmet Of Wizardry$Insured$Weight: 5 Stones$Brittle$Casting Focus 1%$Intelligence Bonus 5$Mana Increase 10$Mana Regeneration 4$Lower Mana Cost 8%$Lower Reagent Cost 20%$Physical Resist 3%$Fire Resist 18%$Cold Resist 18%$Poison Resist 18%$Energy Resist 18%$Mage Armor$Strength Requirement 55$Durability 255 / 255$* Requires The "Stygian Abyss" Expansion$Legendary Artifact$ 
BPHMJUD,KLHMJUD,Mystic Raven Helm Of Vitality,Helm,Mystic Raven Helm Of Vitality$Insured$Weight: 5 Stones$Elves Only$Brittle$Fire Eater 15%$Intelligence Bonus 2$Hit Point Increase 5$Mana Increase 10$Hit Point Regeneration 2$Mana Regeneration 1$Lower Mana Cost 8%$Physical Resist 20%$Fire Resist 16%$Cold Resist 17%$Poison Resist 17%$Energy Resist 20%$Mage Armor$Strength Requirement 25$Durability 255 / 255$* Requires The "Stygian Abyss" Expansion$Legendary Artifact$ 
CPHMJUD,KLHMJUD,Arcane Leather Gorget Of Restoration,Gorget,Arcane Leather Gorget Of Restoration$Insured$Weight: 1 Stone$Brittle$Poison Eater 15%$Casting Focus 2%$Intelligence Bonus 2$Mana Increase 8$Hit Point Regeneration 3$Stamina Regeneration 3$Mana Regeneration 3$Lower Mana Cost 10%$Physical Resist 17%$Fire Resist 19%$Cold Resist 18%$Poison Resist 18%$Energy Resist 18%$Strength Requirement 20$Durability 255 / 255$* Requires The "Stygian Abyss" Expansion$Legendary Artifact$ 
ROHMJUD,JLHMJUD,Mystic Platemail Arms Of Wizardry,Arms,Mystic Platemail Arms Of Wizardry$Insured$Weight: 5 Stones$Brittle$Casting Focus 2%$Intelligence Bonus 5$Mana Increase 8$Mana Regeneration 4$Lower Mana Cost 10%$Lower Reagent Cost 20%$Physical Resist 20%$Fire Resist 18%$Cold Resist 2%$Poison Resist 18%$Energy Resist 17%$Mage Armor$Strength Requirement 80$Durability 255 / 255$* Requires The "Stygian Abyss" Expansion$Legendary Artifact$ 
SOHMJUD,JLHMJUD,Mystic Hide Gloves Of Wizardry,Gloves,Mystic Hide Gloves Of Wizardry$Insured$Weight: 2 Stones$Elves Only$Brittle$Casting Focus 2%$Intelligence Bonus 5$Mana Increase 10$Mana Regeneration 4$Lower Mana Cost 10%$Lower Reagent Cost 25%$Physical Resist 3%$Fire Resist 3%$Cold Resist 4%$Poison Resist 3%$Energy Resist 2%$Mage Armor$Strength Requirement 15$Durability 255 / 255$* Requires The "Stygian Abyss" Expansion$Major Artifact$ 
POHMJUD,KLHMJUD,Mystic Platemail Gorget Of Restoration,Gorget,Mystic Platemail Gorget Of Restoration$Insured$Weight: 2 Stones$Brittle$Poison Eater 12%$Intelligence Bonus 4$Mana Increase 8$Hit Point Regeneration 2$Stamina Regeneration 3$Mana Regeneration 4$Lower Mana Cost 8%$Physical Resist 20%$Fire Resist 18%$Cold Resist 17%$Poison Resist 18%$Energy Resist 17%$Mage Armor$Strength Requirement 45$Durability 255 / 255$* Requires The "Stygian Abyss" Expansion$Legendary Artifact$ 
QOHMJUD,KLHMJUD,Arcane Platemail Legs Of Vitality,Legs,Arcane Platemail Legs Of Vitality$Insured$Weight: 7 Stones$Brittle$Poison Eater 15%$Strength Bonus 4$Intelligence Bonus 5$Mana Increase 4$Hit Point Regeneration 3$Mana Regeneration 4$Lower Mana Cost 8%$Physical Resist 20%$Fire Resist 3%$Cold Resist 17%$Poison Resist 18%$Energy Resist 17%$Mage Armor$Strength Requirement 90$Durability 255 / 255$* Requires The "Stygian Abyss" Expansion$Legendary Artifact$ 
VOHMJUD,JLHMJUD,Arcane Platemail Tunic Of Sorcery,Chest,Arcane Platemail Tunic Of Sorcery$Insured$Weight: 10 Stones$Brittle$Casting Focus 1%$Intelligence Bonus 4$Mana Increase 10$Mana Regeneration 4$Lower Mana Cost 10%$Lower Reagent Cost 20%$Physical Resist 20%$Fire Resist 18%$Cold Resist 2%$Poison Resist 18%$Energy Resist 17%$Mage Armor$Strength Requirement 95$Durability 255 / 255$* Requires The "Stygian Abyss" Expansion$Legendary Artifact$ 
WOHMJUD,JLHMJUD,Arcane Wizard's Hat Of Sorcery,Helm,Arcane Wizard's Hat Of Sorcery$Insured$Weight: 1 Stone$Brittle$Casting Focus 2%$Intelligence Bonus 5$Mana Increase 10$Mana Regeneration 4$Lower Mana Cost 10%$Lower Reagent Cost 25%$Fire Resist 5%$Cold Resist 9%$Poison Resist 5%$Energy Resist 5%$Strength Requirement 10$Durability 255 / 255$* Requires The "Stygian Abyss" Expansion$Major Artifact$ 
UOHMJUD,JLHMJUD,Mystic Studded Gorget Of Wizardry,Gorget,Mystic Studded Gorget Of Wizardry$Insured$Weight: 1 Stone$Brittle$Casting Focus 1%$Intelligence Bonus 4$Mana Increase 8$Mana Regeneration 4$Lower Mana Cost 10%$Lower Reagent Cost 25%$Physical Resist 17%$Fire Resist 19%$Cold Resist 18%$Poison Resist 18%$Energy Resist 19%$Mage Armor$Strength Requirement 25$Durability 255 / 255$* Requires The "Stygian Abyss" Expansion$Legendary Artifact$ 
JOHMJUD,JLHMJUD,Arcane Norse Helm Of Sorcery,Helm,Arcane Norse Helm Of Sorcery$Insured$Weight: 5 Stones$Brittle$Intelligence Bonus 5$Mana Increase 10$Mana Regeneration 4$Lower Mana Cost 10%$Lower Reagent Cost 20%$Physical Resist 19%$Fire Resist 16%$Cold Resist 19%$Poison Resist 4%$Energy Resist 17%$Mage Armor$Strength Requirement 55$Durability 255 / 255$Legendary Artifact$ 
KOHMJUD,JLHMJUD,Arcane Ringmail Leggings Of Sorcery,Legs,Arcane Ringmail Leggings Of Sorcery$Insured$Weight: 15 Stones$Brittle$Casting Focus 1%$Intelligence Bonus 4$Mana Increase 10$Mana Regeneration 4$Lower Mana Cost 10%$Lower Reagent Cost 25%$Physical Resist 3%$Fire Resist 18%$Cold Resist 16%$Poison Resist 20%$Energy Resist 18%$Mage Armor$Strength Requirement 40$Durability 255 / 255$* Requires The "Stygian Abyss" Expansion$Legendary Artifact$ 
HOHMJUD,KLHMJUD,Mystic Platemail Gorget Of Restoration,Gorget,Mystic Platemail Gorget Of Restoration$Insured$Weight: 2 Stones$Brittle$Fire Eater 12%$Intelligence Bonus 4$Mana Increase 6$Hit Point Regeneration 3$Stamina Regeneration 1$Mana Regeneration 4$Lower Mana Cost 10%$Physical Resist 20%$Fire Resist 18%$Cold Resist 17%$Poison Resist 18%$Energy Resist 17%$Mage Armor$Strength Requirement 45$Durability 255 / 255$* Requires The "Stygian Abyss" Expansion$Legendary Artifact$ 
OOHMJUD,KLHMJUD,Arcane Leaf Tunic Of Vitality,Chest,Arcane Leaf Tunic Of Vitality$Insured$Weight: 2 Stones$Elves Only$Brittle$Cold Eater 12%$Casting Focus 1%$Intelligence Bonus 4$Hit Point Increase 7$Mana Increase 4$Hit Point Regeneration 2$Mana Regeneration 1$Lower Mana Cost 10%$Physical Resist 17%$Fire Resist 18%$Cold Resist 17%$Poison Resist 19%$Energy Resist 19%$Strength Requirement 20$Durability 255 / 255$* Requires The "Stygian Abyss" Expansion$Legendary Artifact$ 
LOHMJUD,JLHMJUD,Mystic Ringmail Tunic Of Wizardry,Chest,Mystic Ringmail Tunic Of Wizardry$Insured$Weight: 15 Stones$Casting Focus 2%$Intelligence Bonus 5$Mana Increase 10$Mana Regeneration 4$Lower Mana Cost 10%$Lower Reagent Cost 20%$Physical Resist 3%$Fire Resist 3%$Cold Resist 1%$Poison Resist 5%$Energy Resist 3%$Mage Armor$Strength Requirement 40$Durability 45 / 45$* Requires The "Stygian Abyss" Expansion$Greater Artifact$ 
BOHMJUD,JLHMJUD,Arcane Leaf Leggings Of Sorcery,Legs,Arcane Leaf Leggings Of Sorcery$Insured$Weight: 2 Stones$Elves Only$Brittle$Intelligence Bonus 4$Mana Increase 8$Mana Regeneration 4$Lower Mana Cost 10%$Lower Reagent Cost 20%$Physical Resist 17%$Fire Resist 18%$Cold Resist 17%$Poison Resist 19%$Energy Resist 19%$Strength Requirement 20$Durability 255 / 255$Legendary Artifact$ 
COHMJUD,KLHMJUD,Arcane Leather Sleeves Of Vitality,Arms,Arcane Leather Sleeves Of Vitality$Insured$Weight: 2 Stones$Brittle$Kinetic Eater 12%$Casting Focus 2%$Intelligence Bonus 2$Hit Point Increase 5$Mana Increase 10$Hit Point Regeneration 3$Mana Regeneration 1$Lower Mana Cost 8%$Lower Reagent Cost 5%$Physical Resist 17%$Fire Resist 19%$Cold Resist 18%$Poison Resist 18%$Energy Resist 18%$Strength Requirement 20$Durability 255 / 255$* Requires The "Stygian Abyss" Expansion$Legendary Artifact$ 
AOHMJUD,KLHMJUD,Arcane Studded Gorget Of Restoration,Gorget,Arcane Studded Gorget Of Restoration$Insured$Weight: 1 Stone$Brittle$Kinetic Eater 15%$Casting Focus 1%$Intelligence Bonus 2$Mana Increase 2$Hit Point Regeneration 4$Stamina Regeneration 3$Mana Regeneration 4$Lower Mana Cost 10%$Physical Resist 17%$Fire Resist 19%$Cold Resist 3%$Poison Resist 18%$Energy Resist 19%$Mage Armor$Strength Requirement 25$Durability 255 / 255$* Requires The "Stygian Abyss" Expansion$Legendary Artifact$ 
FOHMJUD,KLHMJUD,Mystic Ringmail Gloves Of Restoration,Gloves,Mystic Ringmail Gloves Of Restoration$Insured$Weight: 2 Stones$Brittle$Cold Eater 15%$Intelligence Bonus 4$Mana Increase 8$Hit Point Regeneration 4$Mana Regeneration 2$Lower Mana Cost 10%$Physical Resist 18%$Fire Resist 18%$Cold Resist 16%$Poison Resist 20%$Energy Resist 18%$Mage Armor$Strength Requirement 40$Durability 255 / 255$* Requires The "Stygian Abyss" Expansion$Legendary Artifact$ 
DOHMJUD,JLHMJUD,Arcane Winged Helm Of Sorcery,Helm,Arcane Winged Helm Of Sorcery$Insured$Weight: 5 Stones$Elves Only$Brittle$Intelligence Bonus 5$Mana Increase 8$Mana Regeneration 4$Lower Mana Cost 8%$Lower Reagent Cost 20%$Physical Resist 20%$Fire Resist 16%$Cold Resist 17%$Poison Resist 17%$Energy Resist 20%$Mage Armor$Strength Requirement 25$Durability 255 / 255$Legendary Artifact$ 
EOHMJUD,KLHMJUD,Mystic Studded Tunic Of Vitality,Chest,Mystic Studded Tunic Of Vitality$Insured$Weight: 8 Stones$Brittle$Cold Eater 12%$Strength Bonus 5$Intelligence Bonus 3$Mana Increase 10$Hit Point Regeneration 3$Mana Regeneration 1$Lower Mana Cost 8%$Physical Resist 17%$Fire Resist 19%$Cold Resist 18%$Poison Resist 3%$Energy Resist 19%$Mage Armor$Strength Requirement 35$Durability 255 / 255$* Requires The "Stygian Abyss" Expansion$Legendary Artifact$ 
TNHMJUD,JLHMJUD,Arcane Studded Sleeves Of Sorcery,Arms,Arcane Studded Sleeves Of Sorcery$Insured$Weight: 4 Stones$Brittle$Casting Focus 1%$Intelligence Bonus 5$Mana Increase 10$Mana Regeneration 4$Lower Mana Cost 10%$Lower Reagent Cost 20%$Physical Resist 17%$Fire Resist 4%$Cold Resist 18%$Poison Resist 18%$Energy Resist 19%$Mage Armor$Strength Requirement 25$Durability 255 / 255$* Requires The "Stygian Abyss" Expansion$Legendary Artifact$ 
RNHMJUD,KLHMJUD,Mystic Studded Tunic Of Restoration,Chest,Mystic Studded Tunic Of Restoration$Insured$Weight: 8 Stones$Brittle$Cold Eater 12%$Intelligence Bonus 2$Mana Increase 10$Hit Point Regeneration 1$Stamina Regeneration 3$Mana Regeneration 4$Lower Mana Cost 10%$Physical Resist 17%$Fire Resist 19%$Cold Resist 18%$Poison Resist 18%$Energy Resist 19%$Mage Armor$Strength Requirement 35$Durability 255 / 255$* Requires The "Stygian Abyss" Expansion$Legendary Artifact$ 
SNHMJUD,JLHMJUD,Mystic Hide Tunic Of Wizardry,Chest,Mystic Hide Tunic Of Wizardry$Insured$Weight: 6 Stones$Elves Only$Brittle$Casting Focus 2%$Intelligence Bonus 5$Mana Increase 10$Mana Regeneration 4$Lower Mana Cost 10%$Lower Reagent Cost 25%$Physical Resist 3%$Fire Resist 3%$Cold Resist 4%$Poison Resist 3%$Energy Resist 2%$Mage Armor$Strength Requirement 25$Durability 255 / 255$* Requires The "Stygian Abyss" Expansion$Major Artifact$ 
YNHMJUD,KLHMJUD,Arcane Woodland Gorget Of Restoration,Gorget,Arcane Woodland Gorget Of Restoration$Insured$Weight: 3 Stones$Elves Only$Brittle$Poison Eater 15%$Intelligence Bonus 4$Mana Increase 10$Hit Point Regeneration 3$Stamina Regeneration 2$Mana Regeneration 3$Lower Mana Cost 6%$Lower Reagent Cost 5%$Physical Resist 20%$Fire Resist 18%$Cold Resist 17%$Poison Resist 18%$Energy Resist 17%$Strength Requirement 45$Durability 255 / 255$* Requires The "Stygian Abyss" Expansion$Legendary Artifact$ 
VNHMJUD,KLHMJUD,Mystic Hide Gorget Of Restoration,Gorget,Mystic Hide Gorget Of Restoration$Insured$Weight: 3 Stones$Elves Only$Brittle$Cold Eater 15%$Intelligence Bonus 2$Mana Increase 8$Hit Point Regeneration 3$Stamina Regeneration 1$Mana Regeneration 4$Lower Mana Cost 8%$Physical Resist 18%$Fire Resist 18%$Cold Resist 19%$Poison Resist 18%$Energy Resist 17%$Mage Armor$Strength Requirement 15$Durability 255 / 255$* Requires The "Stygian Abyss" Expansion$Legendary Artifact$ 
WNHMJUD,KLHMJUD,Mystic Studded Tunic Of Restoration,Chest,Mystic Studded Tunic Of Restoration$Insured$Weight: 8 Stones$Brittle$Poison Eater 15%$Intelligence Bonus 4$Mana Increase 4$Hit Point Regeneration 3$Stamina Regeneration 2$Mana Regeneration 4$Lower Mana Cost 8%$Physical Resist 17%$Fire Resist 19%$Cold Resist 18%$Poison Resist 18%$Energy Resist 19%$Mage Armor$Strength Requirement 35$Durability 255 / 255$* Requires The "Stygian Abyss" Expansion$Legendary Artifact$ 
LNHMJUD,KLHMJUD,Mystic Hide Gloves Of Restoration,Gloves,Mystic Hide Gloves Of Restoration$Insured$Weight: 2 Stones$Elves Only$Cold Eater 12%$Intelligence Bonus 4$Mana Increase 10$Hit Point Regeneration 4$Mana Regeneration 4$Lower Mana Cost 8%$Physical Resist 3%$Fire Resist 3%$Cold Resist 4%$Poison Resist 3%$Energy Resist 2%$Mage Armor$Strength Requirement 15$Durability 41 / 41$* Requires The "Stygian Abyss" Expansion$Greater Artifact$ 
MNHMJUD,JLHMJUD,Arcane Woodland Arms Of Sorcery,Arms,Arcane Woodland Arms Of Sorcery$Insured$Weight: 5 Stones$Elves Only$Brittle$Casting Focus 2%$Intelligence Bonus 5$Mana Increase 10$Mana Regeneration 4$Lower Mana Cost 10%$Lower Reagent Cost 25%$Physical Resist 5%$Fire Resist 3%$Cold Resist 2%$Poison Resist 3%$Energy Resist 2%$Mage Armor$Strength Requirement 80$Durability 255 / 255$* Requires The "Stygian Abyss" Expansion$Major Artifact$ 
JNHMJUD,KLHMJUD,Arcane Leather Sleeves Of Restoration,Arms,Arcane Leather Sleeves Of Restoration$Insured$Weight: 2 Stones$Brittle$Kinetic Eater 15%$Intelligence Bonus 4$Mana Increase 6$Hit Point Regeneration 2$Stamina Regeneration 1$Mana Regeneration 3$Lower Mana Cost 8%$Lower Reagent Cost 5%$Physical Resist 17%$Fire Resist 19%$Cold Resist 18%$Poison Resist 18%$Energy Resist 18%$Strength Requirement 20$Durability 255 / 255$* Requires The "Stygian Abyss" Expansion$Legendary Artifact$ 
KNHMJUD,KLHMJUD,Arcane Platemail Gorget Of Vitality,Gorget,Arcane Platemail Gorget Of Vitality$Insured$Weight: 2 Stones$Brittle$Kinetic Eater 12%$Casting Focus 3%$Strength Bonus 4$Intelligence Bonus 2$Mana Increase 8$Hit Point Regeneration 3$Mana Regeneration 3$Lower Mana Cost 6%$Lower Reagent Cost 5%$Physical Resist 20%$Fire Resist 18%$Cold Resist 17%$Poison Resist 18%$Energy Resist 2%$Mage Armor$Strength Requirement 45$Durability 255 / 255$* Requires The "Stygian Abyss" Expansion$Legendary Artifact$ 
PNHMJUD,KLHMJUD,Mystic Studded Tunic Of Restoration,Chest,Mystic Studded Tunic Of Restoration$Insured$Weight: 8 Stones$Brittle$Cold Eater 12%$Intelligence Bonus 5$Hit Point Regeneration 3$Stamina Regeneration 3$Mana Regeneration 4$Lower Mana Cost 8%$Physical Resist 2%$Fire Resist 19%$Cold Resist 18%$Poison Resist 18%$Energy Resist 19%$Mage Armor$Strength Requirement 35$Durability 255 / 255$* Requires The "Stygian Abyss" Expansion$Legendary Artifact$ 
QNHMJUD,KLHMJUD,Mystic Hide Pants Of Vitality,Legs,Mystic Hide Pants Of Vitality$Insured$Weight: 5 Stones$Elves Only$Brittle$Cold Eater 12%$Strength Bonus 4$Intelligence Bonus 5$Mana Increase 2$Hit Point Regeneration 3$Mana Regeneration 3$Lower Mana Cost 6%$Physical Resist 18%$Fire Resist 18%$Cold Resist 19%$Poison Resist 18%$Energy Resist 17%$Mage Armor$Strength Requirement 25$Durability 255 / 255$* Requires The "Stygian Abyss" Expansion$Legendary Artifact$ 
NNHMJUD,KLHMJUD,Mystic Hide Tunic Of Restoration,Chest,Mystic Hide Tunic Of Restoration$Insured$Weight: 6 Stones$Elves Only$Brittle$Fire Eater 12%$Intelligence Bonus 4$Mana Increase 10$Hit Point Regeneration 3$Stamina Regeneration 2$Mana Regeneration 4$Lower Mana Cost 8%$Physical Resist 18%$Fire Resist 3%$Cold Resist 19%$Poison Resist 18%$Energy Resist 17%$Mage Armor$Strength Requirement 25$Durability 255 / 255$* Requires The "Stygian Abyss" Expansion$Legendary Artifact$ 
ONHMJUD,JLHMJUD,Mystic Studded Gorget Of Wizardry,Gorget,Mystic Studded Gorget Of Wizardry$Insured$Weight: 1 Stone$Brittle$Casting Focus 1%$Intelligence Bonus 5$Mana Increase 10$Mana Regeneration 4$Lower Mana Cost 10%$Lower Reagent Cost 20%$Physical Resist 2%$Fire Resist 19%$Cold Resist 18%$Poison Resist 18%$Energy Resist 19%$Mage Armor$Strength Requirement 25$Durability 255 / 255$* Requires The "Stygian Abyss" Expansion$Legendary Artifact$ 
BSHMJUD,KLHMJUD,Arcane Woodland Arms Of Restoration,Arms,Arcane Woodland Arms Of Restoration$Insured$Weight: 5 Stones$Elves Only$Brittle$Poison Eater 12%$Casting Focus 2%$Intelligence Bonus 4$Hit Point Regeneration 1$Stamina Regeneration 4$Mana Regeneration 4$Lower Mana Cost 6%$Physical Resist 20%$Fire Resist 18%$Cold Resist 2%$Poison Resist 18%$Energy Resist 17%$Mage Armor$Strength Requirement 80$Durability 255 / 255$* Requires The "Stygian Abyss" Expansion$Legendary Artifact$ 
CSHMJUD,JLHMJUD,Arcane Leather Sleeves Of Sorcery,Arms,Arcane Leather Sleeves Of Sorcery$Insured$Weight: 2 Stones$Brittle$Casting Focus 3%$Intelligence Bonus 5$Mana Increase 10$Mana Regeneration 4$Lower Mana Cost 10%$Lower Reagent Cost 20%$Physical Resist 2%$Fire Resist 4%$Cold Resist 3%$Poison Resist 3%$Energy Resist 3%$Strength Requirement 20$Durability 255 / 255$* Requires The "Stygian Abyss" Expansion$Major Artifact$ 
ZRHMJUD,KLHMJUD,Mystic Platemail Gloves Of Vitality,Gloves,Mystic Platemail Gloves Of Vitality$Insured$Weight: 2 Stones$Brittle$Poison Eater 15%$Intelligence Bonus 5$Hit Point Increase 5$Mana Increase 2$Hit Point Regeneration 3$Mana Regeneration 3$Lower Mana Cost 6%$Physical Resist 20%$Fire Resist 18%$Cold Resist 17%$Poison Resist 18%$Energy Resist 17%$Mage Armor$Strength Requirement 70$Durability 255 / 255$* Requires The "Stygian Abyss" Expansion$Legendary Artifact$ 
ASHMJUD,KLHMJUD,Arcane Orc Helm Of Restoration,Helm,Arcane Orc Helm Of Restoration$Insured$Weight: 5 Stones$Brittle$Energy Eater 12%$Intelligence Bonus 4$Mana Increase 8$Hit Point Regeneration 2$Stamina Regeneration 4$Mana Regeneration 3$Lower Mana Cost 10%$Lower Reagent Cost 5%$Physical Resist 18%$Fire Resist 16%$Cold Resist 18%$Poison Resist 18%$Energy Resist 20%$Mage Armor$Strength Requirement 30$Durability 255 / 255$* Requires The "Stygian Abyss" Expansion$Legendary Artifact$ 
FSHMJUD,KLHMJUD,Mystic Ringmail Sleeves Of Restoration,Arms,Mystic Ringmail Sleeves Of Restoration$Insured$Weight: 10 Stones$Brittle$Kinetic Eater 12%$Intelligence Bonus 4$Mana Increase 8$Hit Point Regeneration 3$Stamina Regeneration 3$Mana Regeneration 3$Lower Mana Cost 8%$Physical Resist 18%$Fire Resist 18%$Cold Resist 16%$Poison Resist 20%$Energy Resist 18%$Mage Armor$Strength Requirement 40$Durability 255 / 255$* Requires The "Stygian Abyss" Expansion$Legendary Artifact$ 
GSHMJUD,KLHMJUD,Mystic Hide Tunic Of Restoration,Chest,Mystic Hide Tunic Of Restoration$Insured$Weight: 6 Stones$Elves Only$Brittle$Energy Eater 12%$Intelligence Bonus 3$Mana Increase 8$Hit Point Regeneration 3$Stamina Regeneration 1$Mana Regeneration 4$Lower Mana Cost 10%$Physical Resist 18%$Fire Resist 18%$Cold Resist 19%$Poison Resist 18%$Energy Resist 17%$Mage Armor$Strength Requirement 25$Durability 255 / 255$* Requires The "Stygian Abyss" Expansion$Legendary Artifact$ 
DSHMJUD,JLHMJUD,Arcane Platemail Tunic Of Sorcery,Chest,Arcane Platemail Tunic Of Sorcery$Insured$Weight: 10 Stones$Brittle$Intelligence Bonus 4$Mana Increase 10$Mana Regeneration 4$Lower Mana Cost 8%$Lower Reagent Cost 20%$Physical Resist 20%$Fire Resist 18%$Cold Resist 17%$Poison Resist 18%$Energy Resist 17%$Mage Armor$Strength Requirement 95$Durability 255 / 255$Legendary Artifact$ 
TRHMJUD,KLHMJUD,Arcane Leather Sleeves Of Restoration,Arms,Arcane Leather Sleeves Of Restoration$Insured$Weight: 2 Stones$Brittle$Cold Eater 12%$Casting Focus 2%$Mana Increase 6$Hit Point Regeneration 3$Mana Regeneration 3$Lower Mana Cost 8%$Lower Reagent Cost 5%$Physical Resist 17%$Fire Resist 19%$Cold Resist 18%$Poison Resist 18%$Energy Resist 18%$Strength Requirement 20$Durability 255 / 255$* Requires The "Stygian Abyss" Expansion$Legendary Artifact$ 
URHMJUD,KLHMJUD,Arcane Leaf Gorget Of Restoration,Gorget,Arcane Leaf Gorget Of Restoration$Insured$Weight: 2 Stones$Elves Only$Brittle$Fire Eater 12%$Casting Focus 2%$Intelligence Bonus 4$Hit Point Regeneration 1$Stamina Regeneration 1$Mana Regeneration 4$Lower Mana Cost 6%$Lower Reagent Cost 5%$Physical Resist 17%$Fire Resist 18%$Cold Resist 17%$Poison Resist 19%$Energy Resist 19%$Strength Requirement 10$Durability 255 / 255$* Requires The "Stygian Abyss" Expansion$Legendary Artifact$ 
RRHMJUD,KLHMJUD,Mystic Woodland Gorget Of Restoration,Gorget,Mystic Woodland Gorget Of Restoration$Insured$Weight: 3 Stones$Elves Only$Brittle$Damage Eater 12%$Intelligence Bonus 3$Mana Increase 10$Hit Point Regeneration 3$Stamina Regeneration 1$Mana Regeneration 4$Lower Mana Cost 8%$Physical Resist 20%$Fire Resist 18%$Cold Resist 17%$Poison Resist 18%$Energy Resist 17%$Mage Armor$Strength Requirement 45$Durability 255 / 255$* Requires The "Stygian Abyss" Expansion$Legendary Artifact$ 
SRHMJUD,JLHMJUD,Arcane Leaf Gorget Of Sorcery,Gorget,Arcane Leaf Gorget Of Sorcery$Insured$Weight: 2 Stones$Elves Only$Brittle$Casting Focus 2%$Intelligence Bonus 4$Mana Increase 8$Mana Regeneration 4$Lower Mana Cost 10%$Lower Reagent Cost 20%$Physical Resist 17%$Fire Resist 18%$Cold Resist 17%$Poison Resist 19%$Energy Resist 19%$Strength Requirement 10$Durability 255 / 255$* Requires The "Stygian Abyss" Expansion$Legendary Artifact$ 
XRHMJUD,KLHMJUD,Arcane Leather Sleeves Of Restoration,Arms,Arcane Leather Sleeves Of Restoration$Insured$Weight: 2 Stones$Brittle$Fire Eater 12%$Casting Focus 1%$Intelligence Bonus 1$Mana Increase 2$Hit Point Regeneration 3$Stamina Regeneration 3$Mana Regeneration 4$Lower Mana Cost 8%$Physical Resist 17%$Fire Resist 19%$Cold Resist 18%$Poison Resist 18%$Energy Resist 18%$Strength Requirement 20$Durability 255 / 255$* Requires The "Stygian Abyss" Expansion$Legendary Artifact$ 
WRHMJUD,JLHMJUD,Arcane Platemail Legs Of Sorcery,Legs,Arcane Platemail Legs Of Sorcery$Insured$Weight: 7 Stones$Brittle$Intelligence Bonus 5$Mana Increase 8$Mana Regeneration 4$Lower Mana Cost 10%$Lower Reagent Cost 25%$Physical Resist 20%$Fire Resist 18%$Cold Resist 17%$Poison Resist 18%$Energy Resist 17%$Mage Armor$Strength Requirement 90$Durability 255 / 255$Legendary Artifact$ 
LRHMJUD,KLHMJUD,Mystic Chainmail Tunic Of Vitality,Chest,Mystic Chainmail Tunic Of Vitality$Insured$Weight: 7 Stones$Brittle$Kinetic Eater 15%$Intelligence Bonus 4$Hit Point Increase 5$Mana Increase 4$Hit Point Regeneration 2$Mana Regeneration 1$Lower Mana Cost 10%$Physical Resist 19%$Fire Resist 19%$Cold Resist 19%$Poison Resist 16%$Energy Resist 17%$Mage Armor$Strength Requirement 60$Durability 255 / 255$* Requires The "Stygian Abyss" Expansion$Legendary Artifact$ 
MRHMJUD,KLHMJUD,Arcane Leather Gloves Of Vitality,Gloves,Arcane Leather Gloves Of Vitality$Insured$Weight: 1 Stone$Brittle$Poison Eater 12%$Casting Focus 2%$Strength Bonus 4$Intelligence Bonus 4$Hit Point Regeneration 4$Mana Regeneration 2$Lower Mana Cost 8%$Lower Reagent Cost 5%$Physical Resist 17%$Fire Resist 19%$Cold Resist 18%$Poison Resist 18%$Energy Resist 18%$Strength Requirement 20$Durability 255 / 255$* Requires The "Stygian Abyss" Expansion$Legendary Artifact$ 
JRHMJUD,KLHMJUD,Arcane Studded Sleeves Of Restoration,Arms,Arcane Studded Sleeves Of Restoration$Insured$Weight: 4 Stones$Brittle$Cold Eater 15%$Intelligence Bonus 4$Mana Increase 10$Hit Point Regeneration 1$Stamina Regeneration 3$Mana Regeneration 4$Lower Mana Cost 8%$Lower Reagent Cost 5%$Physical Resist 17%$Fire Resist 19%$Cold Resist 18%$Poison Resist 18%$Energy Resist 19%$Mage Armor$Strength Requirement 25$Durability 255 / 255$* Requires The "Stygian Abyss" Expansion$Legendary Artifact$ 
KRHMJUD,JLHMJUD,Arcane Studded Gorget Of Sorcery,Gorget,Arcane Studded Gorget Of Sorcery$Insured$Weight: 1 Stone$Brittle$Casting Focus 1%$Intelligence Bonus 5$Mana Increase 10$Mana Regeneration 4$Lower Mana Cost 10%$Lower Reagent Cost 25%$Physical Resist 2%$Fire Resist 19%$Cold Resist 18%$Poison Resist 18%$Energy Resist 19%$Mage Armor$Strength Requirement 25$Durability 255 / 255$* Requires The "Stygian Abyss" Expansion$Legendary Artifact$ 
PRHMJUD,JLHMJUD,Arcane Leather Sleeves Of Sorcery,Arms,Arcane Leather Sleeves Of Sorcery$Insured$Weight: 2 Stones$Brittle$Casting Focus 1%$Intelligence Bonus 5$Mana Increase 10$Mana Regeneration 4$Lower Mana Cost 10%$Lower Reagent Cost 20%$Physical Resist 17%$Fire Resist 19%$Cold Resist 18%$Poison Resist 18%$Energy Resist 18%$Strength Requirement 20$Durability 255 / 255$* Requires The "Stygian Abyss" Expansion$Legendary Artifact$ 
QRHMJUD,JLHMJUD,Mystic Orc Helm Of Wizardry,Helm,Mystic Orc Helm Of Wizardry$Insured$Weight: 5 Stones$Brittle$Intelligence Bonus 5$Mana Increase 10$Mana Regeneration 4$Lower Mana Cost 10%$Lower Reagent Cost 20%$Physical Resist 18%$Fire Resist 16%$Cold Resist 18%$Poison Resist 18%$Energy Resist 20%$Mage Armor$Strength Requirement 30$Durability 255 / 255$Legendary Artifact$ 
NRHMJUD,KLHMJUD,Mystic Bone Leggings Of Restoration,Legs,Mystic Bone Leggings Of Restoration$Insured$Weight: 3 Stones$Brittle$Damage Eater 12%$Intelligence Bonus 4$Mana Increase 8$Hit Point Regeneration 4$Stamina Regeneration 1$Mana Regeneration 2$Lower Mana Cost 8%$Physical Resist 18%$Fire Resist 18%$Cold Resist 19%$Poison Resist 17%$Energy Resist 19%$Mage Armor$Strength Requirement 55$Durability 255 / 255$* Requires The "Stygian Abyss" Expansion$Legendary Artifact$ 
ORHMJUD,KLHMJUD,Mystic Studded Gorget Of Vitality,Gorget,Mystic Studded Gorget Of Vitality$Insured$Weight: 1 Stone$Brittle$Poison Eater 12%$Intelligence Bonus 4$Hit Point Increase 5$Mana Increase 2$Hit Point Regeneration 3$Mana Regeneration 3$Lower Mana Cost 8%$Physical Resist 17%$Fire Resist 19%$Cold Resist 18%$Poison Resist 18%$Energy Resist 19%$Mage Armor$Strength Requirement 25$Durability 255 / 255$* Requires The "Stygian Abyss" Expansion$Legendary Artifact$ 
DRHMJUD,KLHMJUD,Mystic Platemail Gloves Of Restoration,Gloves,Mystic Platemail Gloves Of Restoration$Insured$Weight: 2 Stones$Brittle$Cold Eater 12%$Intelligence Bonus 4$Mana Increase 6$Hit Point Regeneration 1$Stamina Regeneration 4$Mana Regeneration 3$Lower Mana Cost 10%$Physical Resist 20%$Fire Resist 18%$Cold Resist 17%$Poison Resist 18%$Energy Resist 17%$Mage Armor$Strength Requirement 70$Durability 255 / 255$* Requires The "Stygian Abyss" Expansion$Legendary Artifact$ 
BRHMJUD,JLHMJUD,Arcane Chainmail Leggings Of Sorcery,Legs,Arcane Chainmail Leggings Of Sorcery$Insured$Weight: 7 Stones$Brittle$Casting Focus 1%$Intelligence Bonus 4$Mana Increase 10$Mana Regeneration 4$Lower Mana Cost 10%$Lower Reagent Cost 20%$Physical Resist 19%$Fire Resist 19%$Cold Resist 19%$Poison Resist 16%$Energy Resist 17%$Mage Armor$Strength Requirement 60$Durability 255 / 255$* Requires The "Stygian Abyss" Expansion$Legendary Artifact$ 
CRHMJUD,KLHMJUD,Mystic Bone Gloves Of Vitality,Gloves,Mystic Bone Gloves Of Vitality$Insured$Weight: 2 Stones$Brittle$Fire Eater 12%$Strength Bonus 4$Intelligence Bonus 2$Mana Increase 8$Hit Point Regeneration 3$Mana Regeneration 1$Lower Mana Cost 10%$Physical Resist 18%$Fire Resist 18%$Cold Resist 19%$Poison Resist 17%$Energy Resist 19%$Mage Armor$Strength Requirement 55$Durability 255 / 255$* Requires The "Stygian Abyss" Expansion$Legendary Artifact$ 
IRHMJUD,JLHMJUD,Arcane Bone Gloves Of Sorcery,Gloves,Arcane Bone Gloves Of Sorcery$Insured$Weight: 1 Stone$Brittle$Casting Focus 1%$Intelligence Bonus 5$Mana Increase 10$Mana Regeneration 4$Lower Mana Cost 10%$Lower Reagent Cost 25%$Physical Resist 18%$Fire Resist 3%$Cold Resist 19%$Poison Resist 17%$Energy Resist 19%$Mage Armor$Strength Requirement 55$Durability 255 / 255$* Requires The "Stygian Abyss" Expansion$Legendary Artifact$ 
GRHMJUD,KLHMJUD,Mystic Bone Armor Of Vitality,Chest,Mystic Bone Armor Of Vitality$Insured$Weight: 6 Stones$Brittle$Fire Eater 12%$Strength Bonus 4$Intelligence Bonus 2$Mana Increase 6$Hit Point Regeneration 3$Mana Regeneration 4$Lower Mana Cost 6%$Physical Resist 18%$Fire Resist 3%$Cold Resist 19%$Poison Resist 17%$Energy Resist 19%$Mage Armor$Strength Requirement 60$Durability 255 / 255$* Requires The "Stygian Abyss" Expansion$Legendary Artifact$ 
VQHMJUD,JLHMJUD,Arcane Platemail Arms Of Sorcery,Arms,Arcane Platemail Arms Of Sorcery$Insured$Weight: 5 Stones$Brittle$Intelligence Bonus 5$Mana Increase 10$Mana Regeneration 4$Lower Mana Cost 10%$Lower Reagent Cost 20%$Physical Resist 20%$Fire Resist 18%$Cold Resist 17%$Poison Resist 18%$Energy Resist 17%$Mage Armor$Strength Requirement 80$Durability 255 / 255$Legendary Artifact$ 
WQHMJUD,KLHMJUD,Arcane Leather Leggings Of Vitality,Legs,Arcane Leather Leggings Of Vitality$Insured$Weight: 4 Stones$Brittle$Cold Eater 12%$Casting Focus 1%$Intelligence Bonus 3$Hit Point Increase 7$Mana Increase 10$Hit Point Regeneration 2$Mana Regeneration 1$Lower Mana Cost 8%$Lower Reagent Cost 5%$Physical Resist 17%$Fire Resist 19%$Cold Resist 18%$Poison Resist 18%$Energy Resist 18%$Strength Requirement 20$Durability 255 / 255$* Requires The "Stygian Abyss" Expansion$Legendary Artifact$ 
ZQHMJUD,JLHMJUD,Arcane Woodland Chest Of Sorcery,Chest,Arcane Woodland Chest Of Sorcery$Insured$Weight: 8 Stones$Elves Only$Brittle$Casting Focus 2%$Intelligence Bonus 5$Mana Increase 8$Mana Regeneration 4$Lower Mana Cost 10%$Lower Reagent Cost 25%$Physical Resist 20%$Fire Resist 18%$Cold Resist 17%$Poison Resist 18%$Energy Resist 17%$Mage Armor$Strength Requirement 95$Durability 255 / 255$* Requires The "Stygian Abyss" Expansion$Legendary Artifact$ 
YQHMJUD,JLHMJUD,Mystic Platemail Gorget Of Wizardry,Gorget,Mystic Platemail Gorget Of Wizardry$Insured$Weight: 2 Stones$Brittle$Casting Focus 1%$Intelligence Bonus 5$Mana Increase 10$Mana Regeneration 4$Lower Mana Cost 10%$Lower Reagent Cost 20%$Physical Resist 20%$Fire Resist 18%$Cold Resist 2%$Poison Resist 18%$Energy Resist 17%$Mage Armor$Strength Requirement 45$Durability 255 / 255$* Requires The "Stygian Abyss" Expansion$Legendary Artifact$ 
NQHMJUD,JLHMJUD,Arcane Woodland Arms Of Sorcery,Arms,Arcane Woodland Arms Of Sorcery$Insured$Weight: 5 Stones$Elves Only$Brittle$Casting Focus 3%$Intelligence Bonus 4$Mana Increase 8$Mana Regeneration 4$Lower Mana Cost 10%$Lower Reagent Cost 25%$Physical Resist 20%$Fire Resist 18%$Cold Resist 17%$Poison Resist 18%$Energy Resist 17%$Mage Armor$Strength Requirement 80$Durability 255 / 255$* Requires The "Stygian Abyss" Expansion$Legendary Artifact$ 
RQHMJUD,KLHMJUD,Arcane Bone Arms Of Restoration,Arms,Arcane Bone Arms Of Restoration$Insured$Weight: 2 Stones$Brittle$Damage Eater 12%$Casting Focus 2%$Intelligence Bonus 4$Mana Increase 4$Hit Point Regeneration 3$Mana Regeneration 3$Lower Mana Cost 8%$Physical Resist 18%$Fire Resist 18%$Cold Resist 19%$Poison Resist 17%$Energy Resist 19%$Mage Armor$Strength Requirement 55$Durability 255 / 255$* Requires The "Stygian Abyss" Expansion$Legendary Artifact$ 
SQHMJUD,JLHMJUD,Arcane Leaf Arms Of Sorcery,Arms,Arcane Leaf Arms Of Sorcery$Insured$Weight: 2 Stones$Elves Only$Brittle$Intelligence Bonus 4$Mana Increase 8$Mana Regeneration 4$Lower Mana Cost 10%$Lower Reagent Cost 20%$Physical Resist 17%$Fire Resist 18%$Cold Resist 17%$Poison Resist 19%$Energy Resist 19%$Strength Requirement 15$Durability 255 / 255$Legendary Artifact$ 
PQHMJUD,JLHMJUD,Arcane Helmet Of Sorcery,Helm,Arcane Helmet Of Sorcery$Insured$Weight: 5 Stones$Brittle$Casting Focus 1%$Intelligence Bonus 5$Mana Increase 10$Mana Regeneration 4$Lower Mana Cost 8%$Lower Reagent Cost 20%$Physical Resist 17%$Fire Resist 19%$Cold Resist 19%$Poison Resist 18%$Energy Resist 17%$Mage Armor$Strength Requirement 45$Durability 255 / 255$* Requires The "Stygian Abyss" Expansion$Legendary Artifact$ 
QQHMJUD,JLHMJUD,Arcane Vulture Helm Of Sorcery,Helm,Arcane Vulture Helm Of Sorcery$Insured$Weight: 5 Stones$Elves Only$Brittle$Casting Focus 3%$Intelligence Bonus 4$Mana Increase 10$Mana Regeneration 4$Lower Mana Cost 10%$Lower Reagent Cost 25%$Physical Resist 20%$Fire Resist 16%$Cold Resist 2%$Poison Resist 17%$Energy Resist 20%$Mage Armor$Strength Requirement 25$Durability 255 / 255$* Requires The "Stygian Abyss" Expansion$Legendary Artifact$ 
FQHMJUD,KLHMJUD,Arcane Woodland Chest Of Restoration,Chest,Arcane Woodland Chest Of Restoration$Insured$Weight: 8 Stones$Elves Only$Brittle$Kinetic Eater 15%$Casting Focus 1%$Intelligence Bonus 4$Mana Increase 2$Hit Point Regeneration 4$Stamina Regeneration 3$Mana Regeneration 4$Lower Mana Cost 6%$Lower Reagent Cost 5%$Physical Resist 20%$Fire Resist 18%$Cold Resist 17%$Poison Resist 18%$Energy Resist 17%$Strength Requirement 95$Durability 255 / 255$* Requires The "Stygian Abyss" Expansion$Legendary Artifact$ 
DQHMJUD,JLHMJUD,Arcane Chainmail Tunic Of Sorcery,Chest,Arcane Chainmail Tunic Of Sorcery$Insured$Weight: 7 Stones$Brittle$Casting Focus 2%$Intelligence Bonus 4$Mana Increase 8$Mana Regeneration 4$Lower Mana Cost 10%$Lower Reagent Cost 20%$Physical Resist 19%$Fire Resist 19%$Cold Resist 19%$Poison Resist 16%$Energy Resist 17%$Mage Armor$Strength Requirement 60$Durability 255 / 255$* Requires The "Stygian Abyss" Expansion$Legendary Artifact$ 
EQHMJUD,JLHMJUD,Arcane Close Helmet Of Sorcery,Helm,Arcane Close Helmet Of Sorcery$Insured$Weight: 5 Stones$Brittle$Casting Focus 2%$Intelligence Bonus 4$Mana Increase 8$Mana Regeneration 4$Lower Mana Cost 10%$Lower Reagent Cost 20%$Physical Resist 18%$Fire Resist 18%$Cold Resist 18%$Poison Resist 18%$Energy Resist 18%$Mage Armor$Strength Requirement 55$Durability 255 / 255$* Requires The "Stygian Abyss" Expansion$Legendary Artifact$ 
KQHMJUD,JLHMJUD,Arcane Leather Shorts Of Sorcery,Legs,Arcane Leather Shorts Of Sorcery$Insured$Weight: 3 Stones$Brittle$Casting Focus 1%$Intelligence Bonus 5$Mana Increase 10$Mana Regeneration 4$Lower Mana Cost 10%$Lower Reagent Cost 20%$Physical Resist 17%$Fire Resist 19%$Cold Resist 18%$Poison Resist 18%$Energy Resist 18%$Strength Requirement 20$Durability 255 / 255$* Requires The "Stygian Abyss" Expansion$Legendary Artifact$ 
HQHMJUD,KLHMJUD,Mystic Studded Armor Of Restoration,Chest,Mystic Studded Armor Of Restoration$Insured$Weight: 6 Stones$Brittle$Energy Eater 12%$Intelligence Bonus 4$Mana Increase 8$Hit Point Regeneration 3$Stamina Regeneration 3$Mana Regeneration 3$Lower Mana Cost 8%$Physical Resist 17%$Fire Resist 19%$Cold Resist 18%$Poison Resist 18%$Energy Resist 19%$Mage Armor$Strength Requirement 35$Durability 255 / 255$* Requires The "Stygian Abyss" Expansion$Legendary Artifact$ 
IQHMJUD,JLHMJUD,Arcane Leather Gorget Of Sorcery,Gorget,Arcane Leather Gorget Of Sorcery$Insured$Weight: 1 Stone$Brittle$Casting Focus 2%$Intelligence Bonus 5$Mana Increase 10$Mana Regeneration 4$Lower Mana Cost 10%$Lower Reagent Cost 20%$Physical Resist 17%$Fire Resist 19%$Cold Resist 18%$Poison Resist 18%$Energy Resist 18%$Strength Requirement 20$Durability 255 / 255$* Requires The "Stygian Abyss" Expansion$Legendary Artifact$ 
YPHMJUD,KLHMJUD,Mystic Studded Leggings Of Restoration,Legs,Mystic Studded Leggings Of Restoration$Insured$Weight: 5 Stones$Brittle$Damage Eater 12%$Intelligence Bonus 2$Mana Increase 4$Hit Point Regeneration 3$Stamina Regeneration 3$Mana Regeneration 4$Lower Mana Cost 8%$Physical Resist 17%$Fire Resist 19%$Cold Resist 18%$Poison Resist 18%$Energy Resist 19%$Mage Armor$Strength Requirement 30$Durability 255 / 255$* Requires The "Stygian Abyss" Expansion$Legendary Artifact$ 
VPHMJUD,KLHMJUD,Arcane Woodland Chest Of Restoration,Chest,Arcane Woodland Chest Of Restoration$Insured$Weight: 8 Stones$Elves Only$Brittle$Energy Eater 15%$Intelligence Bonus 4$Mana Increase 6$Hit Point Regeneration 3$Stamina Regeneration 3$Mana Regeneration 2$Lower Mana Cost 10%$Lower Reagent Cost 5%$Physical Resist 5%$Fire Resist 18%$Cold Resist 17%$Poison Resist 18%$Energy Resist 17%$Mage Armor$Strength Requirement 95$Durability 255 / 255$* Requires The "Stygian Abyss" Expansion$Legendary Artifact$ 
WPHMJUD,KLHMJUD,Arcane Leaf Tunic Of Restoration,Chest,Arcane Leaf Tunic Of Restoration$Insured$Weight: 2 Stones$Elves Only$Brittle$Damage Eater 15%$Casting Focus 2%$Intelligence Bonus 2$Mana Increase 8$Hit Point Regeneration 3$Mana Regeneration 4$Lower Mana Cost 10%$Lower Reagent Cost 5%$Physical Resist 17%$Fire Resist 18%$Cold Resist 17%$Poison Resist 19%$Energy Resist 19%$Strength Requirement 20$Durability 255 / 255$* Requires The "Stygian Abyss" Expansion$Legendary Artifact$ 
BQHMJUD,JLHMJUD,Mystic Hide Pants Of Wizardry,Legs,Mystic Hide Pants Of Wizardry$Insured$Weight: 5 Stones$Elves Only$Brittle$Casting Focus 1%$Intelligence Bonus 4$Mana Increase 10$Mana Regeneration 4$Lower Mana Cost 10%$Lower Reagent Cost 20%$Physical Resist 18%$Fire Resist 18%$Cold Resist 19%$Poison Resist 3%$Energy Resist 17%$Mage Armor$Strength Requirement 25$Durability 255 / 255$* Requires The "Stygian Abyss" Expansion$Legendary Artifact$ 
CQHMJUD,JLHMJUD,Arcane Woodland Leggings Of Sorcery,Legs,Arcane Woodland Leggings Of Sorcery$Insured$Weight: 8 Stones$Elves Only$Brittle$Casting Focus 1%$Intelligence Bonus 5$Mana Increase 10$Mana Regeneration 4$Lower Mana Cost 10%$Lower Reagent Cost 25%$Physical Resist 20%$Fire Resist 18%$Cold Resist 17%$Poison Resist 18%$Energy Resist 17%$Mage Armor$Strength Requirement 90$Durability 255 / 255$* Requires The "Stygian Abyss" Expansion$Legendary Artifact$ 
SKHMJUD,KLHMJUD,Arcane Ringmail Sleeves Of Restoration,Arms,Arcane Ringmail Sleeves Of Restoration$Insured$Weight: 15 Stones$Brittle$Fire Eater 15%$Casting Focus 2%$Mana Increase 10$Hit Point Regeneration 3$Stamina Regeneration 2$Mana Regeneration 3$Lower Mana Cost 8%$Physical Resist 18%$Fire Resist 18%$Cold Resist 16%$Poison Resist 20%$Energy Resist 18%$Mage Armor$Strength Requirement 40$Durability 255 / 255$* Requires The "Stygian Abyss" Expansion$Legendary Artifact$ 
RKHMJUD,JLHMJUD,Arcane Hide Pauldrons Of Restoration,Arms,Arcane Hide Pauldrons Of Restoration$Insured$Weight: 4 Stones$Elves Only$Brittle$Fire Eater 12%$Casting Focus 1%$Intelligence Bonus 4$Mana Increase 8$Hit Point Regeneration 3$Stamina Regeneration 3$Mana Regeneration 4$Lower Mana Cost 8%$Lower Reagent Cost 20%$Physical Resist 18%$Fire Resist 18%$Cold Resist 19%$Poison Resist 18%$Energy Resist 17%$Strength Requirement 20$Durability 255 / 255$* Requires The "Stygian Abyss" Expansion$Legendary Artifact$ 
PKHMJUD,KLHMJUD,Arcane Hide Gorget Of Vitality,Gorget,Arcane Hide Gorget Of Vitality$Insured$Weight: 3 Stones$Elves Only$Brittle$Cold Eater 12%$Casting Focus 1%$Strength Bonus 4$Intelligence Bonus 4$Mana Increase 2$Hit Point Regeneration 3$Mana Regeneration 3$Lower Mana Cost 6%$Lower Reagent Cost 20%$Physical Resist 18%$Fire Resist 18%$Cold Resist 19%$Poison Resist 18%$Energy Resist 17%$Strength Requirement 15$Durability 255 / 255$* Requires The "Stygian Abyss" Expansion$Legendary Artifact$ 
QKHMJUD,JLHMJUD,Arcane Woodland Chest Of Sorcery,Chest,Arcane Woodland Chest Of Sorcery$Insured$Weight: 8 Stones$Elves Only$Brittle$Casting Focus 1%$Intelligence Bonus 5$Mana Increase 10$Mana Regeneration 4$Lower Mana Cost 10%$Lower Reagent Cost 20%$Physical Resist 20%$Fire Resist 3%$Cold Resist 17%$Poison Resist 18%$Energy Resist 17%$Mage Armor$Strength Requirement 95$Durability 255 / 255$* Requires The "Stygian Abyss" Expansion$Legendary Artifact$ 
VKHMJUD,KLHMJUD,Arcane Hide Tunic Of Restoration,Chest,Arcane Hide Tunic Of Restoration$Insured$Weight: 6 Stones$Elves Only$Brittle$Cold Eater 15%$Casting Focus 2%$Intelligence Bonus 4$Mana Increase 2$Hit Point Regeneration 4$Stamina Regeneration 1$Mana Regeneration 1$Lower Mana Cost 8%$Physical Resist 18%$Fire Resist 18%$Cold Resist 19%$Poison Resist 18%$Energy Resist 17%$Strength Requirement 25$Durability 255 / 255$* Requires The "Stygian Abyss" Expansion$Legendary Artifact$ 
WKHMJUD,KLHMJUD,Arcane Studded Gloves Of Restoration,Gloves,Arcane Studded Gloves Of Restoration$Insured$Weight: 1 Stone$Brittle$Cold Eater 12%$Casting Focus 1%$Intelligence Bonus 4$Mana Increase 4$Hit Point Regeneration 3$Mana Regeneration 3$Lower Mana Cost 10%$Physical Resist 17%$Fire Resist 19%$Cold Resist 18%$Poison Resist 18%$Energy Resist 19%$Mage Armor$Strength Requirement 25$Durability 255 / 255$* Requires The "Stygian Abyss" Expansion$Legendary Artifact$ 
TKHMJUD,JLHMJUD,Arcane Leaf Leggings Of Sorcery,Legs,Arcane Leaf Leggings Of Sorcery$Insured$Weight: 2 Stones$Elves Only$Brittle$Intelligence Bonus 4$Mana Increase 8$Mana Regeneration 4$Lower Mana Cost 10%$Lower Reagent Cost 20%$Physical Resist 17%$Fire Resist 18%$Cold Resist 17%$Poison Resist 19%$Energy Resist 19%$Strength Requirement 20$Durability 255 / 255$Legendary Artifact$ 
JKHMJUD,JLHMJUD,Arcane Leather Sleeves Of Sorcery,Arms,Arcane Leather Sleeves Of Sorcery$Insured$Weight: 2 Stones$Brittle$Casting Focus 1%$Intelligence Bonus 4$Mana Increase 10$Mana Regeneration 4$Lower Mana Cost 10%$Lower Reagent Cost 20%$Physical Resist 17%$Fire Resist 19%$Cold Resist 18%$Poison Resist 18%$Energy Resist 18%$Strength Requirement 20$Durability 255 / 255$* Requires The "Stygian Abyss" Expansion$Legendary Artifact$ 
KKHMJUD,JLHMJUD,Arcane Platemail Legs Of Sorcery,Legs,Arcane Platemail Legs Of Sorcery$Insured$Weight: 7 Stones$Brittle$Casting Focus 2%$Intelligence Bonus 5$Mana Increase 10$Mana Regeneration 4$Lower Mana Cost 10%$Lower Reagent Cost 20%$Physical Resist 20%$Fire Resist 18%$Cold Resist 17%$Poison Resist 3%$Energy Resist 17%$Mage Armor$Strength Requirement 90$Durability 255 / 255$* Requires The "Stygian Abyss" Expansion$Legendary Artifact$ 
HKHMJUD,JLHMJUD,Mystic Woodland Arms Of Wizardry,Arms,Mystic Woodland Arms Of Wizardry$Insured$Weight: 5 Stones$Elves Only$Brittle$Casting Focus 1%$Intelligence Bonus 4$Mana Increase 10$Mana Regeneration 4$Lower Mana Cost 10%$Lower Reagent Cost 20%$Physical Resist 20%$Fire Resist 18%$Cold Resist 17%$Poison Resist 18%$Energy Resist 17%$Mage Armor$Strength Requirement 80$Durability 255 / 255$* Requires The "Stygian Abyss" Expansion$Legendary Artifact$ 
NKHMJUD,JLHMJUD,Arcane Bone Armor Of Sorcery,Chest,Arcane Bone Armor Of Sorcery$Insured$Weight: 6 Stones$Brittle$Casting Focus 2%$Intelligence Bonus 4$Mana Increase 8$Mana Regeneration 4$Lower Mana Cost 10%$Lower Reagent Cost 20%$Physical Resist 18%$Fire Resist 18%$Cold Resist 19%$Poison Resist 17%$Energy Resist 19%$Mage Armor$Strength Requirement 60$Durability 255 / 255$* Requires The "Stygian Abyss" Expansion$Legendary Artifact$ 
IKHMJUD,KLHMJUD,Invigorating Studded Sleeves Of Sorcery,Arms,Invigorating Studded Sleeves Of Sorcery$Insured$Weight: 4 Stones$Cold Eater 12%$Intelligence Bonus 4$Hit Point Regeneration 3$Stamina Regeneration 1$Mana Regeneration 1$Lower Mana Cost 8%$Physical Resist 17%$Fire Resist 19%$Cold Resist 18%$Poison Resist 13%$Energy Resist 19%$Strength Requirement 25$Durability 38 / 38$* Requires The "Stygian Abyss" Expansion$Greater Artifact$ 
OKHMJUD,KLHMJUD,Mystic Raven Helm Of Restoration,Helm,Mystic Raven Helm Of Restoration$Insured$Weight: 5 Stones$Elves Only$Brittle$Fire Eater 12%$Intelligence Bonus 2$Mana Increase 6$Hit Point Regeneration 4$Stamina Regeneration 1$Mana Regeneration 4$Lower Mana Cost 10%$Physical Resist 20%$Fire Resist 16%$Cold Resist 17%$Poison Resist 17%$Energy Resist 5%$Mage Armor$Strength Requirement 25$Durability 255 / 255$* Requires The "Stygian Abyss" Expansion$Legendary Artifact$ 
MKHMJUD,JLHMJUD,Arcane Woodland Gauntlets Of Sorcery,Gloves,Arcane Woodland Gauntlets Of Sorcery$Insured$Weight: 2 Stones$Elves Only$Casting Focus 2%$Intelligence Bonus 5$Mana Increase 10$Mana Regeneration 4$Lower Mana Cost 8%$Lower Reagent Cost 20%$Physical Resist 5%$Fire Resist 3%$Cold Resist 2%$Poison Resist 3%$Energy Resist 2%$Mage Armor$Strength Requirement 70$Durability 59 / 59$* Requires The "Stygian Abyss" Expansion$Greater Artifact$ 
CKHMJUD,KLHMJUD,Mystic Close Helm Of Restoration,Helm,Mystic Close Helm Of Restoration$Insured$Weight: 5 Stones$Brittle$Damage Eater 15%$Intelligence Bonus 2$Mana Increase 10$Hit Point Regeneration 3$Stamina Regeneration 2$Mana Regeneration 3$Lower Mana Cost 10%$Physical Resist 18%$Fire Resist 18%$Cold Resist 18%$Poison Resist 18%$Energy Resist 18%$Mage Armor$Strength Requirement 55$Durability 255 / 255$* Requires The "Stygian Abyss" Expansion$Legendary Artifact$ 
BKHMJUD,KLHMJUD,Arcane Leaf Arms Of Restoration,Arms,Arcane Leaf Arms Of Restoration$Insured$Weight: 2 Stones$Elves Only$Brittle$Damage Eater 15%$Casting Focus 2%$Intelligence Bonus 4$Hit Point Regeneration 1$Stamina Regeneration 4$Mana Regeneration 1$Lower Mana Cost 8%$Lower Reagent Cost 5%$Physical Resist 17%$Fire Resist 18%$Cold Resist 17%$Poison Resist 19%$Energy Resist 19%$Strength Requirement 15$Durability 255 / 255$* Requires The "Stygian Abyss" Expansion$Legendary Artifact$ 
ZJHMJUD,KLHMJUD,Arcane Leather Sleeves Of Restoration,Arms,Arcane Leather Sleeves Of Restoration$Insured$Weight: 2 Stones$Brittle$Poison Eater 15%$Casting Focus 1%$Mana Increase 8$Hit Point Regeneration 4$Stamina Regeneration 3$Mana Regeneration 4$Lower Mana Cost 8%$Lower Reagent Cost 5%$Physical Resist 17%$Fire Resist 19%$Cold Resist 18%$Poison Resist 18%$Energy Resist 18%$Strength Requirement 20$Durability 255 / 255$* Requires The "Stygian Abyss" Expansion$Legendary Artifact$ 
FKHMJUD,KLHMJUD,Mystic Close Helmet Of Restoration,Helm,Mystic Close Helmet Of Restoration$Insured$Weight: 5 Stones$Brittle$Cold Eater 15%$Intelligence Bonus 4$Mana Increase 8$Hit Point Regeneration 3$Stamina Regeneration 1$Mana Regeneration 4$Lower Mana Cost 8%$Physical Resist 18%$Fire Resist 18%$Cold Resist 18%$Poison Resist 18%$Energy Resist 18%$Mage Armor$Strength Requirement 55$Durability 255 / 255$* Requires The "Stygian Abyss" Expansion$Legendary Artifact$ 
AKHMJUD,KLHMJUD,Mystic Bone Leggings Of Restoration,Legs,Mystic Bone Leggings Of Restoration$Insured$Weight: 3 Stones$Brittle$Cold Eater 12%$Intelligence Bonus 4$Mana Increase 6$Hit Point Regeneration 3$Stamina Regeneration 4$Mana Regeneration 3$Lower Mana Cost 8%$Physical Resist 3%$Fire Resist 18%$Cold Resist 19%$Poison Resist 17%$Energy Resist 19%$Mage Armor$Strength Requirement 55$Durability 255 / 255$* Requires The "Stygian Abyss" Expansion$Legendary Artifact$ 
GKHMJUD,KLHMJUD,Arcane Hide Pants Of Vitality,Legs,Arcane Hide Pants Of Vitality$Insured$Weight: 5 Stones$Elves Only$Brittle$Energy Eater 15%$Casting Focus 1%$Intelligence Bonus 5$Hit Point Increase 5$Mana Increase 4$Hit Point Regeneration 3$Mana Regeneration 1$Lower Mana Cost 8%$Physical Resist 18%$Fire Resist 18%$Cold Resist 4%$Poison Resist 18%$Energy Resist 17%$Mage Armor$Strength Requirement 25$Durability 255 / 255$* Requires The "Stygian Abyss" Expansion$Legendary Artifact$ 
DKHMJUD,KLHMJUD,Arcane Tricorne Hat Of Restoration,Helm,Arcane Tricorne Hat Of Restoration$Insured$Weight: 1 Stone$Brittle$Fire Eater 12%$Casting Focus 1%$Intelligence Bonus 4$Hit Point Regeneration 3$Stamina Regeneration 1$Mana Regeneration 4$Lower Mana Cost 6%$Lower Reagent Cost 5%$Physical Resist 15%$Fire Resist 20%$Cold Resist 24%$Poison Resist 20%$Energy Resist 20%$Strength Requirement 10$Durability 255 / 255$* Requires The "Stygian Abyss" Expansion$Legendary Artifact$ 
TJHMJUD,KLHMJUD,Arcane Chainmail Leggings Of Restoration,Legs,Arcane Chainmail Leggings Of Restoration$Insured$Weight: 7 Stones$Brittle$Cold Eater 12%$Casting Focus 2%$Intelligence Bonus 4$Hit Point Regeneration 3$Stamina Regeneration 3$Mana Regeneration 3$Lower Mana Cost 10%$Lower Reagent Cost 5%$Physical Resist 19%$Fire Resist 19%$Cold Resist 19%$Poison Resist 1%$Energy Resist 17%$Mage Armor$Strength Requirement 60$Durability 255 / 255$* Requires The "Stygian Abyss" Expansion$Legendary Artifact$ 
LIHMJUD,KLHMJUD,Arcane Platemail Gloves Of Restoration,Gloves,Arcane Platemail Gloves Of Restoration$Insured$Weight: 2 Stones$Brittle$Fire Eater 12%$Casting Focus 2%$Intelligence Bonus 3$Mana Increase 8$Hit Point Regeneration 3$Mana Regeneration 3$Lower Mana Cost 8%$Lower Reagent Cost 5%$Physical Resist 20%$Fire Resist 18%$Cold Resist 17%$Poison Resist 18%$Energy Resist 17%$Strength Requirement 70$Durability 255 / 255$* Requires The "Stygian Abyss" Expansion$Legendary Artifact$ 
UJHMJUD,KLHMJUD,Arcane Chainmail Leggings Of Vitality,Legs,Arcane Chainmail Leggings Of Vitality$Insured$Weight: 7 Stones$Brittle$Energy Eater 12%$Strength Bonus 4$Intelligence Bonus 3$Mana Increase 2$Hit Point Regeneration 4$Mana Regeneration 4$Lower Mana Cost 8%$Lower Reagent Cost 5%$Physical Resist 19%$Fire Resist 19%$Cold Resist 4%$Poison Resist 16%$Energy Resist 17%$Mage Armor$Strength Requirement 60$Durability 255 / 255$* Requires The "Stygian Abyss" Expansion$Legendary Artifact$ 
MIHMJUD,KLHMJUD,Mystic Bone Arms Of Vitality,Arms,Mystic Bone Arms Of Vitality$Insured$Weight: 2 Stones$Brittle$Kinetic Eater 12%$Strength Bonus 5$Intelligence Bonus 4$Mana Increase 4$Hit Point Regeneration 2$Mana Regeneration 1$Lower Mana Cost 10%$Physical Resist 18%$Fire Resist 18%$Cold Resist 19%$Poison Resist 17%$Energy Resist 19%$Mage Armor$Strength Requirement 55$Durability 255 / 255$* Requires The "Stygian Abyss" Expansion$Legendary Artifact$ 
QIHMJUD,KLHMJUD,Mystic Hide Gorget Of Vitality,Gorget,Mystic Hide Gorget Of Vitality$Insured$Weight: 3 Stones$Elves Only$Brittle$Kinetic Eater 12%$Intelligence Bonus 4$Hit Point Increase 5$Mana Increase 8$Hit Point Regeneration 3$Mana Regeneration 1$Lower Mana Cost 8%$Physical Resist 18%$Fire Resist 18%$Cold Resist 19%$Poison Resist 18%$Energy Resist 17%$Mage Armor$Strength Requirement 15$Durability 255 / 255$* Requires The "Stygian Abyss" Expansion$Legendary Artifact$ 
DNHMJUD,JLHMJUD,Mystic Ringmail Gloves Of Wizardry,Gloves,Mystic Ringmail Gloves Of Wizardry$Insured$Weight: 2 Stones$Brittle$Casting Focus 2%$Intelligence Bonus 4$Mana Increase 10$Mana Regeneration 4$Lower Mana Cost 10%$Lower Reagent Cost 20%$Physical Resist 18%$Fire Resist 18%$Cold Resist 16%$Poison Resist 20%$Energy Resist 18%$Mage Armor$Strength Requirement 40$Durability 255 / 255$* Requires The "Stygian Abyss" Expansion$Legendary Artifact$ 
ENHMJUD,KLHMJUD,Arcane Leather Gloves Of Restoration,Gloves,Arcane Leather Gloves Of Restoration$Insured$Weight: 1 Stone$Brittle$Damage Eater 12%$Casting Focus 1%$Intelligence Bonus 1$Hit Point Regeneration 3$Stamina Regeneration 1$Mana Regeneration 4$Lower Mana Cost 10%$Lower Reagent Cost 5%$Physical Resist 17%$Fire Resist 19%$Cold Resist 18%$Poison Resist 18%$Energy Resist 18%$Strength Requirement 20$Durability 255 / 255$* Requires The "Stygian Abyss" Expansion$Legendary Artifact$ 
BNHMJUD,KLHMJUD,Arcane Leaf Gloves Of Restoration,Gloves,Arcane Leaf Gloves Of Restoration$Insured$Weight: 2 Stones$Elves Only$Brittle$Poison Eater 12%$Casting Focus 1%$Intelligence Bonus 5$Mana Increase 2$Hit Point Regeneration 1$Stamina Regeneration 1$Mana Regeneration 4$Lower Mana Cost 6%$Physical Resist 17%$Fire Resist 18%$Cold Resist 17%$Poison Resist 19%$Energy Resist 19%$Strength Requirement 10$Durability 255 / 255$* Requires The "Stygian Abyss" Expansion$Legendary Artifact$ 
HNHMJUD,JLHMJUD,Arcane Leather Shorts Of Defense,Legs,Arcane Leather Shorts Of Defense$Insured$Weight: 3 Stones$Brittle$Casting Focus 1%$Intelligence Bonus 4$Mana Increase 8$Mana Regeneration 4$Lower Mana Cost 8%$Lower Reagent Cost 20%$Physical Resist 2%$Fire Resist 24%$Cold Resist 18%$Poison Resist 3%$Energy Resist 23%$Strength Requirement 20$Durability 255 / 255$* Requires The "Stygian Abyss" Expansion$Legendary Artifact$ 
INHMJUD,JLHMJUD,Arcane Bone Arms Of Sorcery,Arms,Arcane Bone Arms Of Sorcery$Insured$Weight: 2 Stones$Brittle$Casting Focus 1%$Intelligence Bonus 5$Mana Increase 8$Mana Regeneration 4$Lower Mana Cost 8%$Lower Reagent Cost 25%$Physical Resist 18%$Fire Resist 18%$Cold Resist 19%$Poison Resist 17%$Energy Resist 19%$Mage Armor$Strength Requirement 55$Durability 255 / 255$* Requires The "Stygian Abyss" Expansion$Legendary Artifact$ 
FNHMJUD,JLHMJUD,Mystic Platemail Tunic Of Wizardry,Chest,Mystic Platemail Tunic Of Wizardry$Insured$Weight: 10 Stones$Brittle$Casting Focus 1%$Intelligence Bonus 4$Mana Increase 10$Mana Regeneration 4$Lower Mana Cost 8%$Lower Reagent Cost 25%$Physical Resist 20%$Fire Resist 18%$Cold Resist 17%$Poison Resist 18%$Energy Resist 2%$Mage Armor$Strength Requirement 95$Durability 255 / 255$* Requires The "Stygian Abyss" Expansion$Legendary Artifact$ 
VMHMJUD,KLHMJUD,Arcane Leaf Arms Of Vitality,Arms,Arcane Leaf Arms Of Vitality$Insured$Weight: 2 Stones$Elves Only$Brittle$Cold Eater 12%$Casting Focus 2%$Intelligence Bonus 4$Hit Point Increase 7$Mana Increase 8$Hit Point Regeneration 3$Mana Regeneration 1$Lower Mana Cost 8%$Physical Resist 17%$Fire Resist 18%$Cold Resist 17%$Poison Resist 19%$Energy Resist 19%$Strength Requirement 15$Durability 255 / 255$* Requires The "Stygian Abyss" Expansion$Legendary Artifact$ 
GNHMJUD,JLHMJUD,Arcane Hide Pants Of Sorcery,Legs,Arcane Hide Pants Of Sorcery$Insured$Weight: 5 Stones$Elves Only$Brittle$Casting Focus 2%$Intelligence Bonus 4$Mana Increase 10$Mana Regeneration 4$Lower Mana Cost 10%$Lower Reagent Cost 20%$Physical Resist 18%$Fire Resist 18%$Cold Resist 19%$Poison Resist 18%$Energy Resist 17%$Mage Armor$Strength Requirement 25$Durability 255 / 255$* Requires The "Stygian Abyss" Expansion$Legendary Artifact$ 
WMHMJUD,KLHMJUD,Arcane Jester Hat Of Restoration,Helm,Arcane Jester Hat Of Restoration$Insured$Weight: 1 Stone$Brittle$Damage Eater 12%$Intelligence Bonus 4$Mana Increase 2$Hit Point Regeneration 2$Stamina Regeneration 1$Mana Regeneration 4$Lower Mana Cost 8%$Lower Reagent Cost 20%$Physical Resist 15%$Fire Resist 20%$Cold Resist 24%$Poison Resist 20%$Energy Resist 20%$Strength Requirement 10$Durability 255 / 255$* Requires The "Stygian Abyss" Expansion$Legendary Artifact$ 
TMHMJUD,JLHMJUD,Mystic Chainmail Leggings Of Wizardry,Legs,Mystic Chainmail Leggings Of Wizardry$Insured$Weight: 7 Stones$Brittle$Casting Focus 1%$Intelligence Bonus 4$Mana Increase 10$Mana Regeneration 4$Lower Mana Cost 10%$Lower Reagent Cost 20%$Physical Resist 19%$Fire Resist 4%$Cold Resist 19%$Poison Resist 16%$Energy Resist 17%$Mage Armor$Strength Requirement 60$Durability 255 / 255$* Requires The "Stygian Abyss" Expansion$Legendary Artifact$ 
UMHMJUD,JLHMJUD,Mystic Ringmail Leggings Of Wizardry,Legs,Mystic Ringmail Leggings Of Wizardry$Insured$Weight: 15 Stones$Brittle$Casting Focus 1%$Intelligence Bonus 4$Mana Increase 10$Mana Regeneration 4$Lower Mana Cost 8%$Lower Reagent Cost 20%$Physical Resist 18%$Fire Resist 3%$Cold Resist 16%$Poison Resist 20%$Energy Resist 18%$Mage Armor$Strength Requirement 40$Durability 255 / 255$* Requires The "Stygian Abyss" Expansion$Legendary Artifact$ 
ZMHMJUD,KLHMJUD,Arcane Leaf Gloves Of Restoration,Gloves,Arcane Leaf Gloves Of Restoration$Insured$Weight: 2 Stones$Elves Only$Brittle$Poison Eater 15%$Casting Focus 1%$Intelligence Bonus 3$Mana Increase 6$Hit Point Regeneration 2$Mana Regeneration 3$Lower Mana Cost 8%$Physical Resist 17%$Fire Resist 18%$Cold Resist 17%$Poison Resist 19%$Energy Resist 19%$Strength Requirement 10$Durability 255 / 255$* Requires The "Stygian Abyss" Expansion$Legendary Artifact$ 
XMHMJUD,JLHMJUD,Mystic Woodland Leggings Of Wizardry,Legs,Mystic Woodland Leggings Of Wizardry$Insured$Weight: 8 Stones$Elves Only$Brittle$Casting Focus 2%$Intelligence Bonus 4$Mana Increase 10$Mana Regeneration 4$Lower Mana Cost 8%$Lower Reagent Cost 20%$Physical Resist 20%$Fire Resist 18%$Cold Resist 17%$Poison Resist 18%$Energy Resist 17%$Mage Armor$Strength Requirement 90$Durability 255 / 255$* Requires The "Stygian Abyss" Expansion$Legendary Artifact$ 
NMHMJUD,KLHMJUD,Arcane Studded Gloves Of Restoration,Gloves,Arcane Studded Gloves Of Restoration$Insured$Weight: 1 Stone$Brittle$Fire Eater 15%$Casting Focus 2%$Intelligence Bonus 4$Mana Increase 8$Hit Point Regeneration 4$Stamina Regeneration 1$Mana Regeneration 3$Lower Mana Cost 8%$Physical Resist 17%$Fire Resist 19%$Cold Resist 18%$Poison Resist 18%$Energy Resist 19%$Mage Armor$Strength Requirement 25$Durability 255 / 255$* Requires The "Stygian Abyss" Expansion$Legendary Artifact$ 
LMHMJUD,KLHMJUD,Mystic Woodland Leggings Of Vitality,Legs,Mystic Woodland Leggings Of Vitality$Insured$Weight: 8 Stones$Elves Only$Brittle$Poison Eater 15%$Intelligence Bonus 4$Hit Point Increase 5$Mana Increase 10$Hit Point Regeneration 3$Mana Regeneration 1$Lower Mana Cost 6%$Physical Resist 20%$Fire Resist 18%$Cold Resist 17%$Poison Resist 18%$Energy Resist 17%$Mage Armor$Strength Requirement 90$Durability 255 / 255$* Requires The "Stygian Abyss" Expansion$Legendary Artifact$ 
MMHMJUD,KLHMJUD,Arcane Hide Gorget Of Restoration,Gorget,Arcane Hide Gorget Of Restoration$Insured$Weight: 3 Stones$Elves Only$Brittle$Poison Eater 12%$Intelligence Bonus 5$Mana Increase 6$Hit Point Regeneration 4$Mana Regeneration 4$Lower Mana Cost 10%$Lower Reagent Cost 5%$Physical Resist 18%$Fire Resist 18%$Cold Resist 4%$Poison Resist 18%$Energy Resist 17%$Mage Armor$Strength Requirement 15$Durability 255 / 255$* Requires The "Stygian Abyss" Expansion$Legendary Artifact$ 
RMHMJUD,KLHMJUD,Arcane Woodland Chest Of Restoration,Chest,Arcane Woodland Chest Of Restoration$Insured$Weight: 8 Stones$Elves Only$Brittle$Kinetic Eater 12%$Intelligence Bonus 3$Mana Increase 8$Hit Point Regeneration 1$Stamina Regeneration 4$Mana Regeneration 3$Lower Mana Cost 10%$Lower Reagent Cost 5%$Physical Resist 5%$Fire Resist 18%$Cold Resist 17%$Poison Resist 18%$Energy Resist 17%$Mage Armor$Strength Requirement 95$Durability 255 / 255$* Requires The "Stygian Abyss" Expansion$Legendary Artifact$ 
PMHMJUD,KLHMJUD,Arcane Leaf Tunic Of Vitality,Chest,Arcane Leaf Tunic Of Vitality$Insured$Weight: 2 Stones$Elves Only$Brittle$Kinetic Eater 12%$Casting Focus 2%$Strength Bonus 4$Intelligence Bonus 1$Mana Increase 2$Hit Point Regeneration 3$Mana Regeneration 3$Lower Mana Cost 10%$Lower Reagent Cost 5%$Physical Resist 17%$Fire Resist 18%$Cold Resist 17%$Poison Resist 19%$Energy Resist 19%$Strength Requirement 20$Durability 255 / 255$* Requires The "Stygian Abyss" Expansion$Legendary Artifact$ 
QMHMJUD,KLHMJUD,Arcane Hide Pants Of Vitality,Legs,Arcane Hide Pants Of Vitality$Insured$Weight: 5 Stones$Elves Only$Brittle$Fire Eater 12%$Casting Focus 2%$Intelligence Bonus 4$Hit Point Increase 5$Mana Increase 2$Hit Point Regeneration 3$Mana Regeneration 1$Lower Mana Cost 10%$Lower Reagent Cost 10%$Physical Resist 18%$Fire Resist 18%$Cold Resist 19%$Poison Resist 18%$Energy Resist 17%$Strength Requirement 25$Durability 255 / 255$* Requires The "Stygian Abyss" Expansion$Legendary Artifact$ 
FMHMJUD,JLHMJUD,Arcane Hide Gloves Of Sorcery,Gloves,Arcane Hide Gloves Of Sorcery$Insured$Weight: 2 Stones$Elves Only$Brittle$Casting Focus 2%$Intelligence Bonus 5$Mana Increase 10$Mana Regeneration 4$Lower Mana Cost 8%$Lower Reagent Cost 20%$Physical Resist 18%$Fire Resist 18%$Cold Resist 19%$Poison Resist 18%$Energy Resist 17%$Mage Armor$Strength Requirement 15$Durability 255 / 255$* Requires The "Stygian Abyss" Expansion$Legendary Artifact$ 
GMHMJUD,KLHMJUD,Mystic Close Helmet Of Restoration,Helm,Mystic Close Helmet Of Restoration$Insured$Weight: 5 Stones$Brittle$Fire Eater 12%$Intelligence Bonus 4$Mana Increase 2$Hit Point Regeneration 3$Stamina Regeneration 3$Mana Regeneration 4$Lower Mana Cost 10%$Physical Resist 3%$Fire Resist 18%$Cold Resist 18%$Poison Resist 18%$Energy Resist 18%$Mage Armor$Strength Requirement 55$Durability 255 / 255$* Requires The "Stygian Abyss" Expansion$Legendary Artifact$ 
DMHMJUD,KLHMJUD,Mystic Hide Pants Of Restoration,Legs,Mystic Hide Pants Of Restoration$Insured$Weight: 5 Stones$Elves Only$Brittle$Cold Eater 15%$Intelligence Bonus 4$Mana Increase 4$Hit Point Regeneration 3$Stamina Regeneration 1$Mana Regeneration 4$Lower Mana Cost 8%$Physical Resist 18%$Fire Resist 18%$Cold Resist 19%$Poison Resist 18%$Energy Resist 17%$Mage Armor$Strength Requirement 25$Durability 255 / 255$* Requires The "Stygian Abyss" Expansion$Legendary Artifact$ 
EMHMJUD,KLHMJUD,Mystic Ringmail Tunic Of Restoration,Chest,Mystic Ringmail Tunic Of Restoration$Insured$Weight: 15 Stones$Brittle$Cold Eater 15%$Intelligence Bonus 4$Mana Increase 8$Hit Point Regeneration 3$Stamina Regeneration 1$Mana Regeneration 4$Lower Mana Cost 8%$Physical Resist 18%$Fire Resist 18%$Cold Resist 16%$Poison Resist 20%$Energy Resist 18%$Mage Armor$Strength Requirement 40$Durability 255 / 255$* Requires The "Stygian Abyss" Expansion$Legendary Artifact$ 
KMHMJUD,KLHMJUD,Arcane Leaf Tunic Of Restoration,Chest,Arcane Leaf Tunic Of Restoration$Insured$Weight: 2 Stones$Elves Only$Brittle$Energy Eater 15%$Casting Focus 1%$Intelligence Bonus 4$Mana Increase 6$Hit Point Regeneration 3$Stamina Regeneration 1$Mana Regeneration 3$Lower Mana Cost 8%$Physical Resist 17%$Fire Resist 18%$Cold Resist 17%$Poison Resist 19%$Energy Resist 19%$Strength Requirement 20$Durability 255 / 255$* Requires The "Stygian Abyss" Expansion$Legendary Artifact$ 
HMHMJUD,JLHMJUD,Arcane Platemail Gloves Of Sorcery,Gloves,Arcane Platemail Gloves Of Sorcery$Insured$Weight: 2 Stones$Brittle$Casting Focus 2%$Intelligence Bonus 5$Mana Increase 10$Mana Regeneration 4$Lower Mana Cost 10%$Lower Reagent Cost 20%$Physical Resist 20%$Fire Resist 18%$Cold Resist 2%$Poison Resist 18%$Energy Resist 17%$Mage Armor$Strength Requirement 70$Durability 255 / 255$* Requires The "Stygian Abyss" Expansion$Legendary Artifact$ 
XLHMJUD,JLHMJUD,Arcane Hide Gloves Of Sorcery,Gloves,Arcane Hide Gloves Of Sorcery$Insured$Weight: 2 Stones$Elves Only$Brittle$Casting Focus 2%$Intelligence Bonus 4$Mana Increase 8$Mana Regeneration 4$Lower Mana Cost 8%$Lower Reagent Cost 20%$Physical Resist 3%$Fire Resist 18%$Cold Resist 19%$Poison Resist 18%$Energy Resist 17%$Mage Armor$Strength Requirement 15$Durability 255 / 255$* Requires The "Stygian Abyss" Expansion$Legendary Artifact$ 
YLHMJUD,KLHMJUD,Mystic Hide Pants Of Restoration,Legs,Mystic Hide Pants Of Restoration$Insured$Weight: 5 Stones$Elves Only$Brittle$Energy Eater 12%$Intelligence Bonus 3$Mana Increase 8$Hit Point Regeneration 4$Stamina Regeneration 1$Mana Regeneration 4$Lower Mana Cost 8%$Physical Resist 18%$Fire Resist 18%$Cold Resist 19%$Poison Resist 18%$Energy Resist 17%$Mage Armor$Strength Requirement 25$Durability 255 / 255$* Requires The "Stygian Abyss" Expansion$Legendary Artifact$ 
VLHMJUD,JLHMJUD,Arcane Hide Gorget Of Sorcery,Gorget,Arcane Hide Gorget Of Sorcery$Insured$Weight: 3 Stones$Elves Only$Brittle$Casting Focus 2%$Intelligence Bonus 5$Mana Increase 8$Mana Regeneration 4$Lower Mana Cost 10%$Lower Reagent Cost 20%$Physical Resist 18%$Fire Resist 18%$Cold Resist 19%$Poison Resist 18%$Energy Resist 17%$Mage Armor$Strength Requirement 15$Durability 255 / 255$* Requires The "Stygian Abyss" Expansion$Legendary Artifact$ 
WLHMJUD,JLHMJUD,Mystic Hide Tunic Of Wizardry,Chest,Mystic Hide Tunic Of Wizardry$Insured$Weight: 6 Stones$Elves Only$Brittle$Casting Focus 1%$Intelligence Bonus 4$Mana Increase 8$Mana Regeneration 4$Lower Mana Cost 10%$Lower Reagent Cost 20%$Physical Resist 18%$Fire Resist 18%$Cold Resist 19%$Poison Resist 18%$Energy Resist 17%$Mage Armor$Strength Requirement 25$Durability 255 / 255$* Requires The "Stygian Abyss" Expansion$Legendary Artifact$ 
BMHMJUD,JLHMJUD,Arcane Leather Sleeves Of Defense,Arms,Arcane Leather Sleeves Of Defense$Insured$Weight: 2 Stones$Brittle$Intelligence Bonus 4$Mana Increase 8$Mana Regeneration 4$Lower Mana Cost 8%$Lower Reagent Cost 20%$Physical Resist 22%$Fire Resist 19%$Cold Resist 3%$Poison Resist 3%$Energy Resist 23%$Strength Requirement 20$Durability 255 / 255$Legendary Artifact$ 
CMHMJUD,KLHMJUD,Arcane Leaf Tunic Of Restoration,Chest,Arcane Leaf Tunic Of Restoration$Insured$Weight: 2 Stones$Elves Only$Brittle$Energy Eater 12%$Casting Focus 1%$Intelligence Bonus 4$Mana Increase 4$Hit Point Regeneration 3$Mana Regeneration 3$Lower Mana Cost 8%$Lower Reagent Cost 5%$Physical Resist 17%$Fire Resist 18%$Cold Resist 17%$Poison Resist 19%$Energy Resist 19%$Strength Requirement 20$Durability 255 / 255$* Requires The "Stygian Abyss" Expansion$Legendary Artifact$ 
AMHMJUD,JLHMJUD,Arcane Hide Tunic Of Sorcery,Chest,Arcane Hide Tunic Of Sorcery$Insured$Weight: 6 Stones$Elves Only$Intelligence Bonus 5$Mana Increase 10$Mana Regeneration 4$Lower Mana Cost 10%$Lower Reagent Cost 20%$Physical Resist 3%$Fire Resist 3%$Cold Resist 4%$Poison Resist 3%$Energy Resist 2%$Mage Armor$Strength Requirement 25$Durability 37 / 37$Greater Artifact$ 
PLHMJUD,JLHMJUD,Mystic Studded Tunic Of Wizardry,Chest,Mystic Studded Tunic Of Wizardry$Insured$Weight: 8 Stones$Brittle$Intelligence Bonus 5$Mana Increase 10$Mana Regeneration 4$Lower Mana Cost 10%$Lower Reagent Cost 20%$Physical Resist 17%$Fire Resist 19%$Cold Resist 3%$Poison Resist 18%$Energy Resist 19%$Mage Armor$Strength Requirement 35$Durability 255 / 255$Legendary Artifact$ 
NLHMJUD,JLHMJUD,Mystic Studded Leggings Of Wizardry,Legs,Mystic Studded Leggings Of Wizardry$Insured$Weight: 5 Stones$Brittle$Casting Focus 1%$Intelligence Bonus 4$Mana Increase 8$Mana Regeneration 4$Lower Mana Cost 8%$Lower Reagent Cost 20%$Physical Resist 17%$Fire Resist 19%$Cold Resist 18%$Poison Resist 18%$Energy Resist 19%$Mage Armor$Strength Requirement 30$Durability 255 / 255$* Requires The "Stygian Abyss" Expansion$Legendary Artifact$ 
OLHMJUD,KLHMJUD,Mystic Ringmail Leggings Of Vitality,Legs,Mystic Ringmail Leggings Of Vitality$Insured$Weight: 15 Stones$Brittle$Energy Eater 15%$Intelligence Bonus 3$Hit Point Increase 5$Mana Increase 2$Hit Point Regeneration 3$Mana Regeneration 3$Lower Mana Cost 10%$Physical Resist 18%$Fire Resist 18%$Cold Resist 16%$Poison Resist 20%$Energy Resist 18%$Mage Armor$Strength Requirement 40$Durability 255 / 255$* Requires The "Stygian Abyss" Expansion$Legendary Artifact$ 
TLHMJUD,KLHMJUD,Arcane Leaf Leggings Of Restoration,Legs,Arcane Leaf Leggings Of Restoration$Insured$Weight: 2 Stones$Elves Only$Brittle$Cold Eater 15%$Casting Focus 1%$Intelligence Bonus 4$Hit Point Regeneration 4$Stamina Regeneration 1$Mana Regeneration 1$Lower Mana Cost 10%$Lower Reagent Cost 5%$Physical Resist 17%$Fire Resist 18%$Cold Resist 17%$Poison Resist 19%$Energy Resist 19%$Strength Requirement 20$Durability 255 / 255$* Requires The "Stygian Abyss" Expansion$Legendary Artifact$ 
ULHMJUD,KLHMJUD,Mystic Studded Leggings Of Vitality,Legs,Mystic Studded Leggings Of Vitality$Insured$Weight: 5 Stones$Brittle$Cold Eater 12%$Intelligence Bonus 4$Hit Point Increase 5$Mana Increase 6$Hit Point Regeneration 3$Mana Regeneration 1$Lower Mana Cost 10%$Physical Resist 17%$Fire Resist 19%$Cold Resist 18%$Poison Resist 18%$Energy Resist 19%$Mage Armor$Strength Requirement 30$Durability 255 / 255$* Requires The "Stygian Abyss" Expansion$Legendary Artifact$ 
RLHMJUD,JLHMJUD,Arcane Platemail Gloves Of Sorcery,Gloves,Arcane Platemail Gloves Of Sorcery$Insured$Weight: 2 Stones$Brittle$Intelligence Bonus 4$Mana Increase 10$Mana Regeneration 4$Lower Mana Cost 8%$Lower Reagent Cost 20%$Physical Resist 20%$Fire Resist 18%$Cold Resist 17%$Poison Resist 18%$Energy Resist 17%$Mage Armor$Strength Requirement 70$Durability 255 / 255$Legendary Artifact$ 
SLHMJUD,JLHMJUD,Arcane Hide Tunic Of Sorcery,Chest,Arcane Hide Tunic Of Sorcery$Insured$Weight: 6 Stones$Elves Only$Brittle$Casting Focus 2%$Intelligence Bonus 5$Mana Increase 10$Mana Regeneration 4$Lower Mana Cost 8%$Lower Reagent Cost 25%$Physical Resist 18%$Fire Resist 18%$Cold Resist 19%$Poison Resist 18%$Energy Resist 17%$Mage Armor$Strength Requirement 25$Durability 255 / 255$* Requires The "Stygian Abyss" Expansion$Legendary Artifact$ 
HLHMJUD,KLHMJUD,Arcane Leaf Arms Of Restoration,Arms,Arcane Leaf Arms Of Restoration$Insured$Weight: 2 Stones$Elves Only$Brittle$Kinetic Eater 12%$Casting Focus 3%$Intelligence Bonus 2$Mana Increase 2$Hit Point Regeneration 3$Stamina Regeneration 3$Mana Regeneration 3$Lower Mana Cost 8%$Lower Reagent Cost 5%$Physical Resist 17%$Fire Resist 18%$Cold Resist 17%$Poison Resist 19%$Energy Resist 19%$Strength Requirement 15$Durability 255 / 255$* Requires The "Stygian Abyss" Expansion$Legendary Artifact$ 
ILHMJUD,KLHMJUD,Arcane Ringmail Leggings Of Restoration,Legs,Arcane Ringmail Leggings Of Restoration$Insured$Weight: 15 Stones$Brittle$Fire Eater 12%$Casting Focus 2%$Mana Increase 8$Hit Point Regeneration 3$Stamina Regeneration 2$Mana Regeneration 3$Lower Mana Cost 8%$Physical Resist 18%$Fire Resist 18%$Cold Resist 16%$Poison Resist 20%$Energy Resist 18%$Mage Armor$Strength Requirement 40$Durability 255 / 255$* Requires The "Stygian Abyss" Expansion$Legendary Artifact$ 
GLHMJUD,KLHMJUD,Arcane Leather Gorget Of Vitality,Gorget,Arcane Leather Gorget Of Vitality$Insured$Weight: 1 Stone$Brittle$Fire Eater 15%$Casting Focus 1%$Strength Bonus 4$Intelligence Bonus 4$Mana Increase 8$Hit Point Regeneration 3$Mana Regeneration 1$Lower Mana Cost 8%$Physical Resist 17%$Fire Resist 19%$Cold Resist 18%$Poison Resist 18%$Energy Resist 18%$Strength Requirement 20$Durability 255 / 255$* Requires The "Stygian Abyss" Expansion$Legendary Artifact$ 
FLHMJUD,KLHMJUD,Arcane Hide Tunic Of Vitality,Chest,Arcane Hide Tunic Of Vitality$Insured$Weight: 6 Stones$Elves Only$Brittle$Energy Eater 12%$Casting Focus 2%$Intelligence Bonus 2$Hit Point Increase 5$Mana Increase 2$Hit Point Regeneration 3$Mana Regeneration 3$Lower Mana Cost 10%$Physical Resist 18%$Fire Resist 18%$Cold Resist 19%$Poison Resist 18%$Energy Resist 17%$Mage Armor$Strength Requirement 25$Durability 255 / 255$* Requires The "Stygian Abyss" Expansion$Legendary Artifact$ 
MLHMJUD,KLHMJUD,Mystic Hide Pants Of Restoration,Legs,Mystic Hide Pants Of Restoration$Insured$Weight: 5 Stones$Elves Only$Brittle$Poison Eater 15%$Intelligence Bonus 4$Hit Point Regeneration 4$Stamina Regeneration 2$Mana Regeneration 4$Lower Mana Cost 8%$Physical Resist 18%$Fire Resist 18%$Cold Resist 19%$Poison Resist 18%$Energy Resist 17%$Mage Armor$Strength Requirement 25$Durability 255 / 255$* Requires The "Stygian Abyss" Expansion$Legendary Artifact$ 
