WMTSMSD,BFSSMSD,Ring,Ring,Ring$Insured$Weight: 1 Stone$Antique$Strength Bonus 10$Stamina Increase 4$Mana Regeneration 3$Enhance Potions 25%$Defense Chance Increase 15%$Faster Cast Recovery 3$Faster Casting 1$Swing Speed Increase 10%$Durability 255 / 255$Legendary Artifact$ 
XMTSMSD,BFSSMSD,Ring,Ring,Ring$Insured$Weight: 1 Stone$Antique$Strength Bonus 10$Stamina Increase 5$Enhance Potions 10%$Hit Chance Increase 20%$Defense Chance Increase 20%$Spell Damage Increase 18%$Lower Mana Cost 10%$Lower Reagent Cost 20%$Damage Increase 10%$Durability 255 / 255$Legendary Artifact$ 
PRTSMSD,BFSSMSD,Ring,Ring,Ring$Insured$Weight: 1 Stone$Stealing +15$Animal Taming +15$Antique$Mana Increase 4$Enhance Potions 25%$Spell Damage Increase 15%$Faster Cast Recovery 3$Faster Casting 1$Damage Increase 25%$Durability 255 / 255$Major Artifact$ 
OQTSMSD,BFSSMSD,Gargish Ring,Ring,Gargish Ring$Insured$Weight: 1 Stone$Ninjitsu +15$Gargoyles Only$Antique$Strength Bonus 8$Dexterity Bonus 8$Mana Increase 4$Enhance Potions 25%$Defense Chance Increase 15%$Lower Mana Cost 8%$Swing Speed Increase 10%$Durability 255 / 255$Major Artifact$ 
LQTSMSD,BFSSMSD,Ring,Ring,Ring$Insured$Weight: 1 Stone$Evaluate Intelligence +20$Discordance +15$Antique$Intelligence Bonus 8$Mana Increase 4$Enhance Potions 25%$Defense Chance Increase 15%$Spell Damage Increase 15%$Lower Reagent Cost 20%$Swing Speed Increase 10%$Durability 255 / 255$Legendary Artifact$ 
EQTSMSD,BFSSMSD,Bracelet,Bracelet,Bracelet$Insured$Weight: 1 Stone$Ninjitsu +15$Parrying +15$Antique$Night Sight$Luck 150$Enhance Potions 25%$Hit Chance Increase 15%$Swing Speed Increase 10%$Damage Increase 25%$Durability 255 / 255$Legendary Artifact$ 
FPTSMSD,BFSSMSD,Studded Sleeves,Arms,Studded Sleeves$Insured$Weight: 4 Stones$Brittle$Kinetic Eater 12%$Intelligence Bonus 4$Stamina Increase 8$Hit Point Regeneration 3$Mana Regeneration 3$Luck 100$Hit Chance Increase 4%$Physical Resist 17%$Fire Resist 19%$Cold Resist 3%$Poison Resist 3%$Energy Resist 4%$Lower Requirements 70%$Mage Armor$Strength Requirement 7$Durability 255 / 255$* Requires The "Stygian Abyss" Expansion$Major Artifact$ 
MPTSMSD,BFSSMSD,Ring,Ring,Ring$Insured$Weight: 1 Stone$Chivalry +15$Evaluate Intelligence +15$Antique$Intelligence Bonus 8$Enhance Potions 25%$Defense Chance Increase 15%$Faster Cast Recovery 3$Swing Speed Increase 10%$Damage Increase 25%$Fire Resist 15%$Durability 255 / 255$Legendary Artifact$ 
KPTSMSD,BFSSMSD,Bracelet,Bracelet,Bracelet$Insured$Weight: 1 Stone$Parrying +15$Antique$Strength Bonus 10$Dexterity Bonus 8$Mana Increase 5$Enhance Potions 25%$Hit Chance Increase 15%$Faster Casting 1$Lower Reagent Cost 20%$Durability 255 / 255$Legendary Artifact$ 
RJTSMSD,BFSSMSD,Ring,Ring,Ring$Insured$Weight: 1 Stone$Tactics +15$Antique$Night Sight$Spell Damage Increase 15%$Faster Cast Recovery 3$Faster Casting 1$Lower Reagent Cost 20%$Swing Speed Increase 10%$Damage Increase 25%$Durability 255 / 255$Major Artifact$ 
XJTSMSD,BFSSMSD,Bracelet,Bracelet,Bracelet$Insured$Weight: 1 Stone$Anatomy +15$Wrestling +15$Magery +15$Antique$Dexterity Bonus 8$Enhance Potions 25%$Defense Chance Increase 15%$Spell Damage Increase 15%$Swing Speed Increase 10%$Durability 255 / 255$Major Artifact$ 
YJTSMSD,BFSSMSD,Gargish Ring,Ring,Gargish Ring$Insured$Weight: 1 Stone$Chivalry +15$Meditation +20$Gargoyles Only$Antique$Night Sight$Luck 100$Enhance Potions 25%$Hit Chance Increase 15%$Defense Chance Increase 15%$Faster Cast Recovery 3$Fire Resist 15%$Durability 255 / 255$Legendary Artifact$ 
VJTSMSD,BFSSMSD,Ring,Ring,Ring$Insured$Weight: 1 Stone$Anatomy +15$Antique$Night Sight$Luck 100$Enhance Potions 35%$Defense Chance Increase 15%$Faster Casting 1$Lower Mana Cost 8%$Swing Speed Increase 10%$Durability 255 / 255$Major Artifact$ 
WJTSMSD,BFSSMSD,Ring,Ring,Ring$Insured$Weight: 1 Stone$Mysticism +15$Antique$Dexterity Bonus 8$Intelligence Bonus 8$Enhance Potions 25%$Hit Chance Increase 15%$Faster Cast Recovery 3$Swing Speed Increase 10%$Damage Increase 35%$Durability 255 / 255$Legendary Artifact$ 
MJTSMSD,BFSSMSD,Bracelet,Bracelet,Bracelet$Insured$Weight: 1 Stone$Peacemaking +15$Parrying +15$Antique$Strength Bonus 8$Mana Regeneration 3$Enhance Potions 25%$Hit Chance Increase 15%$Defense Chance Increase 15%$Lower Mana Cost 8%$Cold Resist 15%$Durability 255 / 255$Major Artifact$ 
JJTSMSD,BFSSMSD,Ring,Ring,Ring$Insured$Weight: 1 Stone$Mace Fighting +15$Antique$Stamina Increase 4$Mana Regeneration 3$Luck 100$Enhance Potions 35%$Defense Chance Increase 15%$Faster Cast Recovery 3$Faster Casting 1$Durability 255 / 255$Major Artifact$ 
OJTSMSD,BFSSMSD,Ring,Ring,Ring$Insured$Weight: 1 Stone$Archery +15$Focus +15$Wrestling +20$Antique$Intelligence Bonus 8$Enhance Potions 25%$Defense Chance Increase 15%$Faster Cast Recovery 3$Lower Reagent Cost 20%$Swing Speed Increase 10%$Durability 255 / 255$Legendary Artifact$ 
HJTSMSD,BFSSMSD,Ringmail Sleeves,Arms,Ringmail Sleeves$Insured$Weight: 15 Stones$Brittle$Casting Focus 2%$Strength Bonus 4$Dexterity Bonus 4$Hit Point Increase 5$Hit Point Regeneration 3$Stamina Regeneration 3$Mana Regeneration 3$Lower Reagent Cost 20%$Physical Resist 3%$Fire Resist 3%$Cold Resist 21%$Poison Resist 5%$Energy Resist 3%$Strength Requirement 40$Durability 255 / 255$* Requires The "Stygian Abyss" Expansion$Major Artifact$ 
IJTSMSD,BFSSMSD,Gargish Ring,Ring,Gargish Ring$Insured$Weight: 1 Stone$Healing +15$Evaluate Intelligence +15$Animal Taming +15$Fencing +20$Gargoyles Only$Antique$Strength Bonus 8$Luck 100$Defense Chance Increase 15%$Faster Cast Recovery 3$Lower Reagent Cost 20%$Durability 255 / 255$Legendary Artifact$ 
ZITSMSD,BFSSMSD,Bracelet,Bracelet,Bracelet$Insured$Weight: 1 Stone$Antique$Dexterity Bonus 8$Enhance Potions 35%$Hit Chance Increase 20%$Defense Chance Increase 15%$Faster Cast Recovery 3$Lower Mana Cost 8%$Lower Reagent Cost 25%$Swing Speed Increase 5%$Durability 255 / 255$Legendary Artifact$ 
LITSMSD,BFSSMSD,Bracelet,Bracelet,Bracelet$Insured$Weight: 1 Stone$Antique$Mana Regeneration 4$Night Sight$Enhance Potions 15%$Hit Chance Increase 20%$Defense Chance Increase 15%$Faster Cast Recovery 3$Lower Mana Cost 10%$Swing Speed Increase 10%$Durability 255 / 255$Legendary Artifact$ 
FITSMSD,BFSSMSD,Bracelet,Bracelet,Bracelet$Insured$Weight: 1 Stone$Tactics +15$Antique$Intelligence Bonus 8$Stamina Increase 5$Mana Regeneration 3$Enhance Potions 25%$Hit Chance Increase 15%$Spell Damage Increase 15%$Swing Speed Increase 10%$Durability 255 / 255$Major Artifact$ 
IITSMSD,BFSSMSD,Bracelet,Bracelet,Bracelet$Insured$Weight: 1 Stone$Antique$Intelligence Bonus 8$Mana Regeneration 3$Enhance Potions 25%$Defense Chance Increase 15%$Faster Casting 1$Lower Reagent Cost 20%$Swing Speed Increase 10%$Energy Resist 15%$Durability 255 / 255$Major Artifact$ 
WHTSMSD,BFSSMSD,Bracelet,Bracelet,Bracelet$Insured$Weight: 1 Stone$Meditation +15$Antique$Stamina Increase 4$Enhance Potions 25%$Hit Chance Increase 15%$Spell Damage Increase 15%$Faster Casting 1$Swing Speed Increase 10%$Energy Resist 15%$Durability 255 / 255$Major Artifact$ 
NMTSMSD,BFSSMSD,Bracelet,Bracelet,Bracelet$Insured$Weight: 1 Stone$Throwing +10$Animal Lore +20$Mace Fighting +15$Antique$Enhance Potions 35%$Defense Chance Increase 15%$Spell Damage Increase 18%$Faster Cast Recovery 3$Damage Increase 25%$Durability 255 / 255$Legendary Artifact$ 
MMTSMSD,BFSSMSD,Gargish Bracelet,Bracelet,Gargish Bracelet$Insured$Weight: 1 Stone$Resisting Spells +15$Animal Lore +15$Gargoyles Only$Antique$Mana Increase 4$Mana Regeneration 3$Hit Chance Increase 15%$Spell Damage Increase 15%$Lower Reagent Cost 20%$Physical Resist 20%$Durability 255 / 255$Major Artifact$ 
PMTSMSD,BFSSMSD,Bracelet,Bracelet,Bracelet$Insured$Weight: 1 Stone$Resisting Spells +15$Anatomy +15$Tactics +15$Antique$Intelligence Bonus 8$Night Sight$Defense Chance Increase 20%$Spell Damage Increase 15%$Faster Cast Recovery 3$Durability 255 / 255$Major Artifact$ 
FMTSMSD,BFSSMSD,Gargish Ring,Ring,Gargish Ring$Insured$Weight: 1 Stone$Animal Lore +15$Gargoyles Only$Antique$Dexterity Bonus 8$Mana Increase 4$Luck 150$Spell Damage Increase 15%$Faster Cast Recovery 4$Faster Casting 1$Fire Resist 15%$Durability 255 / 255$Legendary Artifact$ 
YLTSMSD,BFSSMSD,Gargish Ring,Ring,Gargish Ring$Insured$Weight: 1 Stone$Spirit Speak +15$Gargoyles Only$Antique$Strength Bonus 8$Luck 100$Enhance Potions 25%$Defense Chance Increase 15%$Spell Damage Increase 18%$Lower Mana Cost 8%$Swing Speed Increase 10%$Durability 255 / 255$Major Artifact$ 
ELTSMSD,BFSSMSD,Bracelet,Bracelet,Bracelet$Insured$Weight: 1 Stone$Magery +15$Antique$Stamina Increase 4$Mana Increase 4$Defense Chance Increase 15%$Spell Damage Increase 15%$Faster Cast Recovery 3$Swing Speed Increase 10%$Physical Resist 15%$Durability 255 / 255$Major Artifact$ 
SKTSMSD,BFSSMSD,Bracelet,Bracelet,Bracelet$Insured$Weight: 1 Stone$Archery +15$Antique$Dexterity Bonus 8$Stamina Increase 4$Enhance Potions 35%$Defense Chance Increase 15%$Faster Casting 1$Swing Speed Increase 10%$Damage Increase 25%$Poison Resist 15%$Durability 255 / 255$Legendary Artifact$ 
HKTSMSD,BFSSMSD,Ring,Ring,Ring$Insured$Weight: 1 Stone$Swordsmanship +20$Antique$Stamina Increase 4$Luck 100$Enhance Potions 25%$Defense Chance Increase 15%$Faster Casting 1$Lower Mana Cost 8%$Lower Reagent Cost 25%$Durability 255 / 255$Legendary Artifact$ 
NKTSMSD,BFSSMSD,Bracelet,Bracelet,Bracelet$Insured$Weight: 1 Stone$Fencing +15$Antique$Strength Bonus 8$Intelligence Bonus 8$Spell Damage Increase 15%$Faster Casting 1$Lower Mana Cost 10%$Swing Speed Increase 10%$Damage Increase 25%$Energy Resist 15%$Durability 255 / 255$Legendary Artifact$ 
LKTSMSD,BFSSMSD,Bracelet,Bracelet,Bracelet$Insured$Weight: 1 Stone$Provocation +15$Antique$Intelligence Bonus 8$Luck 100$Hit Chance Increase 15%$Defense Chance Increase 15%$Lower Mana Cost 8%$Swing Speed Increase 10%$Damage Increase 25%$Physical Resist 15%$Durability 255 / 255$Legendary Artifact$ 
MKTSMSD,BFSSMSD,Ring,Ring,Ring$Insured$Weight: 1 Stone$Chivalry +15$Antique$Strength Bonus 8$Dexterity Bonus 8$Night Sight$Enhance Potions 25%$Hit Chance Increase 15%$Faster Cast Recovery 3$Swing Speed Increase 10%$Damage Increase 35%$Durability 255 / 255$Legendary Artifact$ 
BFTSMSD,BFSSMSD,Gargish Bracelet,Bracelet,Gargish Bracelet$Insured$Weight: 1 Stone$Peacemaking +15$Provocation +15$Gargoyles Only$Antique$Hit Chance Increase 15%$Defense Chance Increase 20%$Spell Damage Increase 15%$Lower Mana Cost 8%$Damage Increase 25%$Poison Resist 20%$Durability 255 / 255$Legendary Artifact$ 
FFTSMSD,BFSSMSD,Bracelet,Bracelet,Bracelet$Insured$Weight: 1 Stone$Resisting Spells +20$Evaluate Intelligence +15$Antique$Mana Regeneration 3$Hit Chance Increase 15%$Faster Casting 1$Lower Reagent Cost 20%$Damage Increase 35%$Durability 255 / 255$Legendary Artifact$ 
VETSMSD,BFSSMSD,Gargish Ring,Ring,Gargish Ring$Insured$Weight: 1 Stone$Gargoyles Only$Antique$Dexterity Bonus 8$Stamina Increase 4$Mana Increase 4$Night Sight$Hit Chance Increase 15%$Spell Damage Increase 18%$Swing Speed Increase 10%$Damage Increase 25%$Durability 255 / 255$Major Artifact$ 
XETSMSD,BFSSMSD,Bracelet,Bracelet,Bracelet$Insured$Weight: 1 Stone$Throwing +15$Antique$Intelligence Bonus 8$Stamina Increase 4$Mana Regeneration 3$Hit Chance Increase 15%$Defense Chance Increase 15%$Faster Casting 1$Lower Reagent Cost 25%$Swing Speed Increase 10%$Durability 255 / 255$Legendary Artifact$ 
YETSMSD,BFSSMSD,Bracelet,Bracelet,Bracelet$Insured$Weight: 1 Stone$Mysticism +15$Animal Lore +15$Tactics +15$Antique$Intelligence Bonus 8$Hit Chance Increase 15%$Defense Chance Increase 15%$Spell Damage Increase 18%$Faster Casting 1$Damage Increase 25%$Durability 255 / 255$Legendary Artifact$ 
METSMSD,BFSSMSD,Bracelet,Bracelet,Bracelet$Insured$Weight: 1 Stone$Evaluate Intelligence +15$Tactics +15$Mace Fighting +15$Antique$Mana Regeneration 3$Enhance Potions 25%$Spell Damage Increase 15%$Faster Cast Recovery 3$Lower Reagent Cost 20%$Durability 255 / 255$Major Artifact$ 
RETSMSD,BFSSMSD,Ring,Ring,Ring$Insured$Weight: 1 Stone$Fencing +15$Antique$Strength Bonus 8$Stamina Increase 4$Mana Increase 4$Night Sight$Enhance Potions 35%$Hit Chance Increase 15%$Defense Chance Increase 20%$Durability 255 / 255$Legendary Artifact$ 
FETSMSD,BFSSMSD,Bracelet,Bracelet,Bracelet$Insured$Weight: 1 Stone$Evaluate Intelligence +15$Antique$Strength Bonus 8$Dexterity Bonus 8$Enhance Potions 25%$Spell Damage Increase 15%$Faster Cast Recovery 3$Swing Speed Increase 10%$Damage Increase 25%$Durability 255 / 255$Major Artifact$ 
DETSMSD,BFSSMSD,Studded Gorget,Gorget,Studded Gorget$Insured$Weight: 1 Stone$Brittle$Dexterity Bonus 4$Intelligence Bonus 4$Stamina Increase 8$Mana Increase 8$Luck 150$Enhance Potions 2%$Hit Chance Increase 4%$Lower Mana Cost 8%$Physical Resist 2%$Fire Resist 4%$Cold Resist 3%$Poison Resist 3%$Energy Resist 19%$Strength Requirement 25$Durability 255 / 255$Major Artifact$ 
VDTSMSD,BFSSMSD,Ring,Ring,Ring$Insured$Weight: 1 Stone$Archery +10$Meditation +20$Fencing +20$Antique$Mana Increase 4$Mana Regeneration 3$Enhance Potions 25%$Defense Chance Increase 15%$Faster Casting 1$Lower Mana Cost 8%$Durability 255 / 255$Legendary Artifact$ 
CETSMSD,BFSSMSD,Ring,Ring,Ring$Insured$Weight: 1 Stone$Fencing +15$Antique$Dexterity Bonus 8$Stamina Increase 4$Mana Increase 4$Mana Regeneration 3$Enhance Potions 25%$Hit Chance Increase 15%$Faster Cast Recovery 4$Swing Speed Increase 10%$Durability 255 / 255$Legendary Artifact$ 
ZDTSMSD,BFSSMSD,Bracelet,Bracelet,Bracelet$Insured$Weight: 1 Stone$Chivalry +15$Swordsmanship +15$Antique$Strength Bonus 8$Dexterity Bonus 10$Luck 100$Hit Chance Increase 15%$Spell Damage Increase 18%$Faster Cast Recovery 3$Faster Casting 1$Damage Increase 35%$Durability 255 / 255$Legendary Artifact$ 
CHTSMSD,BFSSMSD,Bracelet,Bracelet,Bracelet$Insured$Weight: 1 Stone$Tactics +15$Antique$Stamina Increase 4$Mana Regeneration 3$Enhance Potions 35%$Hit Chance Increase 15%$Faster Cast Recovery 3$Faster Casting 1$Lower Reagent Cost 25%$Durability 255 / 255$Legendary Artifact$ 
IGTSMSD,BFSSMSD,Bracelet,Bracelet,Bracelet$Insured$Weight: 1 Stone$Antique$Dexterity Bonus 10$Intelligence Bonus 10$Mana Increase 5$Mana Regeneration 4$Hit Chance Increase 15%$Defense Chance Increase 15%$Spell Damage Increase 15%$Lower Mana Cost 8%$Cold Resist 15%$Durability 255 / 255$Legendary Artifact$ 
BZSSMSD,BFSSMSD,Bracelet,Bracelet,Bracelet$Insured$Weight: 1 Stone$Discordance +15$Mace Fighting +20$Antique$Night Sight$Enhance Potions 25%$Hit Chance Increase 20%$Defense Chance Increase 20%$Spell Damage Increase 15%$Faster Cast Recovery 3$Lower Mana Cost 10%$Durability 255 / 255$Legendary Artifact$ 
MYSSMSD,BFSSMSD,Leaf Tunic,Chest,Leaf Tunic$Insured$Weight: 2 Stones$Elves Only$Brittle$Cold Eater 15%$Strength Bonus 4$Dexterity Bonus 2$Stamina Increase 2$Stamina Regeneration 1$Mana Regeneration 3$Enhance Potions 3%$Hit Chance Increase 1%$Defense Chance Increase 5%$Lower Mana Cost 4%$Physical Resist 22%$Fire Resist 18%$Cold Resist 22%$Poison Resist 24%$Energy Resist 19%$Strength Requirement 20$Durability 255 / 255$* Requires The "Stygian Abyss" Expansion$Legendary Artifact$ 
EXSSMSD,BFSSMSD,Gargish Ring,Ring,Gargish Ring$Insured$Weight: 1 Stone$Parrying +15$Gargoyles Only$Antique$Dexterity Bonus 10$Intelligence Bonus 8$Mana Regeneration 3$Enhance Potions 25%$Hit Chance Increase 15%$Swing Speed Increase 10%$Durability 255 / 255$Major Artifact$ 
HXSSMSD,BFSSMSD,Ring,Ring,Ring$Insured$Weight: 1 Stone$Meditation +15$Antique$Dexterity Bonus 8$Intelligence Bonus 10$Mana Regeneration 3$Enhance Potions 25%$Defense Chance Increase 15%$Faster Cast Recovery 3$Lower Mana Cost 10%$Damage Increase 35%$Durability 255 / 255$Legendary Artifact$ 
TWSSMSD,BFSSMSD,Gargish Bracelet,Bracelet,Gargish Bracelet$Insured$Weight: 1 Stone$Throwing +15$Gargoyles Only$Antique$Stamina Increase 4$Mana Regeneration 4$Hit Chance Increase 15%$Defense Chance Increase 15%$Spell Damage Increase 15%$Faster Casting 1$Lower Mana Cost 8%$Durability 255 / 255$Major Artifact$ 
ZWSSMSD,BFSSMSD,Gargish Bracelet,Bracelet,Gargish Bracelet$Insured$Weight: 1 Stone$Necromancy +15$Animal Lore +15$Gargoyles Only$Antique$Enhance Potions 25%$Defense Chance Increase 15%$Faster Casting 1$Lower Mana Cost 8%$Lower Reagent Cost 20%$Damage Increase 35%$Fire Resist 15%$Durability 255 / 255$Legendary Artifact$ 
XWSSMSD,BFSSMSD,Leather Gloves,Gloves,Leather Gloves$Insured$Weight: 1 Stone$Brittle$Cold Eater 3%$Strength Bonus 1$Dexterity Bonus 4$Intelligence Bonus 5$Hit Point Increase 5$Mana Increase 2$Mana Regeneration 1$Hit Chance Increase 1%$Defense Chance Increase 2%$Lower Mana Cost 8%$Physical Resist 22%$Fire Resist 19%$Cold Resist 23%$Poison Resist 23%$Energy Resist 23%$Strength Requirement 20$Durability 255 / 255$* Requires The "Stygian Abyss" Expansion$Legendary Artifact$ 
RWSSMSD,BFSSMSD,Bracelet,Bracelet,Bracelet$Insured$Weight: 1 Stone$Discordance +15$Animal Taming +15$Antique$Intelligence Bonus 8$Enhance Potions 25%$Hit Chance Increase 15%$Spell Damage Increase 18%$Lower Mana Cost 8%$Lower Reagent Cost 20%$Durability 255 / 255$Major Artifact$ 
NVSSMSD,BFSSMSD,Ring,Ring,Ring$Insured$Weight: 1 Stone$Resisting Spells +15$Mysticism +15$Animal Taming +15$Magery +15$Antique$Intelligence Bonus 8$Luck 100$Faster Cast Recovery 3$Lower Reagent Cost 20%$Durability 255 / 255$Major Artifact$ 
OVSSMSD,BFSSMSD,Ring,Ring,Ring$Insured$Weight: 1 Stone$Animal Lore +15$Provocation +15$Antique$Intelligence Bonus 10$Hit Chance Increase 20%$Defense Chance Increase 15%$Spell Damage Increase 15%$Faster Cast Recovery 3$Lower Mana Cost 8%$Cold Resist 15%$Durability 255 / 255$Legendary Artifact$ 
ZPSSMSD,BFSSMSD,Gargish Bracelet,Bracelet,Gargish Bracelet$Weight: 1 Stone$Wrestling +15$Gargoyles Only$Antique$Mana Increase 4$Luck 100$Enhance Potions 35%$Hit Chance Increase 20%$Defense Chance Increase 15%$Lower Mana Cost 8%$Damage Increase 25%$Durability 255 / 255$Legendary Artifact$ 
FQSSMSD,BFSSMSD,Ring,Ring,Ring$Insured$Weight: 1 Stone$Spirit Speak +10$Antique$Intelligence Bonus 10$Stamina Increase 4$Enhance Potions 25%$Hit Chance Increase 20%$Defense Chance Increase 20%$Faster Cast Recovery 3$Lower Mana Cost 8%$Durability 255 / 255$Legendary Artifact$ 
MPSSMSD,BFSSMSD,Gargish Ring,Ring,Gargish Ring$Insured$Weight: 1 Stone$Spirit Speak +20$Fencing +15$Gargoyles Only$Antique$Dexterity Bonus 10$Stamina Increase 4$Hit Chance Increase 15%$Defense Chance Increase 15%$Faster Cast Recovery 3$Faster Casting 1$Durability 255 / 255$Legendary Artifact$ 
CPSSMSD,BFSSMSD,Ring,Ring,Ring$Insured$Weight: 1 Stone$Bushido +15$Antique$Intelligence Bonus 8$Mana Regeneration 3$Luck 100$Enhance Potions 25%$Hit Chance Increase 15%$Spell Damage Increase 15%$Damage Increase 35%$Fire Resist 15%$Durability 255 / 255$Legendary Artifact$ 
YOSSMSD,BFSSMSD,Bracelet,Bracelet,Bracelet$Insured$Weight: 1 Stone$Antique$Dexterity Bonus 8$Stamina Increase 4$Enhance Potions 25%$Spell Damage Increase 15%$Faster Cast Recovery 3$Faster Casting 1$Swing Speed Increase 10%$Poison Resist 15%$Durability 255 / 255$Major Artifact$ 
SOSSMSD,BFSSMSD,Gargish Bracelet,Bracelet,Gargish Bracelet$Insured$Weight: 1 Stone$Mysticism +20$Gargoyles Only$Antique$Stamina Increase 4$Mana Increase 4$Mana Regeneration 3$Luck 100$Enhance Potions 25%$Hit Chance Increase 15%$Lower Reagent Cost 20%$Damage Increase 25%$Durability 255 / 255$Legendary Artifact$ 
EOSSMSD,BFSSMSD,Gargish Bracelet,Bracelet,Gargish Bracelet$Insured$Weight: 1 Stone$Gargoyles Only$Antique$Strength Bonus 8$Stamina Increase 4$Mana Increase 5$Night Sight$Enhance Potions 25%$Hit Chance Increase 15%$Spell Damage Increase 18%$Lower Reagent Cost 20%$Swing Speed Increase 10%$Durability 255 / 255$Legendary Artifact$ 
JOSSMSD,BFSSMSD,Gargish Bracelet,Bracelet,Gargish Bracelet$Insured$Weight: 1 Stone$Musicianship +20$Gargoyles Only$Antique$Intelligence Bonus 10$Mana Regeneration 3$Enhance Potions 25%$Hit Chance Increase 15%$Spell Damage Increase 18%$Faster Cast Recovery 3$Lower Reagent Cost 20%$Durability 255 / 255$Legendary Artifact$ 
HOSSMSD,BFSSMSD,Gargish Bracelet,Bracelet,Gargish Bracelet$Insured$Weight: 1 Stone$Magery +15$Gargoyles Only$Antique$Intelligence Bonus 10$Enhance Potions 25%$Hit Chance Increase 15%$Defense Chance Increase 15%$Lower Mana Cost 8%$Swing Speed Increase 10%$Damage Increase 25%$Durability 255 / 255$Legendary Artifact$ 
YSSSMSD,BFSSMSD,Gargish Ring,Ring,Gargish Ring$Insured$Weight: 1 Stone$Parrying +15$Gargoyles Only$Antique$Strength Bonus 10$Mana Increase 4$Mana Regeneration 3$Night Sight$Hit Chance Increase 15%$Swing Speed Increase 10%$Damage Increase 25%$Durability 255 / 255$Major Artifact$ 
MSSSMSD,BFSSMSD,Tiger Pelt Bustier,Chest,Tiger Pelt Bustier$Insured$Weight: 6 Stones$Brittle$Strength Bonus 5$Hit Point Increase 5$Mana Increase 8$Mana Regeneration 4$Luck 100$Defense Chance Increase 5%$Lower Mana Cost 8%$Lower Reagent Cost 25%$Physical Resist 18%$Fire Resist 4%$Cold Resist 3%$Poison Resist 18%$Energy Resist 3%$Strength Requirement 25$Durability 255 / 255$Legendary Artifact$* Requires The "Time Of Legends" Expansion$ 
RSSSMSD,BFSSMSD,Ring,Ring,Ring$Insured$Weight: 1 Stone$Healing +15$Swordsmanship +15$Antique$Strength Bonus 8$Night Sight$Hit Chance Increase 15%$Spell Damage Increase 18%$Faster Cast Recovery 3$Faster Casting 1$Durability 255 / 255$Major Artifact$ 
QSSSMSD,BFSSMSD,Bracelet,Bracelet,Bracelet$Insured$Weight: 1 Stone$Stealth +20$Antique$Intelligence Bonus 8$Mana Increase 4$Night Sight$Enhance Potions 25%$Hit Chance Increase 15%$Defense Chance Increase 15%$Faster Casting 1$Energy Resist 15%$Durability 255 / 255$Legendary Artifact$ 
FSSSMSD,BFSSMSD,Ring,Ring,Ring$Insured$Weight: 1 Stone$Antique$Stamina Increase 4$Mana Increase 4$Mana Regeneration 4$Hit Chance Increase 20%$Defense Chance Increase 15%$Faster Casting 1$Lower Mana Cost 8%$Lower Reagent Cost 20%$Durability 255 / 255$Legendary Artifact$ 
DSSSMSD,BFSSMSD,Bracelet,Bracelet,Bracelet$Insured$Weight: 1 Stone$Throwing +15$Antique$Strength Bonus 10$Mana Increase 4$Night Sight$Luck 150$Enhance Potions 25%$Defense Chance Increase 20%$Faster Cast Recovery 3$Durability 255 / 255$Legendary Artifact$ 
BSSSMSD,BFSSMSD,Gargish Bracelet,Bracelet,Gargish Bracelet$Insured$Weight: 1 Stone$Evaluate Intelligence +15$Provocation +15$Gargoyles Only$Antique$Intelligence Bonus 8$Luck 150$Enhance Potions 25%$Hit Chance Increase 20%$Defense Chance Increase 15%$Faster Casting 1$Durability 255 / 255$Legendary Artifact$ 
PRSSMSD,BFSSMSD,Ring,Ring,Ring$Insured$Weight: 1 Stone$Animal Lore +15$Antique$Dexterity Bonus 8$Night Sight$Enhance Potions 35%$Hit Chance Increase 15%$Lower Reagent Cost 20%$Swing Speed Increase 10%$Damage Increase 35%$Durability 255 / 255$Legendary Artifact$ 
ORSSMSD,BFSSMSD,Ring,Ring,Ring$Insured$Weight: 1 Stone$Throwing +15$Antique$Strength Bonus 8$Stamina Increase 4$Enhance Potions 25%$Spell Damage Increase 15%$Faster Cast Recovery 3$Lower Mana Cost 8%$Lower Reagent Cost 20%$Damage Increase 25%$Durability 255 / 255$Major Artifact$ 
RRSSMSD,BFSSMSD,Gargish Bracelet,Bracelet,Gargish Bracelet$Insured$Weight: 1 Stone$Stealth +15$Gargoyles Only$Antique$Dexterity Bonus 8$Intelligence Bonus 8$Luck 100$Enhance Potions 25%$Hit Chance Increase 15%$Swing Speed Increase 10%$Damage Increase 25%$Durability 255 / 255$Major Artifact$ 
FRSSMSD,BFSSMSD,Bracelet,Bracelet,Bracelet$Insured$Weight: 1 Stone$Antique$Stamina Increase 4$Mana Increase 5$Enhance Potions 25%$Hit Chance Increase 15%$Faster Casting 1$Lower Mana Cost 8%$Lower Reagent Cost 25%$Swing Speed Increase 10%$Poison Resist 15%$Durability 255 / 255$Legendary Artifact$ 
LRSSMSD,BFSSMSD,Ring,Ring,Ring$Insured$Weight: 1 Stone$Animal Taming +15$Antique$Stamina Increase 4$Mana Increase 5$Mana Regeneration 3$Enhance Potions 25%$Hit Chance Increase 15%$Faster Casting 1$Lower Reagent Cost 20%$Durability 255 / 255$Major Artifact$ 
MRSSMSD,BFSSMSD,Bracelet,Bracelet,Bracelet$Insured$Weight: 1 Stone$Resisting Spells +15$Necromancy +15$Antique$Mana Increase 4$Mana Regeneration 3$Luck 100$Enhance Potions 25%$Defense Chance Increase 15%$Lower Mana Cost 10%$Damage Increase 25%$Durability 255 / 255$Legendary Artifact$ 
JRSSMSD,BFSSMSD,Ring,Ring,Ring$Insured$Weight: 1 Stone$Resisting Spells +15$Necromancy +15$Wrestling +15$Magery +15$Antique$Strength Bonus 8$Stamina Increase 4$Mana Increase 4$Mana Regeneration 3$Damage Increase 25%$Durability 255 / 255$Legendary Artifact$ 
KRSSMSD,BFSSMSD,Gargish Bracelet,Bracelet,Gargish Bracelet$Insured$Weight: 1 Stone$Gargoyles Only$Antique$Strength Bonus 8$Intelligence Bonus 8$Stamina Increase 4$Night Sight$Enhance Potions 25%$Defense Chance Increase 15%$Lower Mana Cost 8%$Swing Speed Increase 10%$Damage Increase 25%$Durability 255 / 255$Major Artifact$ 
ZQSSMSD,BFSSMSD,Ring,Ring,Ring$Insured$Weight: 1 Stone$Focus +5$Magery +15$Antique$Intelligence Bonus 10$Enhance Potions 25%$Hit Chance Increase 20%$Defense Chance Increase 15%$Faster Cast Recovery 3$Swing Speed Increase 10%$Durability 255 / 255$Legendary Artifact$ 
YQSSMSD,BFSSMSD,Gargish Bracelet,Bracelet,Gargish Bracelet$Insured$Weight: 1 Stone$Mysticism +15$Tactics +20$Gargoyles Only$Antique$Intelligence Bonus 8$Mana Increase 4$Enhance Potions 25%$Spell Damage Increase 15%$Faster Casting 1$Swing Speed Increase 10%$Durability 255 / 255$Legendary Artifact$ 
ERSSMSD,BFSSMSD,Gargish Ring,Ring,Gargish Ring$Insured$Weight: 1 Stone$Focus +15$Provocation +15$Gargoyles Only$Antique$Luck 100$Enhance Potions 25%$Hit Chance Increase 15%$Defense Chance Increase 15%$Faster Casting 1$Lower Reagent Cost 20%$Durability 255 / 255$Major Artifact$ 
NLSSMSD,BFSSMSD,Gargish Bracelet,Bracelet,Gargish Bracelet$Insured$Weight: 1 Stone$Anatomy +15$Gargoyles Only$Antique$Stamina Increase 4$Mana Increase 4$Luck 100$Hit Chance Increase 15%$Defense Chance Increase 15%$Faster Casting 1$Swing Speed Increase 10%$Damage Increase 25%$Durability 255 / 255$Legendary Artifact$ 
OLSSMSD,BFSSMSD,Gargish Bracelet,Bracelet,Gargish Bracelet$Insured$Weight: 1 Stone$Gargoyles Only$Antique$Intelligence Bonus 8$Mana Regeneration 3$Luck 150$Enhance Potions 25%$Hit Chance Increase 15%$Defense Chance Increase 15%$Swing Speed Increase 10%$Damage Increase 25%$Durability 255 / 255$Legendary Artifact$ 
ELSSMSD,BFSSMSD,Gargish Bracelet,Bracelet,Gargish Bracelet$Insured$Weight: 1 Stone$Spirit Speak +15$Gargoyles Only$Antique$Strength Bonus 10$Enhance Potions 25%$Defense Chance Increase 15%$Spell Damage Increase 15%$Lower Mana Cost 8%$Swing Speed Increase 10%$Damage Increase 25%$Durability 255 / 255$Major Artifact$ 
TKSSMSD,BFSSMSD,Leather Leggings,Legs,Leather Leggings$Insured$Weight: 4 Stones$Brittle$Poison Eater 12%$Strength Bonus 4$Intelligence Bonus 4$Mana Increase 8$Mana Regeneration 3$Luck 150$Hit Chance Increase 4%$Lower Mana Cost 10%$Physical Resist 2%$Fire Resist 4%$Cold Resist 3%$Poison Resist 3%$Energy Resist 3%$Lower Requirements 70%$Strength Requirement 6$Durability 255 / 255$* Requires The "Stygian Abyss" Expansion$Legendary Artifact$ 
NKSSMSD,BFSSMSD,Gargish Bracelet,Bracelet,Gargish Bracelet$Insured$Weight: 1 Stone$Throwing +20$Animal Lore +15$Gargoyles Only$Antique$Intelligence Bonus 8$Enhance Potions 25%$Hit Chance Increase 15%$Defense Chance Increase 15%$Faster Casting 1$Lower Mana Cost 10%$Lower Reagent Cost 20%$Durability 255 / 255$Legendary Artifact$ 
OKSSMSD,BFSSMSD,Bracelet,Bracelet,Bracelet$Insured$Weight: 1 Stone$Provocation +20$Mace Fighting +15$Antique$Strength Bonus 10$Mana Regeneration 3$Enhance Potions 25%$Defense Chance Increase 20%$Damage Increase 25%$Energy Resist 15%$Durability 255 / 255$Legendary Artifact$ 
SKSSMSD,BFSSMSD,Gargish Bracelet,Bracelet,Gargish Bracelet$Insured$Weight: 1 Stone$Evaluate Intelligence +15$Gargoyles Only$Antique$Strength Bonus 8$Mana Increase 5$Enhance Potions 25%$Spell Damage Increase 15%$Faster Casting 1$Swing Speed Increase 10%$Durability 255 / 255$Major Artifact$ 
DKSSMSD,BFSSMSD,Gargish Bracelet,Bracelet,Gargish Bracelet$Insured$Weight: 1 Stone$Wrestling +15$Musicianship +20$Gargoyles Only$Antique$Dexterity Bonus 8$Intelligence Bonus 10$Enhance Potions 25%$Hit Chance Increase 15%$Faster Cast Recovery 3$Lower Mana Cost 8%$Durability 255 / 255$Legendary Artifact$ 
EKSSMSD,BFSSMSD,Gargish Ring,Ring,Gargish Ring$Insured$Weight: 1 Stone$Animal Lore +15$Mace Fighting +15$Gargoyles Only$Antique$Strength Bonus 8$Hit Chance Increase 15%$Faster Cast Recovery 3$Lower Mana Cost 8%$Lower Reagent Cost 20%$Damage Increase 25%$Poison Resist 15%$Durability 255 / 255$Major Artifact$ 
HKSSMSD,BFSSMSD,Bracelet,Bracelet,Bracelet$Insured$Weight: 1 Stone$Evaluate Intelligence +15$Meditation +15$Animal Taming +20$Antique$Mana Increase 4$Hit Chance Increase 15%$Spell Damage Increase 15%$Faster Cast Recovery 3$Damage Increase 25%$Durability 255 / 255$Legendary Artifact$ 
WJSSMSD,BFSSMSD,Bracelet,Bracelet,Bracelet$Insured$Weight: 1 Stone$Peacemaking +15$Antique$Enhance Potions 25%$Hit Chance Increase 15%$Spell Damage Increase 18%$Lower Mana Cost 10%$Lower Reagent Cost 20%$Swing Speed Increase 10%$Damage Increase 35%$Durability 255 / 255$Legendary Artifact$ 
CKSSMSD,BFSSMSD,Bracelet,Bracelet,Bracelet$Insured$Weight: 1 Stone$Resisting Spells +15$Antique$Mana Regeneration 3$Hit Chance Increase 15%$Defense Chance Increase 20%$Spell Damage Increase 15%$Faster Cast Recovery 3$Faster Casting 1$Swing Speed Increase 10%$Durability 255 / 255$Legendary Artifact$ 
ZJSSMSD,BFSSMSD,Gargish Bracelet,Bracelet,Gargish Bracelet$Weight: 1 Stone$Meditation +5$Wrestling +20$Fencing +15$Gargoyles Only$Antique$Hit Chance Increase 15%$Defense Chance Increase 20%$Spell Damage Increase 15%$Faster Cast Recovery 4$Lower Mana Cost 8%$Damage Increase 25%$Durability 255 / 255$Legendary Artifact$ 
QJSSMSD,BFSSMSD,Gargish Ring,Ring,Gargish Ring$Insured$Weight: 1 Stone$Throwing +15$Animal Lore +15$Animal Taming +15$Magery +20$Gargoyles Only$Antique$Strength Bonus 10$Enhance Potions 25%$Lower Mana Cost 8%$Lower Reagent Cost 20%$Durability 255 / 255$Legendary Artifact$ 
NJSSMSD,BFSSMSD,Bracelet,Bracelet,Bracelet$Insured$Weight: 1 Stone$Archery +15$Discordance +15$Antique$Mana Increase 4$Luck 100$Enhance Potions 25%$Defense Chance Increase 15%$Faster Cast Recovery 3$Lower Mana Cost 8%$Durability 255 / 255$Major Artifact$ 
IJSSMSD,BFSSMSD,Ring,Ring,Ring$Insured$Weight: 1 Stone$Antique$Dexterity Bonus 10$Mana Regeneration 4$Luck 100$Enhance Potions 25%$Hit Chance Increase 15%$Defense Chance Increase 15%$Spell Damage Increase 15%$Faster Casting 1$Durability 255 / 255$Legendary Artifact$ 
GJSSMSD,BFSSMSD,Gargish Bracelet,Bracelet,Gargish Bracelet$Insured$Weight: 1 Stone$Stealing +15$Stealth +15$Wrestling +15$Swordsmanship +15$Gargoyles Only$Antique$Stamina Increase 4$Enhance Potions 25%$Hit Chance Increase 15%$Damage Increase 25%$Durability 255 / 255$Major Artifact$ 
UNSSMSD,BFSSMSD,Bracelet,Bracelet,Bracelet$Insured$Weight: 1 Stone$Mysticism +15$Animal Lore +15$Spirit Speak +20$Swordsmanship +15$Antique$Enhance Potions 25%$Hit Chance Increase 20%$Defense Chance Increase 15%$Spell Damage Increase 15%$Durability 255 / 255$Legendary Artifact$ 
RNSSMSD,BFSSMSD,Gargish Bracelet,Bracelet,Gargish Bracelet$Insured$Weight: 1 Stone$Veterinary +15$Meditation +15$Gargoyles Only$Antique$Intelligence Bonus 8$Hit Chance Increase 15%$Spell Damage Increase 15%$Faster Cast Recovery 3$Faster Casting 1$Lower Reagent Cost 20%$Durability 255 / 255$Major Artifact$ 
LNSSMSD,BFSSMSD,Bone Leggings,Legs,Bone Leggings$Insured$Weight: 3 Stones$Brittle$Strength Bonus 4$Intelligence Bonus 4$Stamina Increase 8$Mana Increase 10$Mana Regeneration 4$Enhance Potions 2%$Hit Chance Increase 5%$Lower Mana Cost 8%$Physical Resist 3%$Fire Resist 18%$Cold Resist 4%$Poison Resist 2%$Energy Resist 4%$Strength Requirement 55$Durability 255 / 255$Major Artifact$ 
ANSSMSD,BFSSMSD,Ring,Ring,Ring$Insured$Weight: 1 Stone$Necromancy +15$Antique$Stamina Increase 5$Mana Increase 4$Mana Regeneration 3$Defense Chance Increase 15%$Faster Cast Recovery 4$Faster Casting 1$Lower Mana Cost 8%$Damage Increase 35%$Durability 255 / 255$Legendary Artifact$ 
XMSSMSD,BFSSMSD,Gargish Ring,Ring,Gargish Ring$Insured$Weight: 1 Stone$Gargoyles Only$Antique$Stamina Increase 4$Mana Increase 4$Enhance Potions 25%$Hit Chance Increase 20%$Spell Damage Increase 15%$Faster Cast Recovery 4$Lower Mana Cost 8%$Energy Resist 15%$Durability 255 / 255$Legendary Artifact$ 
BNSSMSD,BFSSMSD,Ring,Ring,Ring$Insured$Weight: 1 Stone$Wrestling +15$Antique$Mana Regeneration 3$Enhance Potions 35%$Hit Chance Increase 15%$Defense Chance Increase 20%$Spell Damage Increase 18%$Faster Casting 1$Lower Reagent Cost 20%$Durability 255 / 255$Legendary Artifact$ 
SGSSMSD,BFSSMSD,Bracelet,Bracelet,Bracelet$Insured$Weight: 1 Stone$Healing +20$Antique$Intelligence Bonus 8$Mana Increase 4$Mana Regeneration 3$Hit Chance Increase 15%$Defense Chance Increase 15%$Spell Damage Increase 15%$Lower Mana Cost 8%$Swing Speed Increase 10%$Durability 255 / 255$Legendary Artifact$ 
EGSSMSD,BFSSMSD,Ring,Ring,Ring$Insured$Weight: 1 Stone$Healing +15$Mysticism +15$Antique$Dexterity Bonus 8$Intelligence Bonus 8$Hit Chance Increase 15%$Defense Chance Increase 15%$Spell Damage Increase 15%$Faster Cast Recovery 3$Poison Resist 15%$Durability 255 / 255$Legendary Artifact$ 
RFSSMSD,BFSSMSD,Gargish Bracelet,Bracelet,Gargish Bracelet$Insured$Weight: 1 Stone$Veterinary +15$Animal Lore +15$Spirit Speak +15$Gargoyles Only$Antique$Dexterity Bonus 8$Mana Regeneration 3$Luck 150$Defense Chance Increase 20%$Spell Damage Increase 15%$Durability 255 / 255$Legendary Artifact$ 
QRTSMSD,EFSSMSD,Mystic Ringmail Sleeves Of Restoration,Arms,Mystic Ringmail Sleeves Of Restoration$Insured$Weight: 10 Stones$Brittle$Kinetic Eater 12%$Intelligence Bonus 4$Mana Increase 8$Hit Point Regeneration 4$Stamina Regeneration 1$Mana Regeneration 3$Lower Mana Cost 6%$Physical Resist 18%$Fire Resist 18%$Cold Resist 16%$Poison Resist 20%$Energy Resist 18%$Mage Armor$Strength Requirement 40$Durability 255 / 255$* Requires The "Stygian Abyss" Expansion$Legendary Artifact$ 
NRTSMSD,EFSSMSD,Arcane Leather Cap Of Vitality,Helm,Arcane Leather Cap Of Vitality$Insured$Weight: 2 Stones$Brittle$Fire Eater 12%$Casting Focus 1%$Strength Bonus 4$Intelligence Bonus 5$Mana Increase 4$Hit Point Regeneration 3$Mana Regeneration 1$Lower Mana Cost 8%$Lower Reagent Cost 5%$Physical Resist 17%$Fire Resist 19%$Cold Resist 18%$Poison Resist 18%$Energy Resist 18%$Strength Requirement 20$Durability 255 / 255$* Requires The "Stygian Abyss" Expansion$Legendary Artifact$ 
DRTSMSD,EFSSMSD,Mystic Platemail Gorget Of Restoration,Gorget,Mystic Platemail Gorget Of Restoration$Insured$Weight: 2 Stones$Brittle$Fire Eater 12%$Intelligence Bonus 3$Mana Increase 4$Hit Point Regeneration 4$Stamina Regeneration 3$Mana Regeneration 4$Lower Mana Cost 8%$Physical Resist 20%$Fire Resist 18%$Cold Resist 17%$Poison Resist 18%$Energy Resist 17%$Mage Armor$Strength Requirement 45$Durability 255 / 255$* Requires The "Stygian Abyss" Expansion$Legendary Artifact$ 
HRTSMSD,EFSSMSD,Mystic Ringmail Leggings Of Restoration,Legs,Mystic Ringmail Leggings Of Restoration$Insured$Weight: 15 Stones$Brittle$Cold Eater 12%$Intelligence Bonus 5$Hit Point Regeneration 3$Stamina Regeneration 3$Mana Regeneration 4$Lower Mana Cost 8%$Physical Resist 18%$Fire Resist 18%$Cold Resist 16%$Poison Resist 20%$Energy Resist 18%$Mage Armor$Strength Requirement 40$Durability 255 / 255$* Requires The "Stygian Abyss" Expansion$Legendary Artifact$ 
VQTSMSD,EFSSMSD,Mystic Gargish Stone Kilt Of Vitality,Kilt,Mystic Gargish Stone Kilt Of Vitality$Insured$Weight: 10 Stones$Gargoyles Only$Brittle$Damage Eater 15%$Strength Bonus 4$Intelligence Bonus 5$Hit Point Regeneration 3$Mana Regeneration 3$Lower Mana Cost 8%$Physical Resist 21%$Fire Resist 21%$Cold Resist 19%$Poison Resist 23%$Energy Resist 21%$Mage Armor$Strength Requirement 40$Durability 255 / 255$* Requires The "Stygian Abyss" Expansion$Legendary Artifact$ 
ZQTSMSD,EFSSMSD,Arcane Leather Leggings Of Vitality,Legs,Arcane Leather Leggings Of Vitality$Insured$Weight: 4 Stones$Brittle$Damage Eater 12%$Casting Focus 3%$Strength Bonus 4$Intelligence Bonus 3$Hit Point Increase 5$Mana Increase 8$Mana Regeneration 1$Lower Mana Cost 2%$Lower Reagent Cost 5%$Physical Resist 17%$Fire Resist 19%$Cold Resist 18%$Poison Resist 18%$Energy Resist 18%$Strength Requirement 20$Durability 255 / 255$* Requires The "Stygian Abyss" Expansion$Legendary Artifact$ 
NQTSMSD,EFSSMSD,Arcane Orc Helm Of Vitality,Helm,Arcane Orc Helm Of Vitality$Insured$Weight: 5 Stones$Brittle$Cold Eater 15%$Casting Focus 2%$Intelligence Bonus 1$Hit Point Increase 7$Mana Increase 10$Hit Point Regeneration 2$Mana Regeneration 2$Lower Mana Cost 8%$Lower Reagent Cost 5%$Physical Resist 18%$Fire Resist 1%$Cold Resist 18%$Poison Resist 18%$Energy Resist 20%$Mage Armor$Strength Requirement 30$Durability 255 / 255$* Requires The "Stygian Abyss" Expansion$Legendary Artifact$ 
JQTSMSD,EFSSMSD,Arcane Studded Gorget Of Restoration,Gorget,Arcane Studded Gorget Of Restoration$Insured$Weight: 1 Stone$Brittle$Energy Eater 15%$Casting Focus 1%$Intelligence Bonus 4$Mana Increase 8$Hit Point Regeneration 3$Mana Regeneration 3$Lower Mana Cost 8%$Physical Resist 17%$Fire Resist 19%$Cold Resist 18%$Poison Resist 18%$Energy Resist 19%$Mage Armor$Strength Requirement 25$Durability 255 / 255$* Requires The "Stygian Abyss" Expansion$Legendary Artifact$ 
HQTSMSD,EFSSMSD,Arcane Platemail Gorget Of Vitality,Gorget,Arcane Platemail Gorget Of Vitality$Insured$Weight: 2 Stones$Brittle$Energy Eater 12%$Casting Focus 1%$Strength Bonus 4$Intelligence Bonus 4$Mana Increase 10$Hit Point Regeneration 4$Mana Regeneration 1$Lower Mana Cost 6%$Lower Reagent Cost 5%$Physical Resist 20%$Fire Resist 18%$Cold Resist 17%$Poison Resist 18%$Energy Resist 17%$Strength Requirement 45$Durability 255 / 255$* Requires The "Stygian Abyss" Expansion$Legendary Artifact$ 
IQTSMSD,EFSSMSD,Arcane Leather Sleeves Of Restoration,Arms,Arcane Leather Sleeves Of Restoration$Insured$Weight: 2 Stones$Brittle$Poison Eater 12%$Casting Focus 2%$Intelligence Bonus 4$Hit Point Regeneration 1$Stamina Regeneration 2$Mana Regeneration 4$Lower Mana Cost 8%$Lower Reagent Cost 5%$Physical Resist 17%$Fire Resist 19%$Cold Resist 18%$Poison Resist 18%$Energy Resist 18%$Strength Requirement 20$Durability 255 / 255$* Requires The "Stygian Abyss" Expansion$Legendary Artifact$ 
VPTSMSD,EFSSMSD,Arcane Wizard's Hat Of Vitality,Helm,Arcane Wizard's Hat Of Vitality$Insured$Weight: 1 Stone$Brittle$Poison Eater 12%$Casting Focus 1%$Strength Bonus 5$Intelligence Bonus 4$Mana Increase 4$Hit Point Regeneration 2$Mana Regeneration 1$Lower Mana Cost 8%$Physical Resist 15%$Fire Resist 20%$Cold Resist 24%$Poison Resist 20%$Energy Resist 20%$Strength Requirement 10$Durability 255 / 255$* Requires The "Stygian Abyss" Expansion$Legendary Artifact$ 
ZPTSMSD,EFSSMSD,Arcane Feathered Hat Of Vitality,Helm,Arcane Feathered Hat Of Vitality$Insured$Weight: 1 Stone$Brittle$Damage Eater 12%$Casting Focus 1%$Strength Bonus 4$Intelligence Bonus 5$Mana Increase 4$Hit Point Regeneration 3$Mana Regeneration 1$Lower Mana Cost 8%$Physical Resist 15%$Fire Resist 20%$Cold Resist 24%$Poison Resist 20%$Energy Resist 20%$Strength Requirement 10$Durability 255 / 255$* Requires The "Stygian Abyss" Expansion$Legendary Artifact$ 
AQTSMSD,EFSSMSD,Arcane Leather Leggings Of Vitality,Legs,Arcane Leather Leggings Of Vitality$Insured$Weight: 4 Stones$Brittle$Kinetic Eater 15%$Strength Bonus 5$Intelligence Bonus 4$Mana Increase 8$Hit Point Regeneration 1$Mana Regeneration 1$Lower Mana Cost 8%$Physical Resist 17%$Fire Resist 19%$Cold Resist 18%$Poison Resist 18%$Energy Resist 18%$Strength Requirement 20$Durability 255 / 255$* Requires The "Stygian Abyss" Expansion$Legendary Artifact$ 
PPTSMSD,EFSSMSD,Arcane Close Helm Of Restoration,Helm,Arcane Close Helm Of Restoration$Insured$Weight: 5 Stones$Brittle$Kinetic Eater 12%$Casting Focus 2%$Intelligence Bonus 3$Mana Increase 8$Hit Point Regeneration 4$Stamina Regeneration 2$Mana Regeneration 3$Lower Mana Cost 8%$Physical Resist 18%$Fire Resist 18%$Cold Resist 18%$Poison Resist 18%$Energy Resist 18%$Mage Armor$Strength Requirement 55$Durability 255 / 255$* Requires The "Stygian Abyss" Expansion$Legendary Artifact$ 
UPTSMSD,EFSSMSD,Arcane Ringmail Sleeves Of Restoration,Arms,Arcane Ringmail Sleeves Of Restoration$Insured$Weight: 15 Stones$Brittle$Kinetic Eater 15%$Casting Focus 2%$Intelligence Bonus 4$Mana Increase 2$Hit Point Regeneration 3$Stamina Regeneration 3$Mana Regeneration 4$Lower Mana Cost 8%$Physical Resist 18%$Fire Resist 18%$Cold Resist 16%$Poison Resist 20%$Energy Resist 18%$Mage Armor$Strength Requirement 40$Durability 255 / 255$* Requires The "Stygian Abyss" Expansion$Legendary Artifact$ 
SPTSMSD,EFSSMSD,Arcane Studded Tunic Of Restoration,Chest,Arcane Studded Tunic Of Restoration$Insured$Weight: 8 Stones$Brittle$Damage Eater 12%$Casting Focus 2%$Intelligence Bonus 4$Mana Increase 8$Hit Point Regeneration 3$Stamina Regeneration 3$Mana Regeneration 3$Lower Mana Cost 8%$Physical Resist 17%$Fire Resist 19%$Cold Resist 18%$Poison Resist 18%$Energy Resist 4%$Mage Armor$Strength Requirement 35$Durability 255 / 255$* Requires The "Stygian Abyss" Expansion$Legendary Artifact$ 
HPTSMSD,EFSSMSD,Arcane Platemail Tunic Of Vitality,Chest,Arcane Platemail Tunic Of Vitality$Insured$Weight: 10 Stones$Brittle$Kinetic Eater 12%$Casting Focus 3%$Strength Bonus 4$Intelligence Bonus 2$Hit Point Increase 5$Mana Increase 2$Mana Regeneration 4$Lower Mana Cost 2%$Physical Resist 5%$Fire Resist 18%$Cold Resist 17%$Poison Resist 18%$Energy Resist 17%$Mage Armor$Strength Requirement 95$Durability 255 / 255$* Requires The "Stygian Abyss" Expansion$Legendary Artifact$ 
GPTSMSD,EFSSMSD,Arcane Helmet Of Vitality,Helm,Arcane Helmet Of Vitality$Insured$Weight: 5 Stones$Brittle$Fire Eater 12%$Casting Focus 2%$Strength Bonus 4$Intelligence Bonus 4$Mana Increase 6$Hit Point Regeneration 3$Mana Regeneration 1$Lower Mana Cost 8%$Physical Resist 17%$Fire Resist 19%$Cold Resist 4%$Poison Resist 18%$Energy Resist 17%$Mage Armor$Strength Requirement 45$Durability 255 / 255$* Requires The "Stygian Abyss" Expansion$Legendary Artifact$ 
JPTSMSD,EFSSMSD,Invigorating Gargish Platemail Kilt Of Sorcery,Kilt,Invigorating Gargish Platemail Kilt Of Sorcery$Insured$Weight: 5 Stones$Gargoyles Only$Cold Eater 15%$Mana Increase 8$Hit Point Regeneration 3$Stamina Regeneration 3$Mana Regeneration 4$Lower Mana Cost 10%$Physical Resist 8%$Fire Resist 6%$Cold Resist 5%$Poison Resist 6%$Energy Resist 5%$Strength Requirement 80$Durability 63 / 63$* Requires The "Stygian Abyss" Expansion$Greater Artifact$ 
BKTSMSD,EFSSMSD,Arcane Leather Cap Of Vitality,Helm,Arcane Leather Cap Of Vitality$Insured$Weight: 2 Stones$Brittle$Poison Eater 12%$Strength Bonus 5$Intelligence Bonus 4$Mana Increase 8$Hit Point Regeneration 3$Mana Regeneration 1$Lower Mana Cost 8%$Lower Reagent Cost 5%$Physical Resist 17%$Fire Resist 19%$Cold Resist 18%$Poison Resist 18%$Energy Resist 18%$Strength Requirement 20$Durability 255 / 255$* Requires The "Stygian Abyss" Expansion$Legendary Artifact$ 
ZJTSMSD,EFSSMSD,Arcane Gargish Cloth Leggings Of Vitality,Legs,Arcane Gargish Cloth Leggings Of Vitality$Insured$Weight: 4 Stones$Gargoyles Only$Brittle$Kinetic Eater 12%$Casting Focus 3%$Intelligence Bonus 1$Hit Point Increase 7$Mana Increase 2$Hit Point Regeneration 2$Mana Regeneration 3$Lower Mana Cost 2%$Lower Reagent Cost 10%$Physical Resist 20%$Fire Resist 22%$Cold Resist 21%$Poison Resist 21%$Energy Resist 21%$Strength Requirement 20$Durability 255 / 255$* Requires The "Stygian Abyss" Expansion$Legendary Artifact$ 
AKTSMSD,EFSSMSD,Mystic Ringmail Gloves Of Restoration,Gloves,Mystic Ringmail Gloves Of Restoration$Insured$Weight: 2 Stones$Brittle$Poison Eater 15%$Intelligence Bonus 2$Mana Increase 8$Hit Point Regeneration 3$Stamina Regeneration 1$Mana Regeneration 4$Lower Mana Cost 8%$Physical Resist 18%$Fire Resist 18%$Cold Resist 16%$Poison Resist 20%$Energy Resist 18%$Mage Armor$Strength Requirement 40$Durability 255 / 255$* Requires The "Stygian Abyss" Expansion$Legendary Artifact$ 
GKTSMSD,EFSSMSD,Arcane Ringmail Tunic Of Restoration,Chest,Arcane Ringmail Tunic Of Restoration$Insured$Weight: 15 Stones$Brittle$Kinetic Eater 12%$Casting Focus 2%$Intelligence Bonus 4$Mana Increase 8$Hit Point Regeneration 4$Mana Regeneration 3$Lower Mana Cost 6%$Physical Resist 18%$Fire Resist 18%$Cold Resist 16%$Poison Resist 20%$Energy Resist 18%$Mage Armor$Strength Requirement 40$Durability 255 / 255$* Requires The "Stygian Abyss" Expansion$Legendary Artifact$ 
EKTSMSD,EFSSMSD,Mystic Bascinet Of Vitality,Helm,Mystic Bascinet Of Vitality$Insured$Weight: 5 Stones$Brittle$Damage Eater 12%$Strength Bonus 4$Intelligence Bonus 5$Mana Increase 4$Hit Point Regeneration 3$Mana Regeneration 1$Lower Mana Cost 8%$Physical Resist 22%$Fire Resist 17%$Cold Resist 17%$Poison Resist 17%$Energy Resist 17%$Mage Armor$Strength Requirement 40$Durability 255 / 255$* Requires The "Stygian Abyss" Expansion$Legendary Artifact$ 
UJTSMSD,EFSSMSD,Mystic Platemail Gorget Of Restoration,Gorget,Mystic Platemail Gorget Of Restoration$Insured$Weight: 2 Stones$Brittle$Damage Eater 12%$Intelligence Bonus 3$Mana Increase 8$Hit Point Regeneration 4$Stamina Regeneration 1$Mana Regeneration 3$Lower Mana Cost 10%$Physical Resist 20%$Fire Resist 18%$Cold Resist 17%$Poison Resist 18%$Energy Resist 17%$Mage Armor$Strength Requirement 45$Durability 255 / 255$* Requires The "Stygian Abyss" Expansion$Legendary Artifact$ 
LJTSMSD,EFSSMSD,Arcane Platemail Gloves Of Restoration,Gloves,Arcane Platemail Gloves Of Restoration$Insured$Weight: 2 Stones$Brittle$Damage Eater 15%$Intelligence Bonus 4$Mana Increase 10$Hit Point Regeneration 4$Mana Regeneration 2$Lower Mana Cost 8%$Lower Reagent Cost 5%$Physical Resist 20%$Fire Resist 18%$Cold Resist 17%$Poison Resist 18%$Energy Resist 17%$Mage Armor$Strength Requirement 70$Durability 255 / 255$* Requires The "Stygian Abyss" Expansion$Legendary Artifact$ 
KJTSMSD,EFSSMSD,Mystic Platemail Arms Of Restoration,Arms,Mystic Platemail Arms Of Restoration$Insured$Weight: 5 Stones$Brittle$Kinetic Eater 12%$Intelligence Bonus 3$Mana Increase 10$Hit Point Regeneration 4$Stamina Regeneration 1$Mana Regeneration 2$Lower Mana Cost 8%$Physical Resist 20%$Fire Resist 18%$Cold Resist 17%$Poison Resist 18%$Energy Resist 17%$Mage Armor$Strength Requirement 80$Durability 255 / 255$* Requires The "Stygian Abyss" Expansion$Legendary Artifact$ 
NJTSMSD,EFSSMSD,Arcane Gargish Leather Arms Of Vitality,Arms,Arcane Gargish Leather Arms Of Vitality$Insured$Weight: 4 Stones$Gargoyles Only$Brittle$Kinetic Eater 12%$Casting Focus 2%$Strength Bonus 4$Mana Increase 8$Hit Point Regeneration 3$Mana Regeneration 1$Lower Mana Cost 8%$Lower Reagent Cost 5%$Physical Resist 20%$Fire Resist 21%$Cold Resist 22%$Poison Resist 21%$Energy Resist 21%$Strength Requirement 25$Durability 255 / 255$* Requires The "Stygian Abyss" Expansion$Legendary Artifact$ 
FJTSMSD,EFSSMSD,Arcane Leather Cap Of Restoration,Helm,Arcane Leather Cap Of Restoration$Insured$Weight: 2 Stones$Brittle$Poison Eater 12%$Casting Focus 1%$Mana Increase 8$Hit Point Regeneration 2$Stamina Regeneration 1$Mana Regeneration 4$Lower Mana Cost 10%$Lower Reagent Cost 5%$Physical Resist 17%$Fire Resist 19%$Cold Resist 18%$Poison Resist 18%$Energy Resist 18%$Strength Requirement 20$Durability 255 / 255$* Requires The "Stygian Abyss" Expansion$Legendary Artifact$ 
UITSMSD,EFSSMSD,Mystic Platemail Gloves Of Vitality,Gloves,Mystic Platemail Gloves Of Vitality$Insured$Weight: 2 Stones$Brittle$Kinetic Eater 15%$Intelligence Bonus 4$Hit Point Increase 5$Hit Point Regeneration 2$Mana Regeneration 2$Lower Mana Cost 10%$Physical Resist 20%$Fire Resist 18%$Cold Resist 17%$Poison Resist 18%$Energy Resist 17%$Mage Armor$Strength Requirement 70$Durability 255 / 255$* Requires The "Stygian Abyss" Expansion$Legendary Artifact$ 
XITSMSD,EFSSMSD,Arcane Tiger Pelt Long Skirt Of Restoration,Legs,Arcane Tiger Pelt Long Skirt Of Restoration$Insured$Weight: 1 Stone$Brittle$Poison Eater 12%$Casting Focus 2%$Intelligence Bonus 4$Hit Point Regeneration 3$Stamina Regeneration 2$Mana Regeneration 3$Lower Mana Cost 8%$Lower Reagent Cost 5%$Physical Resist 18%$Fire Resist 19%$Cold Resist 18%$Poison Resist 18%$Energy Resist 18%$Strength Requirement 25$Durability 255 / 255$* Requires The "Stygian Abyss" Expansion$Legendary Artifact$* Requires The "Time Of Legends" Expansion$ 
GITSMSD,EFSSMSD,Mystic Bone Leggings Of Restoration,Legs,Mystic Bone Leggings Of Restoration$Insured$Weight: 3 Stones$Brittle$Damage Eater 15%$Intelligence Bonus 2$Mana Increase 10$Hit Point Regeneration 3$Stamina Regeneration 2$Mana Regeneration 4$Lower Mana Cost 8%$Physical Resist 18%$Fire Resist 18%$Cold Resist 19%$Poison Resist 2%$Energy Resist 19%$Mage Armor$Strength Requirement 55$Durability 255 / 255$* Requires The "Stygian Abyss" Expansion$Legendary Artifact$ 
HITSMSD,EFSSMSD,Arcane Ringmail Tunic Of Vitality,Chest,Arcane Ringmail Tunic Of Vitality$Insured$Weight: 15 Stones$Brittle$Fire Eater 12%$Casting Focus 1%$Hit Point Increase 7$Mana Increase 8$Hit Point Regeneration 1$Mana Regeneration 2$Lower Mana Cost 10%$Physical Resist 18%$Fire Resist 18%$Cold Resist 16%$Poison Resist 20%$Energy Resist 18%$Mage Armor$Strength Requirement 40$Durability 255 / 255$* Requires The "Stygian Abyss" Expansion$Legendary Artifact$ 
YHTSMSD,EFSSMSD,Mystic Gargish Stone Chest Of Restoration,Chest,Mystic Gargish Stone Chest Of Restoration$Insured$Weight: 15 Stones$Gargoyles Only$Brittle$Kinetic Eater 12%$Intelligence Bonus 5$Mana Increase 2$Hit Point Regeneration 3$Stamina Regeneration 3$Mana Regeneration 3$Lower Mana Cost 10%$Physical Resist 21%$Fire Resist 6%$Cold Resist 19%$Poison Resist 23%$Energy Resist 21%$Mage Armor$Strength Requirement 40$Durability 255 / 255$* Requires The "Stygian Abyss" Expansion$Legendary Artifact$ 
AITSMSD,EFSSMSD,Arcane Gargish Earrings Of Vitality,Earrings,Arcane Gargish Earrings Of Vitality$Insured$Weight: 1 Stone$Gargoyles Only$Brittle$Cold Eater 6%$Casting Focus 1%$Strength Bonus 4$Intelligence Bonus 4$Hit Point Increase 7$Mana Increase 8$Mana Regeneration 1$Lower Mana Cost 8%$Lower Reagent Cost 5%$Physical Resist 16%$Fire Resist 17%$Cold Resist 17%$Poison Resist 17%$Energy Resist 18%$Durability 255 / 255$* Requires The "Stygian Abyss" Expansion$Legendary Artifact$ 
UKTSMSD,EFSSMSD,Arcane Gargish Stone Arms Of Restoration,Arms,Arcane Gargish Stone Arms Of Restoration$Insured$Weight: 10 Stones$Gargoyles Only$Brittle$Fire Eater 12%$Casting Focus 1%$Intelligence Bonus 4$Hit Point Regeneration 3$Stamina Regeneration 3$Mana Regeneration 4$Lower Mana Cost 10%$Physical Resist 21%$Fire Resist 21%$Cold Resist 19%$Poison Resist 23%$Energy Resist 21%$Mage Armor$Strength Requirement 40$Durability 255 / 255$* Requires The "Stygian Abyss" Expansion$Legendary Artifact$ 
DFTSMSD,EFSSMSD,Arcane Gargish Platemail Chest Of Restoration,Chest,Arcane Gargish Platemail Chest Of Restoration$Insured$Weight: 10 Stones$Gargoyles Only$Brittle$Cold Eater 12%$Casting Focus 1%$Mana Increase 10$Hit Point Regeneration 3$Stamina Regeneration 3$Mana Regeneration 3$Lower Mana Cost 10%$Lower Reagent Cost 5%$Physical Resist 23%$Fire Resist 21%$Cold Resist 20%$Poison Resist 21%$Energy Resist 20%$Mage Armor$Strength Requirement 95$Durability 255 / 255$* Requires The "Stygian Abyss" Expansion$Legendary Artifact$ 
LETSMSD,EFSSMSD,Arcane Dragon Turtle Hide Leggings Of Restoration,Legs,Arcane Dragon Turtle Hide Leggings Of Restoration$Insured$Weight: 6 Stones$Brittle$Energy Eater 12%$Casting Focus 2%$Intelligence Bonus 4$Mana Increase 2$Hit Point Regeneration 3$Stamina Regeneration 4$Mana Regeneration 1$Lower Mana Cost 10%$Lower Reagent Cost 5%$Physical Resist 19%$Fire Resist 17%$Cold Resist 17%$Poison Resist 19%$Energy Resist 19%$Strength Requirement 30$Durability 255 / 255$* Requires The "Stygian Abyss" Expansion$Legendary Artifact$* Requires The "Time Of Legends" Expansion$ 
PETSMSD,EFSSMSD,Mystic Studded Tunic Of Restoration,Chest,Mystic Studded Tunic Of Restoration$Insured$Weight: 8 Stones$Brittle$Cold Eater 12%$Intelligence Bonus 2$Mana Increase 4$Hit Point Regeneration 3$Stamina Regeneration 3$Mana Regeneration 4$Lower Mana Cost 8%$Physical Resist 17%$Fire Resist 19%$Cold Resist 18%$Poison Resist 18%$Energy Resist 19%$Mage Armor$Strength Requirement 35$Durability 255 / 255$* Requires The "Stygian Abyss" Expansion$Legendary Artifact$ 
NDTSMSD,EFSSMSD,Arcane Dragon Turtle Hide Helm Of Restoration,Helm,Arcane Dragon Turtle Hide Helm Of Restoration$Insured$Weight: 4 Stones$Brittle$Poison Eater 15%$Casting Focus 2%$Mana Increase 10$Hit Point Regeneration 3$Stamina Regeneration 2$Mana Regeneration 3$Lower Mana Cost 8%$Lower Reagent Cost 5%$Physical Resist 19%$Fire Resist 17%$Cold Resist 17%$Poison Resist 19%$Energy Resist 19%$Strength Requirement 30$Durability 255 / 255$* Requires The "Stygian Abyss" Expansion$Legendary Artifact$* Requires The "Time Of Legends" Expansion$ 
RDTSMSD,EFSSMSD,Mystic Bone Arms Of Restoration,Arms,Mystic Bone Arms Of Restoration$Insured$Weight: 2 Stones$Brittle$Cold Eater 12%$Intelligence Bonus 4$Mana Increase 6$Hit Point Regeneration 3$Stamina Regeneration 3$Mana Regeneration 3$Lower Mana Cost 10%$Physical Resist 18%$Fire Resist 18%$Cold Resist 19%$Poison Resist 17%$Energy Resist 19%$Mage Armor$Strength Requirement 55$Durability 255 / 255$* Requires The "Stygian Abyss" Expansion$Legendary Artifact$ 
VGTSMSD,EFSSMSD,Mystic Gargish Platemail Chest Of Restoration,Chest,Mystic Gargish Platemail Chest Of Restoration$Insured$Weight: 10 Stones$Gargoyles Only$Brittle$Damage Eater 12%$Intelligence Bonus 3$Mana Increase 2$Hit Point Regeneration 3$Stamina Regeneration 4$Mana Regeneration 4$Lower Mana Cost 8%$Physical Resist 23%$Fire Resist 21%$Cold Resist 20%$Poison Resist 6%$Energy Resist 20%$Mage Armor$Strength Requirement 95$Durability 255 / 255$* Requires The "Stygian Abyss" Expansion$Legendary Artifact$ 
UZSSMSD,EFSSMSD,Arcane Dragon Turtle Hide Helm Of Restoration,Helm,Arcane Dragon Turtle Hide Helm Of Restoration$Insured$Weight: 4 Stones$Brittle$Damage Eater 15%$Intelligence Bonus 4$Mana Increase 8$Hit Point Regeneration 1$Stamina Regeneration 3$Mana Regeneration 3$Lower Mana Cost 6%$Lower Reagent Cost 5%$Physical Resist 19%$Fire Resist 17%$Cold Resist 17%$Poison Resist 19%$Energy Resist 19%$Strength Requirement 30$Durability 255 / 255$* Requires The "Stygian Abyss" Expansion$Legendary Artifact$* Requires The "Time Of Legends" Expansion$ 
XYSSMSD,EFSSMSD,Arcane Tiger Pelt Bustier Of Restoration,Chest,Arcane Tiger Pelt Bustier Of Restoration$Insured$Weight: 6 Stones$Brittle$Kinetic Eater 12%$Casting Focus 1%$Intelligence Bonus 4$Mana Increase 6$Hit Point Regeneration 3$Mana Regeneration 3$Lower Mana Cost 8%$Lower Reagent Cost 20%$Physical Resist 18%$Fire Resist 19%$Cold Resist 18%$Poison Resist 18%$Energy Resist 18%$Strength Requirement 25$Durability 255 / 255$* Requires The "Stygian Abyss" Expansion$Legendary Artifact$* Requires The "Time Of Legends" Expansion$ 
EZSSMSD,EFSSMSD,Arcane Tiger Pelt Shorts Of Vitality,Legs,Arcane Tiger Pelt Shorts Of Vitality$Insured$Weight: 3 Stones$Brittle$Cold Eater 15%$Casting Focus 2%$Strength Bonus 4$Intelligence Bonus 4$Hit Point Increase 5$Mana Increase 6$Mana Regeneration 1$Lower Mana Cost 8%$Lower Reagent Cost 5%$Physical Resist 18%$Fire Resist 19%$Cold Resist 18%$Poison Resist 18%$Energy Resist 18%$Strength Requirement 25$Durability 255 / 255$* Requires The "Stygian Abyss" Expansion$Legendary Artifact$* Requires The "Time Of Legends" Expansion$ 
GUSSMSD,EFSSMSD,Arcane Gargish Platemail Arms Of Restoration,Arms,Arcane Gargish Platemail Arms Of Restoration$Insured$Weight: 5 Stones$Gargoyles Only$Brittle$Fire Eater 15%$Casting Focus 2%$Mana Increase 10$Hit Point Regeneration 3$Stamina Regeneration 3$Mana Regeneration 4$Lower Mana Cost 8%$Physical Resist 23%$Fire Resist 21%$Cold Resist 20%$Poison Resist 21%$Energy Resist 5%$Mage Armor$Strength Requirement 80$Durability 255 / 255$* Requires The "Stygian Abyss" Expansion$Legendary Artifact$ 
FVSSMSD,EFSSMSD,Mystic Ringmail Tunic Of Vitality,Chest,Mystic Ringmail Tunic Of Vitality$Insured$Weight: 15 Stones$Brittle$Fire Eater 12%$Strength Bonus 5$Intelligence Bonus 5$Mana Increase 2$Hit Point Regeneration 2$Mana Regeneration 1$Lower Mana Cost 8%$Physical Resist 18%$Fire Resist 18%$Cold Resist 16%$Poison Resist 20%$Energy Resist 18%$Mage Armor$Strength Requirement 40$Durability 255 / 255$* Requires The "Stygian Abyss" Expansion$Legendary Artifact$ 
ETSSMSD,EFSSMSD,Arcane Gargish Platemail Arms Of Restoration,Arms,Arcane Gargish Platemail Arms Of Restoration$Insured$Weight: 5 Stones$Gargoyles Only$Brittle$Kinetic Eater 12%$Casting Focus 2%$Intelligence Bonus 1$Mana Increase 10$Hit Point Regeneration 4$Stamina Regeneration 3$Mana Regeneration 4$Lower Mana Cost 6%$Lower Reagent Cost 5%$Physical Resist 23%$Fire Resist 21%$Cold Resist 20%$Poison Resist 21%$Energy Resist 5%$Mage Armor$Strength Requirement 80$Durability 255 / 255$* Requires The "Stygian Abyss" Expansion$Legendary Artifact$ 
VXSSMSD,EFSSMSD,Arcane Studded Gorget Of Vitality,Gorget,Arcane Studded Gorget Of Vitality$Insured$Weight: 1 Stone$Brittle$Cold Eater 12%$Strength Bonus 4$Intelligence Bonus 4$Hit Point Increase 5$Mana Increase 8$Mana Regeneration 1$Lower Mana Cost 10%$Physical Resist 17%$Fire Resist 19%$Cold Resist 18%$Poison Resist 18%$Energy Resist 19%$Mage Armor$Strength Requirement 25$Durability 255 / 255$* Requires The "Stygian Abyss" Expansion$Legendary Artifact$ 
LXSSMSD,EFSSMSD,Arcane Tiger Pelt Bustier Of Restoration,Chest,Arcane Tiger Pelt Bustier Of Restoration$Insured$Weight: 6 Stones$Brittle$Fire Eater 15%$Casting Focus 2%$Intelligence Bonus 2$Mana Increase 8$Hit Point Regeneration 1$Stamina Regeneration 3$Mana Regeneration 4$Lower Mana Cost 10%$Lower Reagent Cost 5%$Physical Resist 18%$Fire Resist 19%$Cold Resist 18%$Poison Resist 18%$Energy Resist 18%$Strength Requirement 25$Durability 255 / 255$* Requires The "Stygian Abyss" Expansion$Legendary Artifact$* Requires The "Time Of Legends" Expansion$ 
JXSSMSD,EFSSMSD,Arcane Gargish Stone Amulet Of Restoration,Necklace,Arcane Gargish Stone Amulet Of Restoration$Insured$Weight: 1 Stone$Gargoyles Only$Brittle$Poison Eater 15%$Intelligence Bonus 2$Mana Increase 10$Hit Point Regeneration 4$Mana Regeneration 2$Lower Mana Cost 8%$Lower Reagent Cost 20%$Physical Resist 16%$Fire Resist 17%$Cold Resist 17%$Poison Resist 17%$Energy Resist 18%$Mage Armor$Durability 255 / 255$* Requires The "Stygian Abyss" Expansion$Legendary Artifact$ 
NXSSMSD,EFSSMSD,Arcane Platemail Gorget Of Restoration,Gorget,Arcane Platemail Gorget Of Restoration$Insured$Weight: 2 Stones$Brittle$Cold Eater 15%$Casting Focus 1%$Intelligence Bonus 4$Hit Point Regeneration 3$Stamina Regeneration 4$Mana Regeneration 4$Lower Mana Cost 8%$Lower Reagent Cost 5%$Physical Resist 20%$Fire Resist 18%$Cold Resist 17%$Poison Resist 18%$Energy Resist 17%$Mage Armor$Strength Requirement 45$Durability 255 / 255$* Requires The "Stygian Abyss" Expansion$Legendary Artifact$ 
BXSSMSD,EFSSMSD,Arcane Floppy Hat Of Restoration,Helm,Arcane Floppy Hat Of Restoration$Insured$Weight: 1 Stone$Brittle$Energy Eater 15%$Casting Focus 1%$Intelligence Bonus 5$Mana Increase 2$Hit Point Regeneration 3$Stamina Regeneration 2$Mana Regeneration 3$Lower Mana Cost 8%$Lower Reagent Cost 10%$Physical Resist 15%$Fire Resist 20%$Cold Resist 24%$Poison Resist 20%$Energy Resist 20%$Strength Requirement 10$Durability 255 / 255$* Requires The "Stygian Abyss" Expansion$Legendary Artifact$ 
WWSSMSD,EFSSMSD,Mystic Platemail Gorget Of Restoration,Gorget,Mystic Platemail Gorget Of Restoration$Insured$Weight: 2 Stones$Brittle$Poison Eater 15%$Intelligence Bonus 4$Mana Increase 2$Hit Point Regeneration 4$Stamina Regeneration 2$Mana Regeneration 4$Lower Mana Cost 6%$Physical Resist 20%$Fire Resist 18%$Cold Resist 17%$Poison Resist 18%$Energy Resist 17%$Mage Armor$Strength Requirement 45$Durability 255 / 255$* Requires The "Stygian Abyss" Expansion$Legendary Artifact$ 
UWSSMSD,EFSSMSD,Arcane Gargish Stone Amulet Of Restoration,Necklace,Arcane Gargish Stone Amulet Of Restoration$Insured$Weight: 1 Stone$Gargoyles Only$Brittle$Poison Eater 15%$Casting Focus 2%$Intelligence Bonus 5$Hit Point Regeneration 3$Stamina Regeneration 2$Mana Regeneration 3$Lower Mana Cost 8%$Lower Reagent Cost 5%$Physical Resist 16%$Fire Resist 17%$Cold Resist 17%$Poison Resist 17%$Energy Resist 18%$Mage Armor$Durability 255 / 255$* Requires The "Stygian Abyss" Expansion$Legendary Artifact$ 
NWSSMSD,EFSSMSD,Arcane Gargish Stone Kilt Of Vitality,Kilt,Arcane Gargish Stone Kilt Of Vitality$Insured$Weight: 10 Stones$Gargoyles Only$Brittle$Energy Eater 12%$Casting Focus 2%$Intelligence Bonus 4$Hit Point Increase 5$Hit Point Regeneration 4$Mana Regeneration 3$Lower Mana Cost 8%$Physical Resist 21%$Fire Resist 21%$Cold Resist 19%$Poison Resist 23%$Energy Resist 21%$Mage Armor$Strength Requirement 40$Durability 255 / 255$* Requires The "Stygian Abyss" Expansion$Legendary Artifact$ 
HWSSMSD,EFSSMSD,Arcane Studded Gorget Of Vitality,Gorget,Arcane Studded Gorget Of Vitality$Insured$Weight: 1 Stone$Brittle$Kinetic Eater 12%$Casting Focus 1%$Strength Bonus 4$Intelligence Bonus 4$Hit Point Increase 7$Mana Increase 8$Mana Regeneration 1$Lower Mana Cost 10%$Lower Reagent Cost 5%$Physical Resist 17%$Fire Resist 4%$Cold Resist 18%$Poison Resist 18%$Energy Resist 19%$Mage Armor$Strength Requirement 25$Durability 255 / 255$* Requires The "Stygian Abyss" Expansion$Legendary Artifact$ 
IWSSMSD,EFSSMSD,Arcane Bone Armor Of Vitality,Chest,Arcane Bone Armor Of Vitality$Insured$Weight: 7 Stones$Brittle$Damage Eater 15%$Casting Focus 2%$Intelligence Bonus 2$Hit Point Increase 5$Mana Increase 10$Hit Point Regeneration 4$Mana Regeneration 2$Lower Mana Cost 8%$Physical Resist 3%$Fire Resist 18%$Cold Resist 19%$Poison Resist 17%$Energy Resist 19%$Mage Armor$Strength Requirement 60$Durability 255 / 255$* Requires The "Stygian Abyss" Expansion$Legendary Artifact$ 
RVSSMSD,EFSSMSD,Mystic Gargish Stone Chest Of Vitality,Chest,Mystic Gargish Stone Chest Of Vitality$Insured$Weight: 15 Stones$Gargoyles Only$Brittle$Fire Eater 15%$Intelligence Bonus 5$Hit Point Increase 7$Mana Increase 2$Hit Point Regeneration 2$Mana Regeneration 3$Lower Mana Cost 8%$Physical Resist 21%$Fire Resist 21%$Cold Resist 19%$Poison Resist 23%$Energy Resist 6%$Mage Armor$Strength Requirement 40$Durability 255 / 255$* Requires The "Stygian Abyss" Expansion$Legendary Artifact$ 
GQSSMSD,EFSSMSD,Arcane Leather Leggings Of Restoration,Legs,Arcane Leather Leggings Of Restoration$Insured$Weight: 4 Stones$Brittle$Kinetic Eater 12%$Casting Focus 1%$Intelligence Bonus 5$Mana Increase 8$Hit Point Regeneration 4$Stamina Regeneration 2$Mana Regeneration 3$Lower Mana Cost 6%$Lower Reagent Cost 5%$Physical Resist 17%$Fire Resist 19%$Cold Resist 18%$Poison Resist 18%$Energy Resist 18%$Strength Requirement 20$Durability 255 / 255$* Requires The "Stygian Abyss" Expansion$Legendary Artifact$ 
EQSSMSD,EFSSMSD,Arcane Dragon Turtle Hide Chest Of Restoration,Chest,Arcane Dragon Turtle Hide Chest Of Restoration$Insured$Weight: 8 Stones$Brittle$Damage Eater 12%$Casting Focus 2%$Intelligence Bonus 3$Mana Increase 2$Hit Point Regeneration 4$Stamina Regeneration 1$Mana Regeneration 4$Lower Mana Cost 8%$Lower Reagent Cost 5%$Physical Resist 19%$Fire Resist 17%$Cold Resist 17%$Poison Resist 19%$Energy Resist 19%$Strength Requirement 30$Durability 255 / 255$* Requires The "Stygian Abyss" Expansion$Legendary Artifact$* Requires The "Time Of Legends" Expansion$ 
VPSSMSD,EFSSMSD,Arcane Platemail Gloves Of Sorcery,Gloves,Arcane Platemail Gloves Of Sorcery$Insured$Weight: 2 Stones$Brittle$Casting Focus 1%$Intelligence Bonus 5$Mana Increase 10$Mana Regeneration 3$Lower Mana Cost 8%$Lower Reagent Cost 25%$Physical Resist 20%$Fire Resist 18%$Cold Resist 17%$Poison Resist 18%$Energy Resist 2%$Mage Armor$Strength Requirement 70$Durability 255 / 255$* Requires The "Stygian Abyss" Expansion$Legendary Artifact$ 
TOSSMSD,EFSSMSD,Arcane Ringmail Sleeves Of Restoration,Arms,Arcane Ringmail Sleeves Of Restoration$Insured$Weight: 10 Stones$Brittle$Kinetic Eater 12%$Casting Focus 1%$Intelligence Bonus 4$Mana Increase 4$Hit Point Regeneration 4$Stamina Regeneration 3$Mana Regeneration 4$Lower Mana Cost 10%$Physical Resist 18%$Fire Resist 18%$Cold Resist 16%$Poison Resist 20%$Energy Resist 18%$Mage Armor$Strength Requirement 40$Durability 255 / 255$* Requires The "Stygian Abyss" Expansion$Legendary Artifact$ 
DOSSMSD,EFSSMSD,Arcane Dragon Turtle Hide Chest Of Vitality,Chest,Arcane Dragon Turtle Hide Chest Of Vitality$Insured$Weight: 8 Stones$Brittle$Cold Eater 12%$Casting Focus 2%$Intelligence Bonus 2$Hit Point Increase 5$Mana Increase 2$Hit Point Regeneration 4$Mana Regeneration 1$Lower Mana Cost 8%$Lower Reagent Cost 25%$Physical Resist 19%$Fire Resist 17%$Cold Resist 17%$Poison Resist 19%$Energy Resist 19%$Strength Requirement 30$Durability 255 / 255$* Requires The "Stygian Abyss" Expansion$Legendary Artifact$* Requires The "Time Of Legends" Expansion$ 
VSSSMSD,EFSSMSD,Arcane Platemail Gorget Of Restoration,Gorget,Arcane Platemail Gorget Of Restoration$Insured$Weight: 2 Stones$Brittle$Poison Eater 12%$Casting Focus 1%$Intelligence Bonus 4$Mana Increase 8$Hit Point Regeneration 4$Mana Regeneration 3$Lower Mana Cost 8%$Lower Reagent Cost 5%$Physical Resist 20%$Fire Resist 18%$Cold Resist 17%$Poison Resist 18%$Energy Resist 17%$Strength Requirement 45$Durability 255 / 255$* Requires The "Stygian Abyss" Expansion$Legendary Artifact$ 
WSSSMSD,EFSSMSD,Mystic Ringmail Leggings Of Vitality,Legs,Mystic Ringmail Leggings Of Vitality$Insured$Weight: 15 Stones$Brittle$Poison Eater 12%$Strength Bonus 4$Intelligence Bonus 3$Mana Increase 8$Hit Point Regeneration 4$Mana Regeneration 3$Lower Mana Cost 8%$Physical Resist 18%$Fire Resist 3%$Cold Resist 16%$Poison Resist 20%$Energy Resist 18%$Mage Armor$Strength Requirement 40$Durability 255 / 255$* Requires The "Stygian Abyss" Expansion$Legendary Artifact$ 
USSSMSD,EFSSMSD,Arcane Tiger Pelt Skirt Of Vitality,Legs,Arcane Tiger Pelt Skirt Of Vitality$Insured$Weight: 1 Stone$Brittle$Cold Eater 12%$Intelligence Bonus 4$Hit Point Increase 7$Mana Increase 8$Hit Point Regeneration 1$Mana Regeneration 1$Lower Mana Cost 8%$Lower Reagent Cost 5%$Physical Resist 18%$Fire Resist 19%$Cold Resist 18%$Poison Resist 18%$Energy Resist 18%$Strength Requirement 25$Durability 255 / 255$* Requires The "Stygian Abyss" Expansion$Legendary Artifact$* Requires The "Time Of Legends" Expansion$ 
ZSSSMSD,EFSSMSD,Mystic Gargish Platemail Leggings Of Restoration,Legs,Mystic Gargish Platemail Leggings Of Restoration$Insured$Weight: 7 Stones$Gargoyles Only$Brittle$Kinetic Eater 12%$Intelligence Bonus 4$Mana Increase 2$Hit Point Regeneration 3$Stamina Regeneration 2$Mana Regeneration 4$Lower Mana Cost 8%$Physical Resist 23%$Fire Resist 21%$Cold Resist 20%$Poison Resist 21%$Energy Resist 20%$Mage Armor$Strength Requirement 90$Durability 255 / 255$* Requires The "Stygian Abyss" Expansion$Legendary Artifact$ 
NSSSMSD,EFSSMSD,Arcane Dragon Turtle Hide Leggings Of Restoration,Legs,Arcane Dragon Turtle Hide Leggings Of Restoration$Insured$Weight: 6 Stones$Brittle$Cold Eater 12%$Casting Focus 1%$Intelligence Bonus 5$Mana Increase 4$Hit Point Regeneration 3$Stamina Regeneration 3$Mana Regeneration 3$Lower Mana Cost 8%$Lower Reagent Cost 5%$Physical Resist 19%$Fire Resist 17%$Cold Resist 17%$Poison Resist 19%$Energy Resist 19%$Strength Requirement 30$Durability 255 / 255$* Requires The "Stygian Abyss" Expansion$Legendary Artifact$* Requires The "Time Of Legends" Expansion$ 
OSSSMSD,EFSSMSD,Mystic Studded Sleeves Of Restoration,Arms,Mystic Studded Sleeves Of Restoration$Insured$Weight: 4 Stones$Brittle$Poison Eater 12%$Intelligence Bonus 2$Mana Increase 8$Hit Point Regeneration 4$Stamina Regeneration 2$Mana Regeneration 4$Lower Mana Cost 10%$Physical Resist 17%$Fire Resist 19%$Cold Resist 18%$Poison Resist 3%$Energy Resist 19%$Mage Armor$Strength Requirement 25$Durability 255 / 255$* Requires The "Stygian Abyss" Expansion$Legendary Artifact$ 
JSSSMSD,EFSSMSD,Arcane Bone Armor Of Vitality,Chest,Arcane Bone Armor Of Vitality$Insured$Weight: 7 Stones$Brittle$Damage Eater 12%$Casting Focus 2%$Strength Bonus 4$Intelligence Bonus 4$Mana Increase 8$Hit Point Regeneration 4$Mana Regeneration 1$Lower Mana Cost 8%$Lower Reagent Cost 5%$Physical Resist 18%$Fire Resist 18%$Cold Resist 19%$Poison Resist 17%$Energy Resist 4%$Mage Armor$Strength Requirement 60$Durability 255 / 255$* Requires The "Stygian Abyss" Expansion$Legendary Artifact$ 
XRSSMSD,EFSSMSD,Arcane Dragon Turtle Hide Chest Of Vitality,Chest,Arcane Dragon Turtle Hide Chest Of Vitality$Insured$Weight: 8 Stones$Brittle$Fire Eater 12%$Casting Focus 1%$Intelligence Bonus 1$Hit Point Increase 7$Mana Increase 8$Hit Point Regeneration 2$Mana Regeneration 2$Lower Mana Cost 10%$Lower Reagent Cost 5%$Physical Resist 19%$Fire Resist 17%$Cold Resist 17%$Poison Resist 19%$Energy Resist 19%$Strength Requirement 30$Durability 255 / 255$* Requires The "Stygian Abyss" Expansion$Legendary Artifact$* Requires The "Time Of Legends" Expansion$ 
ZRSSMSD,EFSSMSD,Arcane Gargish Leather Kilt Of Restoration,Kilt,Arcane Gargish Leather Kilt Of Restoration$Insured$Weight: 5 Stones$Gargoyles Only$Brittle$Energy Eater 12%$Casting Focus 1%$Intelligence Bonus 4$Mana Increase 8$Hit Point Regeneration 3$Stamina Regeneration 3$Mana Regeneration 3$Lower Mana Cost 8%$Lower Reagent Cost 5%$Physical Resist 20%$Fire Resist 21%$Cold Resist 22%$Poison Resist 21%$Energy Resist 21%$Strength Requirement 25$Durability 255 / 255$* Requires The "Stygian Abyss" Expansion$Legendary Artifact$ 
URSSMSD,EFSSMSD,Mystic Ringmail Tunic Of Vitality,Chest,Mystic Ringmail Tunic Of Vitality$Insured$Weight: 15 Stones$Brittle$Poison Eater 12%$Strength Bonus 4$Intelligence Bonus 5$Mana Increase 2$Hit Point Regeneration 3$Mana Regeneration 2$Lower Mana Cost 8%$Physical Resist 18%$Fire Resist 18%$Cold Resist 16%$Poison Resist 20%$Energy Resist 3%$Mage Armor$Strength Requirement 40$Durability 255 / 255$* Requires The "Stygian Abyss" Expansion$Legendary Artifact$ 
XQSSMSD,EFSSMSD,Mystic Ringmail Sleeves Of Vitality,Arms,Mystic Ringmail Sleeves Of Vitality$Insured$Weight: 15 Stones$Brittle$Energy Eater 12%$Intelligence Bonus 5$Hit Point Increase 5$Mana Increase 4$Hit Point Regeneration 4$Mana Regeneration 3$Lower Mana Cost 6%$Physical Resist 18%$Fire Resist 3%$Cold Resist 16%$Poison Resist 20%$Energy Resist 18%$Mage Armor$Strength Requirement 40$Durability 255 / 255$* Requires The "Stygian Abyss" Expansion$Legendary Artifact$ 
DRSSMSD,EFSSMSD,Arcane Gargish Cloth Arms Of Restoration,Arms,Arcane Gargish Cloth Arms Of Restoration$Insured$Weight: 2 Stones$Gargoyles Only$Brittle$Energy Eater 12%$Casting Focus 1%$Intelligence Bonus 4$Mana Increase 2$Hit Point Regeneration 3$Mana Regeneration 4$Lower Mana Cost 10%$Physical Resist 20%$Fire Resist 22%$Cold Resist 21%$Poison Resist 21%$Energy Resist 21%$Strength Requirement 20$Durability 255 / 255$* Requires The "Stygian Abyss" Expansion$Legendary Artifact$ 
CRSSMSD,EFSSMSD,Arcane Tiger Pelt Leggings Of Vitality,Legs,Arcane Tiger Pelt Leggings Of Vitality$Insured$Weight: 4 Stones$Brittle$Cold Eater 12%$Casting Focus 1%$Intelligence Bonus 5$Hit Point Increase 5$Mana Increase 2$Hit Point Regeneration 3$Mana Regeneration 1$Lower Mana Cost 6%$Physical Resist 18%$Fire Resist 19%$Cold Resist 18%$Poison Resist 18%$Energy Resist 18%$Strength Requirement 25$Durability 255 / 255$* Requires The "Stygian Abyss" Expansion$Legendary Artifact$* Requires The "Time Of Legends" Expansion$ 
MLSSMSD,EFSSMSD,Arcane Gargish Cloth Leggings Of Restoration,Legs,Arcane Gargish Cloth Leggings Of Restoration$Insured$Weight: 4 Stones$Gargoyles Only$Brittle$Cold Eater 12%$Casting Focus 1%$Intelligence Bonus 4$Mana Increase 8$Hit Point Regeneration 4$Mana Regeneration 3$Lower Mana Cost 8%$Physical Resist 20%$Fire Resist 22%$Cold Resist 21%$Poison Resist 21%$Energy Resist 21%$Strength Requirement 20$Durability 255 / 255$* Requires The "Stygian Abyss" Expansion$Legendary Artifact$ 
KLSSMSD,EFSSMSD,Arcane Tiger Pelt Leggings Of Vitality,Legs,Arcane Tiger Pelt Leggings Of Vitality$Insured$Weight: 4 Stones$Brittle$Fire Eater 12%$Casting Focus 1%$Hit Point Increase 5$Mana Increase 8$Hit Point Regeneration 3$Mana Regeneration 3$Lower Mana Cost 8%$Lower Reagent Cost 5%$Physical Resist 18%$Fire Resist 19%$Cold Resist 18%$Poison Resist 18%$Energy Resist 18%$Strength Requirement 25$Durability 255 / 255$* Requires The "Stygian Abyss" Expansion$Legendary Artifact$* Requires The "Time Of Legends" Expansion$ 
QKSSMSD,EFSSMSD,Arcane Platemail Legs Of Restoration,Legs,Arcane Platemail Legs Of Restoration$Insured$Weight: 7 Stones$Brittle$Poison Eater 12%$Casting Focus 1%$Mana Increase 10$Hit Point Regeneration 3$Stamina Regeneration 3$Mana Regeneration 4$Lower Mana Cost 8%$Lower Reagent Cost 5%$Physical Resist 20%$Fire Resist 18%$Cold Resist 17%$Poison Resist 18%$Energy Resist 17%$Mage Armor$Strength Requirement 90$Durability 255 / 255$* Requires The "Stygian Abyss" Expansion$Legendary Artifact$ 
IKSSMSD,EFSSMSD,Invigorating Ringmail Tunic Of Wizardry,Chest,Invigorating Ringmail Tunic Of Wizardry$Insured$Weight: 15 Stones$Damage Eater 12%$Hit Point Regeneration 3$Stamina Regeneration 1$Mana Regeneration 3$Lower Mana Cost 8%$Physical Resist 18%$Fire Resist 18%$Cold Resist 16%$Poison Resist 20%$Energy Resist 18%$Mage Armor$Strength Requirement 40$Durability 49 / 49$* Requires The "Stygian Abyss" Expansion$Greater Artifact$ 
YJSSMSD,EFSSMSD,Arcane Gargish Platemail Chest Of Restoration,Chest,Arcane Gargish Platemail Chest Of Restoration$Insured$Weight: 10 Stones$Gargoyles Only$Brittle$Energy Eater 12%$Casting Focus 2%$Intelligence Bonus 2$Mana Increase 8$Hit Point Regeneration 3$Stamina Regeneration 3$Mana Regeneration 3$Lower Mana Cost 10%$Physical Resist 23%$Fire Resist 21%$Cold Resist 20%$Poison Resist 21%$Energy Resist 20%$Mage Armor$Strength Requirement 95$Durability 255 / 255$* Requires The "Stygian Abyss" Expansion$Legendary Artifact$ 
VJSSMSD,EFSSMSD,Mystic Studded Gorget Of Restoration,Gorget,Mystic Studded Gorget Of Restoration$Insured$Weight: 1 Stone$Brittle$Energy Eater 12%$Intelligence Bonus 5$Mana Increase 2$Hit Point Regeneration 4$Stamina Regeneration 2$Mana Regeneration 4$Lower Mana Cost 8%$Physical Resist 17%$Fire Resist 19%$Cold Resist 18%$Poison Resist 18%$Energy Resist 19%$Mage Armor$Strength Requirement 25$Durability 255 / 255$* Requires The "Stygian Abyss" Expansion$Legendary Artifact$ 
UJSSMSD,EFSSMSD,Arcane Gargish Cloth Chest Of Restoration,Chest,Arcane Gargish Cloth Chest Of Restoration$Insured$Weight: 6 Stones$Gargoyles Only$Brittle$Poison Eater 12%$Casting Focus 1%$Intelligence Bonus 5$Mana Increase 2$Hit Point Regeneration 3$Mana Regeneration 3$Lower Mana Cost 8%$Lower Reagent Cost 5%$Physical Resist 20%$Fire Resist 22%$Cold Resist 21%$Poison Resist 21%$Energy Resist 21%$Strength Requirement 25$Durability 255 / 255$* Requires The "Stygian Abyss" Expansion$Legendary Artifact$ 
SJSSMSD,EFSSMSD,Arcane Gargish Cloth Leggings Of Restoration,Legs,Arcane Gargish Cloth Leggings Of Restoration$Insured$Weight: 4 Stones$Gargoyles Only$Brittle$Poison Eater 15%$Casting Focus 2%$Intelligence Bonus 2$Mana Increase 8$Hit Point Regeneration 3$Mana Regeneration 4$Lower Mana Cost 10%$Physical Resist 20%$Fire Resist 22%$Cold Resist 21%$Poison Resist 21%$Energy Resist 21%$Strength Requirement 20$Durability 255 / 255$* Requires The "Stygian Abyss" Expansion$Legendary Artifact$ 
LJSSMSD,EFSSMSD,Arcane Tiger Pelt Helm Of Vitality,Helm,Arcane Tiger Pelt Helm Of Vitality$Insured$Weight: 4 Stones$Brittle$Kinetic Eater 12%$Casting Focus 2%$Intelligence Bonus 4$Hit Point Increase 5$Mana Increase 2$Hit Point Regeneration 3$Mana Regeneration 3$Lower Mana Cost 6%$Lower Reagent Cost 5%$Physical Resist 18%$Fire Resist 19%$Cold Resist 18%$Poison Resist 18%$Energy Resist 18%$Strength Requirement 25$Durability 255 / 255$* Requires The "Stygian Abyss" Expansion$Legendary Artifact$* Requires The "Time Of Legends" Expansion$ 
KJSSMSD,EFSSMSD,Arcane Bear Mask Of Restoration,Helm,Arcane Bear Mask Of Restoration$Insured$Weight: 5 Stones$Brittle$Poison Eater 12%$Casting Focus 1%$Intelligence Bonus 4$Mana Increase 4$Hit Point Regeneration 2$Stamina Regeneration 4$Mana Regeneration 4$Lower Mana Cost 8%$Lower Reagent Cost 5%$Physical Resist 20%$Fire Resist 18%$Cold Resist 23%$Poison Resist 19%$Energy Resist 19%$Strength Requirement 10$Durability 255 / 255$* Requires The "Stygian Abyss" Expansion$Legendary Artifact$ 
VNSSMSD,EFSSMSD,Arcane Studded Gorget Of Restoration,Gorget,Arcane Studded Gorget Of Restoration$Insured$Weight: 1 Stone$Brittle$Damage Eater 15%$Casting Focus 1%$Intelligence Bonus 4$Mana Increase 8$Hit Point Regeneration 3$Stamina Regeneration 2$Mana Regeneration 4$Lower Mana Cost 8%$Physical Resist 17%$Fire Resist 19%$Cold Resist 18%$Poison Resist 18%$Energy Resist 19%$Mage Armor$Strength Requirement 25$Durability 255 / 255$* Requires The "Stygian Abyss" Expansion$Legendary Artifact$ 
COSSMSD,EFSSMSD,Arcane Studded Sleeves Of Vitality,Arms,Arcane Studded Sleeves Of Vitality$Insured$Weight: 4 Stones$Brittle$Kinetic Eater 15%$Casting Focus 1%$Strength Bonus 5$Intelligence Bonus 5$Hit Point Increase 5$Mana Increase 8$Mana Regeneration 1$Lower Mana Cost 8%$Physical Resist 17%$Fire Resist 19%$Cold Resist 18%$Poison Resist 18%$Energy Resist 19%$Mage Armor$Strength Requirement 25$Durability 255 / 255$* Requires The "Stygian Abyss" Expansion$Legendary Artifact$ 
PNSSMSD,EFSSMSD,Mystic Ringmail Tunic Of Restoration,Chest,Mystic Ringmail Tunic Of Restoration$Insured$Weight: 15 Stones$Brittle$Damage Eater 12%$Intelligence Bonus 5$Mana Increase 2$Hit Point Regeneration 3$Stamina Regeneration 2$Mana Regeneration 3$Lower Mana Cost 8%$Physical Resist 18%$Fire Resist 18%$Cold Resist 16%$Poison Resist 20%$Energy Resist 18%$Mage Armor$Strength Requirement 40$Durability 255 / 255$* Requires The "Stygian Abyss" Expansion$Legendary Artifact$ 
QNSSMSD,EFSSMSD,Arcane Ringmail Sleeves Of Vitality,Arms,Arcane Ringmail Sleeves Of Vitality$Insured$Weight: 15 Stones$Brittle$Fire Eater 12%$Casting Focus 2%$Strength Bonus 4$Mana Increase 2$Hit Point Regeneration 3$Mana Regeneration 4$Lower Mana Cost 8%$Lower Reagent Cost 5%$Physical Resist 18%$Fire Resist 18%$Cold Resist 16%$Poison Resist 5%$Energy Resist 18%$Mage Armor$Strength Requirement 40$Durability 255 / 255$* Requires The "Stygian Abyss" Expansion$Legendary Artifact$ 
NNSSMSD,EFSSMSD,Arcane Gargish Leather Leggings Of Vitality,Legs,Arcane Gargish Leather Leggings Of Vitality$Insured$Weight: 5 Stones$Gargoyles Only$Brittle$Poison Eater 15%$Casting Focus 1%$Strength Bonus 4$Intelligence Bonus 2$Mana Increase 10$Hit Point Regeneration 3$Mana Regeneration 1$Lower Mana Cost 8%$Physical Resist 20%$Fire Resist 21%$Cold Resist 22%$Poison Resist 21%$Energy Resist 21%$Strength Requirement 20$Durability 255 / 255$* Requires The "Stygian Abyss" Expansion$Legendary Artifact$ 
TNSSMSD,EFSSMSD,Mystic Chainmail Coif Of Vitality,Helm,Mystic Chainmail Coif Of Vitality$Insured$Weight: 7 Stones$Brittle$Energy Eater 12%$Intelligence Bonus 4$Hit Point Increase 5$Mana Increase 6$Hit Point Regeneration 3$Mana Regeneration 1$Lower Mana Cost 10%$Physical Resist 19%$Fire Resist 19%$Cold Resist 19%$Poison Resist 16%$Energy Resist 17%$Mage Armor$Strength Requirement 60$Durability 255 / 255$* Requires The "Stygian Abyss" Expansion$Legendary Artifact$ 
SNSSMSD,EFSSMSD,Arcane Gargish Platemail Leggings Of Vitality,Legs,Arcane Gargish Platemail Leggings Of Vitality$Insured$Weight: 7 Stones$Gargoyles Only$Brittle$Kinetic Eater 12%$Casting Focus 2%$Strength Bonus 4$Intelligence Bonus 4$Mana Increase 8$Hit Point Regeneration 4$Mana Regeneration 1$Lower Mana Cost 8%$Lower Reagent Cost 5%$Physical Resist 23%$Fire Resist 21%$Cold Resist 5%$Poison Resist 21%$Energy Resist 20%$Mage Armor$Strength Requirement 90$Durability 255 / 255$* Requires The "Stygian Abyss" Expansion$Legendary Artifact$ 
GNSSMSD,EFSSMSD,Mystic Gargish Platemail Kilt Of Restoration,Kilt,Mystic Gargish Platemail Kilt Of Restoration$Insured$Weight: 5 Stones$Gargoyles Only$Brittle$Poison Eater 12%$Intelligence Bonus 2$Mana Increase 4$Hit Point Regeneration 4$Stamina Regeneration 3$Mana Regeneration 4$Lower Mana Cost 8%$Physical Resist 8%$Fire Resist 21%$Cold Resist 20%$Poison Resist 21%$Energy Resist 20%$Mage Armor$Strength Requirement 80$Durability 255 / 255$* Requires The "Stygian Abyss" Expansion$Legendary Artifact$ 
MNSSMSD,EFSSMSD,Arcane Gargish Platemail Leggings Of Restoration,Legs,Arcane Gargish Platemail Leggings Of Restoration$Insured$Weight: 7 Stones$Gargoyles Only$Brittle$Poison Eater 15%$Casting Focus 1%$Mana Increase 8$Hit Point Regeneration 4$Stamina Regeneration 1$Mana Regeneration 4$Lower Mana Cost 10%$Lower Reagent Cost 5%$Physical Resist 23%$Fire Resist 21%$Cold Resist 20%$Poison Resist 21%$Energy Resist 20%$Mage Armor$Strength Requirement 90$Durability 255 / 255$* Requires The "Stygian Abyss" Expansion$Legendary Artifact$ 
JNSSMSD,EFSSMSD,Arcane Gargish Platemail Kilt Of Vitality,Kilt,Arcane Gargish Platemail Kilt Of Vitality$Insured$Weight: 5 Stones$Gargoyles Only$Brittle$Fire Eater 15%$Intelligence Bonus 4$Hit Point Increase 5$Mana Increase 8$Hit Point Regeneration 3$Mana Regeneration 3$Lower Mana Cost 6%$Lower Reagent Cost 5%$Physical Resist 23%$Fire Resist 21%$Cold Resist 20%$Poison Resist 21%$Energy Resist 20%$Mage Armor$Strength Requirement 80$Durability 255 / 255$* Requires The "Stygian Abyss" Expansion$Legendary Artifact$ 
ZMSSMSD,EFSSMSD,Mystic Gargish Platemail Leggings Of Restoration,Legs,Mystic Gargish Platemail Leggings Of Restoration$Insured$Weight: 7 Stones$Gargoyles Only$Brittle$Fire Eater 15%$Intelligence Bonus 4$Mana Increase 8$Hit Point Regeneration 3$Stamina Regeneration 3$Mana Regeneration 2$Lower Mana Cost 10%$Physical Resist 23%$Fire Resist 21%$Cold Resist 5%$Poison Resist 21%$Energy Resist 20%$Mage Armor$Strength Requirement 90$Durability 255 / 255$* Requires The "Stygian Abyss" Expansion$Legendary Artifact$ 
RMSSMSD,EFSSMSD,Arcane Leather Leggings Of Vitality,Legs,Arcane Leather Leggings Of Vitality$Insured$Weight: 4 Stones$Brittle$Kinetic Eater 12%$Intelligence Bonus 4$Hit Point Increase 5$Mana Increase 2$Hit Point Regeneration 3$Mana Regeneration 1$Lower Mana Cost 10%$Lower Reagent Cost 5%$Physical Resist 17%$Fire Resist 19%$Cold Resist 18%$Poison Resist 18%$Energy Resist 18%$Strength Requirement 20$Durability 255 / 255$* Requires The "Stygian Abyss" Expansion$Legendary Artifact$ 
SMSSMSD,EFSSMSD,Arcane Skullcap Of Vitality,Helm,Arcane Skullcap Of Vitality$Insured$Weight: 1 Stone$Brittle$Cold Eater 12%$Casting Focus 1%$Intelligence Bonus 2$Hit Point Increase 5$Hit Point Regeneration 3$Mana Regeneration 3$Lower Mana Cost 10%$Lower Reagent Cost 5%$Physical Resist 15%$Fire Resist 18%$Cold Resist 20%$Poison Resist 23%$Energy Resist 23%$Strength Requirement 10$Durability 255 / 255$* Requires The "Stygian Abyss" Expansion$Legendary Artifact$ 
QMSSMSD,EFSSMSD,Arcane Leather Shorts Of Restoration,Legs,Arcane Leather Shorts Of Restoration$Insured$Weight: 3 Stones$Brittle$Cold Eater 15%$Casting Focus 2%$Intelligence Bonus 4$Mana Increase 2$Hit Point Regeneration 4$Stamina Regeneration 1$Mana Regeneration 2$Lower Mana Cost 10%$Lower Reagent Cost 5%$Physical Resist 17%$Fire Resist 19%$Cold Resist 18%$Poison Resist 18%$Energy Resist 18%$Strength Requirement 20$Durability 255 / 255$* Requires The "Stygian Abyss" Expansion$Legendary Artifact$ 
JMSSMSD,EFSSMSD,Arcane Bone Gloves Of Restoration,Gloves,Arcane Bone Gloves Of Restoration$Insured$Weight: 1 Stone$Brittle$Poison Eater 12%$Casting Focus 1%$Intelligence Bonus 2$Mana Increase 8$Hit Point Regeneration 3$Stamina Regeneration 4$Mana Regeneration 4$Lower Mana Cost 10%$Lower Reagent Cost 5%$Physical Resist 18%$Fire Resist 18%$Cold Resist 19%$Poison Resist 17%$Energy Resist 4%$Mage Armor$Strength Requirement 55$Durability 255 / 255$* Requires The "Stygian Abyss" Expansion$Legendary Artifact$ 
HMSSMSD,EFSSMSD,Arcane Dragon Turtle Hide Chest Of Vitality,Chest,Arcane Dragon Turtle Hide Chest Of Vitality$Insured$Weight: 8 Stones$Brittle$Fire Eater 12%$Casting Focus 2%$Strength Bonus 4$Intelligence Bonus 2$Mana Increase 8$Hit Point Regeneration 3$Mana Regeneration 3$Lower Mana Cost 6%$Physical Resist 19%$Fire Resist 17%$Cold Resist 17%$Poison Resist 19%$Energy Resist 19%$Strength Requirement 30$Durability 255 / 255$* Requires The "Stygian Abyss" Expansion$Legendary Artifact$* Requires The "Time Of Legends" Expansion$ 
QFSSMSD,EFSSMSD,Arcane Studded Gorget Of Vitality,Gorget,Arcane Studded Gorget Of Vitality$Insured$Weight: 1 Stone$Brittle$Damage Eater 12%$Casting Focus 2%$Strength Bonus 4$Hit Point Increase 5$Mana Increase 8$Mana Regeneration 1$Lower Mana Cost 8%$Lower Reagent Cost 15%$Physical Resist 17%$Fire Resist 4%$Cold Resist 18%$Poison Resist 18%$Energy Resist 19%$Mage Armor$Strength Requirement 25$Durability 255 / 255$* Requires The "Stygian Abyss" Expansion$Legendary Artifact$ 
NFSSMSD,EFSSMSD,Arcane Gargish Leather Leggings Of Restoration,Legs,Arcane Gargish Leather Leggings Of Restoration$Insured$Weight: 5 Stones$Gargoyles Only$Brittle$Kinetic Eater 15%$Casting Focus 1%$Intelligence Bonus 4$Hit Point Regeneration 3$Stamina Regeneration 3$Mana Regeneration 4$Lower Mana Cost 8%$Physical Resist 20%$Fire Resist 21%$Cold Resist 22%$Poison Resist 21%$Energy Resist 21%$Strength Requirement 20$Durability 255 / 255$* Requires The "Stygian Abyss" Expansion$Legendary Artifact$ 
SFSSMSD,EFSSMSD,Mystic Platemail Gorget Of Vitality,Gorget,Mystic Platemail Gorget Of Vitality$Insured$Weight: 2 Stones$Brittle$Cold Eater 15%$Strength Bonus 4$Intelligence Bonus 4$Mana Increase 2$Hit Point Regeneration 3$Mana Regeneration 3$Lower Mana Cost 10%$Physical Resist 20%$Fire Resist 18%$Cold Resist 17%$Poison Resist 18%$Energy Resist 17%$Mage Armor$Strength Requirement 45$Durability 255 / 255$* Requires The "Stygian Abyss" Expansion$Legendary Artifact$ 
FFSSMSD,EFSSMSD,Arcane Chainmail Leggings Of Vitality,Legs,Arcane Chainmail Leggings Of Vitality$Insured$Weight: 7 Stones$Brittle$Damage Eater 12%$Casting Focus 2%$Intelligence Bonus 4$Hit Point Increase 5$Hit Point Regeneration 3$Mana Regeneration 1$Lower Mana Cost 10%$Physical Resist 19%$Fire Resist 19%$Cold Resist 19%$Poison Resist 1%$Energy Resist 17%$Mage Armor$Strength Requirement 60$Durability 255 / 255$* Requires The "Stygian Abyss" Expansion$Legendary Artifact$ 
LFSSMSD,EFSSMSD,Mystic Bone Arms Of Restoration,Arms,Mystic Bone Arms Of Restoration$Insured$Weight: 2 Stones$Brittle$Damage Eater 12%$Intelligence Bonus 4$Mana Increase 4$Hit Point Regeneration 3$Stamina Regeneration 2$Mana Regeneration 3$Lower Mana Cost 10%$Physical Resist 18%$Fire Resist 18%$Cold Resist 19%$Poison Resist 17%$Energy Resist 19%$Mage Armor$Strength Requirement 55$Durability 255 / 255$* Requires The "Stygian Abyss" Expansion$Legendary Artifact$ 
MFSSMSD,EFSSMSD,Arcane Bone Arms Of Restoration,Arms,Arcane Bone Arms Of Restoration$Insured$Weight: 2 Stones$Brittle$Poison Eater 12%$Casting Focus 2%$Intelligence Bonus 4$Mana Increase 2$Hit Point Regeneration 3$Stamina Regeneration 3$Mana Regeneration 3$Lower Mana Cost 10%$Lower Reagent Cost 5%$Physical Resist 18%$Fire Resist 18%$Cold Resist 19%$Poison Resist 17%$Energy Resist 19%$Strength Requirement 55$Durability 255 / 255$* Requires The "Stygian Abyss" Expansion$Legendary Artifact$ 
JFSSMSD,EFSSMSD,Arcane Gargish Stone Leggings Of Restoration,Legs,Arcane Gargish Stone Leggings Of Restoration$Insured$Weight: 15 Stones$Gargoyles Only$Brittle$Poison Eater 15%$Intelligence Bonus 5$Mana Increase 2$Hit Point Regeneration 1$Stamina Regeneration 4$Mana Regeneration 4$Lower Mana Cost 8%$Lower Reagent Cost 5%$Physical Resist 21%$Fire Resist 21%$Cold Resist 4%$Poison Resist 23%$Energy Resist 21%$Mage Armor$Strength Requirement 40$Durability 255 / 255$* Requires The "Stygian Abyss" Expansion$Legendary Artifact$ 
ZESSMSD,EFSSMSD,Arcane Bone Leggings Of Restoration,Legs,Arcane Bone Leggings Of Restoration$Insured$Weight: 3 Stones$Brittle$Fire Eater 12%$Casting Focus 1%$Intelligence Bonus 3$Mana Increase 4$Hit Point Regeneration 3$Stamina Regeneration 4$Mana Regeneration 4$Lower Mana Cost 8%$Lower Reagent Cost 5%$Physical Resist 3%$Fire Resist 18%$Cold Resist 19%$Poison Resist 17%$Energy Resist 19%$Mage Armor$Strength Requirement 55$Durability 255 / 255$* Requires The "Stygian Abyss" Expansion$Legendary Artifact$ 
