DTYPGUD,LCYPGUD,Gargish Bracelet,Bracelet,Gargish Bracelet$Insured$Weight: 1 Stone$Bushido +15$Gargoyles Only$Antique$Mana Increase 5$Enhance Potions 25%$Hit Chance Increase 15%$Spell Damage Increase 15%$Lower Reagent Cost 25%$Damage Increase 25%$Poison Resist 15%$Durability 255 / 255$Major Artifact$ 
ETYPGUD,LCYPGUD,Bracelet,Bracelet,Bracelet$Insured$Weight: 1 Stone$Provocation +15$Antique$Dexterity Bonus 8$Mana Regeneration 3$Night Sight$Hit Chance Increase 20%$Defense Chance Increase 15%$Faster Casting 1$Swing Speed Increase 10%$Damage Increase 25%$Durability 255 / 255$Legendary Artifact$ 
BTYPGUD,LCYPGUD,Bracelet,Bracelet,Bracelet$Insured$Weight: 1 Stone$Bushido +15$Antique$Mana Increase 4$Night Sight$Enhance Potions 25%$Defense Chance Increase 20%$Spell Damage Increase 15%$Lower Reagent Cost 20%$Swing Speed Increase 10%$Damage Increase 35%$Durability 255 / 255$Legendary Artifact$ 
CTYPGUD,LCYPGUD,Studded Sleeves,Arms,Studded Sleeves$Insured$Weight: 4 Stones$Brittle$Damage Eater 12%$Casting Focus 2%$Dexterity Bonus 5$Stamina Increase 8$Hit Point Regeneration 3$Mana Regeneration 3$Physical Resist 2%$Fire Resist 19%$Cold Resist 3%$Poison Resist 18%$Energy Resist 19%$Lower Requirements 70%$Mage Armor$Strength Requirement 7$Durability 255 / 255$* Requires The "Stygian Abyss" Expansion$Major Artifact$ 
HTYPGUD,LCYPGUD,Ring,Ring,Ring$Insured$Weight: 1 Stone$Healing +15$Anatomy +15$Antique$Stamina Increase 4$Mana Increase 5$Mana Regeneration 3$Enhance Potions 25%$Defense Chance Increase 15%$Damage Increase 25%$Durability 255 / 255$Major Artifact$ 
ITYPGUD,LCYPGUD,Ring,Ring,Ring$Insured$Weight: 1 Stone$Animal Taming +20$Antique$Dexterity Bonus 8$Hit Chance Increase 15%$Faster Cast Recovery 3$Faster Casting 1$Lower Reagent Cost 25%$Swing Speed Increase 10%$Physical Resist 15%$Durability 255 / 255$Legendary Artifact$ 
FTYPGUD,LCYPGUD,Gargish Ring,Ring,Gargish Ring$Insured$Weight: 1 Stone$Musicianship +15$Gargoyles Only$Antique$Dexterity Bonus 8$Mana Increase 4$Enhance Potions 25%$Hit Chance Increase 20%$Defense Chance Increase 20%$Spell Damage Increase 15%$Lower Mana Cost 8%$Durability 255 / 255$Legendary Artifact$ 
GTYPGUD,LCYPGUD,Gargish Ring,Ring,Gargish Ring$Insured$Weight: 1 Stone$Animal Lore +20$Animal Taming +15$Gargoyles Only$Antique$Mana Increase 4$Mana Regeneration 3$Faster Cast Recovery 3$Lower Mana Cost 8%$Lower Reagent Cost 20%$Damage Increase 25%$Durability 255 / 255$Major Artifact$ 
XNYPGUD,LCYPGUD,Gargish Bracelet,Bracelet,Gargish Bracelet$Insured$Weight: 1 Stone$Gargoyles Only$Antique$Intelligence Bonus 8$Hit Chance Increase 15%$Defense Chance Increase 15%$Spell Damage Increase 18%$Faster Casting 1$Lower Mana Cost 10%$Swing Speed Increase 10%$Damage Increase 25%$Durability 255 / 255$Legendary Artifact$ 
YNYPGUD,LCYPGUD,Gargish Ring,Ring,Gargish Ring$Insured$Weight: 1 Stone$Focus +15$Gargoyles Only$Antique$Intelligence Bonus 8$Enhance Potions 25%$Hit Chance Increase 15%$Spell Damage Increase 15%$Faster Casting 1$Lower Mana Cost 10%$Lower Reagent Cost 20%$Durability 255 / 255$Major Artifact$ 
VNYPGUD,LCYPGUD,Bracelet,Bracelet,Bracelet$Insured$Weight: 1 Stone$Evaluate Intelligence +15$Antique$Strength Bonus 8$Stamina Increase 4$Mana Increase 4$Enhance Potions 25%$Defense Chance Increase 15%$Swing Speed Increase 10%$Damage Increase 25%$Durability 255 / 255$Major Artifact$ 
WNYPGUD,LCYPGUD,Bracelet,Bracelet,Bracelet$Insured$Weight: 1 Stone$Healing +5$Wrestling +5$Swordsmanship +20$Antique$Strength Bonus 8$Intelligence Bonus 10$Enhance Potions 25%$Hit Chance Increase 20%$Swing Speed Increase 10%$Durability 255 / 255$Legendary Artifact$ 
BOYPGUD,LCYPGUD,Vampiric Pitchfork Of Slaughter,Two-Handed,Vampiric Pitchfork Of Slaughter$Insured$Weight: 11 Stones$Splintering Weapon 20%$Hit Poison Area 50%$Hit Stamina Leech 50%$Hit Mana Leech 37%$Hit Fatigue 70%$Hit Mana Drain 50%$Physical Damage 100%$Weapon Damage 12 - 15$Weapon Speed 2.5s$Strength Requirement 50$Two-Handed Weapon$Skill Required: Fencing$Durability 36 / 36$* Requires The "Stygian Abyss" Expansion$Greater Artifact$ 
COYPGUD,LCYPGUD,Ring,Ring,Ring$Insured$Weight: 1 Stone$Parrying +15$Antique$Intelligence Bonus 8$Enhance Potions 25%$Hit Chance Increase 20%$Faster Cast Recovery 3$Lower Mana Cost 8%$Lower Reagent Cost 20%$Swing Speed Increase 10%$Durability 255 / 255$Legendary Artifact$ 
ZNYPGUD,LCYPGUD,Gargish Ring,Ring,Gargish Ring$Insured$Weight: 1 Stone$Chivalry +15$Gargoyles Only$Antique$Dexterity Bonus 8$Mana Increase 4$Mana Regeneration 3$Enhance Potions 25%$Hit Chance Increase 15%$Faster Cast Recovery 3$Lower Mana Cost 8%$Durability 255 / 255$Major Artifact$ 
AOYPGUD,DKYPGUD,Gargish Bracelet,Bracelet,Gargish Bracelet$Insured$Weight: 1 Stone$Bushido +15$Gargoyles Only$Antique$Intelligence Bonus 8$Mana Increase 4$Enhance Potions 25%$Hit Chance Increase 20%$Spell Damage Increase 15%$Faster Cast Recovery 3$Lower Reagent Cost 25%$Durability 255 / 255$Legendary Artifact$ 
PNYPGUD,DKYPGUD,Ringmail Gloves,Gloves,Ringmail Gloves$Insured$Weight: 2 Stones$Brittle$Fire Eater 12%$Casting Focus 3%$Strength Bonus 4$Dexterity Bonus 4$Hit Point Regeneration 3$Enhance Potions 2%$Defense Chance Increase 5%$Physical Resist 3%$Fire Resist 3%$Cold Resist 16%$Poison Resist 5%$Energy Resist 18%$Strength Requirement 40$Durability 255 / 255$* Requires The "Stygian Abyss" Expansion$Major Artifact$ 
QNYPGUD,DKYPGUD,Gargish Bracelet,Bracelet,Gargish Bracelet$Insured$Weight: 1 Stone$Gargoyles Only$Antique$Dexterity Bonus 8$Stamina Increase 4$Mana Increase 4$Hit Chance Increase 15%$Defense Chance Increase 15%$Spell Damage Increase 18%$Faster Cast Recovery 3$Faster Casting 1$Durability 255 / 255$Major Artifact$ 
NNYPGUD,DKYPGUD,Ring,Ring,Ring$Insured$Weight: 1 Stone$Evaluate Intelligence +15$Provocation +15$Antique$Strength Bonus 10$Intelligence Bonus 8$Defense Chance Increase 15%$Faster Cast Recovery 3$Lower Reagent Cost 20%$Swing Speed Increase 10%$Damage Increase 25%$Durability 255 / 255$Legendary Artifact$ 
ONYPGUD,DKYPGUD,Gargish Ring,Ring,Gargish Ring$Insured$Weight: 1 Stone$Mysticism +15$Gargoyles Only$Antique$Strength Bonus 8$Dexterity Bonus 8$Stamina Increase 5$Mana Regeneration 3$Enhance Potions 25%$Hit Chance Increase 15%$Damage Increase 25%$Durability 255 / 255$Major Artifact$ 
TNYPGUD,DKYPGUD,Gargish Bracelet,Bracelet,Gargish Bracelet$Insured$Weight: 1 Stone$Necromancy +15$Provocation +15$Gargoyles Only$Antique$Intelligence Bonus 8$Enhance Potions 25%$Defense Chance Increase 15%$Faster Cast Recovery 3$Faster Casting 1$Lower Mana Cost 8%$Durability 255 / 255$Major Artifact$ 
UNYPGUD,LCYPGUD,Ring,Ring,Ring$Insured$Weight: 1 Stone$Wrestling +15$Magery +15$Antique$Enhance Potions 25%$Spell Damage Increase 15%$Faster Casting 1$Swing Speed Increase 10%$Damage Increase 25%$Fire Resist 15%$Durability 255 / 255$Major Artifact$ 
RNYPGUD,LCYPGUD,Ring,Ring,Ring$Insured$Weight: 1 Stone$Evaluate Intelligence +10$Antique$Mana Regeneration 4$Night Sight$Hit Chance Increase 20%$Defense Chance Increase 20%$Faster Cast Recovery 4$Faster Casting 1$Lower Mana Cost 8%$Durability 255 / 255$Legendary Artifact$ 
SNYPGUD,LCYPGUD,Ring,Ring,Ring$Insured$Weight: 1 Stone$Musicianship +20$Antique$Mana Increase 4$Enhance Potions 35%$Defense Chance Increase 20%$Spell Damage Increase 15%$Faster Casting 1$Swing Speed Increase 5%$Durability 255 / 255$Legendary Artifact$ 
HNYPGUD,LCYPGUD,Gargish Bracelet,Bracelet,Gargish Bracelet$Insured$Weight: 1 Stone$Peacemaking +15$Animal Lore +15$Musicianship +20$Gargoyles Only$Antique$Mana Regeneration 3$Enhance Potions 25%$Hit Chance Increase 15%$Defense Chance Increase 15%$Lower Mana Cost 8%$Durability 255 / 255$Legendary Artifact$ 
INYPGUD,LCYPGUD,Gargish Ring,Ring,Gargish Ring$Insured$Weight: 1 Stone$Parrying +15$Spirit Speak +15$Gargoyles Only$Antique$Strength Bonus 10$Mana Regeneration 3$Enhance Potions 35%$Spell Damage Increase 15%$Faster Cast Recovery 3$Faster Casting 1$Durability 255 / 255$Legendary Artifact$ 
GNYPGUD,DKYPGUD,Gargish Bracelet,Bracelet,Gargish Bracelet$Insured$Weight: 1 Stone$Throwing +15$Gargoyles Only$Antique$Night Sight$Enhance Potions 25%$Hit Chance Increase 15%$Defense Chance Increase 15%$Lower Mana Cost 8%$Lower Reagent Cost 20%$Swing Speed Increase 10%$Durability 255 / 255$Major Artifact$ 
LNYPGUD,DKYPGUD,Gargish Bracelet,Bracelet,Gargish Bracelet$Insured$Weight: 1 Stone$Peacemaking +15$Gargoyles Only$Antique$Intelligence Bonus 8$Enhance Potions 25%$Hit Chance Increase 15%$Faster Cast Recovery 3$Lower Mana Cost 8%$Swing Speed Increase 10%$Durability 255 / 255$Major Artifact$ 
MNYPGUD,DKYPGUD,Bracelet,Bracelet,Bracelet$Insured$Weight: 1 Stone$Mace Fighting +20$Antique$Intelligence Bonus 8$Mana Regeneration 3$Enhance Potions 25%$Hit Chance Increase 15%$Spell Damage Increase 15%$Faster Cast Recovery 3$Swing Speed Increase 10%$Cold Resist 20%$Durability 255 / 255$Legendary Artifact$ 
JNYPGUD,DKYPGUD,Ring,Ring,Ring$Insured$Weight: 1 Stone$Provocation +5$Antique$Luck 150$Enhance Potions 35%$Defense Chance Increase 15%$Faster Cast Recovery 3$Faster Casting 1$Swing Speed Increase 10%$Poison Resist 15%$Durability 255 / 255$Legendary Artifact$ 
KNYPGUD,LCYPGUD,Straw Hat,Helm,Straw Hat$Insured$Weight: 1 Stone$Brittle$Dexterity Bonus 4$Mana Increase 8$Hit Point Regeneration 3$Mana Regeneration 3$Reflect Physical Damage 15%$Hit Chance Increase 4%$Defense Chance Increase 4%$Lower Mana Cost 10%$Fire Resist 5%$Cold Resist 24%$Poison Resist 5%$Energy Resist 5%$Strength Requirement 10$Durability 255 / 255$Major Artifact$ 
ZMYPGUD,DKYPGUD,Gargish Ring,Ring,Gargish Ring$Insured$Weight: 1 Stone$Evaluate Intelligence +15$Tactics +15$Gargoyles Only$Antique$Strength Bonus 8$Enhance Potions 25%$Defense Chance Increase 15%$Faster Cast Recovery 4$Lower Mana Cost 8%$Damage Increase 25%$Durability 255 / 255$Major Artifact$ 
XMYPGUD,LCYPGUD,Bracelet,Bracelet,Bracelet$Insured$Weight: 1 Stone$Healing +15$Antique$Dexterity Bonus 8$Mana Regeneration 3$Defense Chance Increase 15%$Faster Casting 1$Swing Speed Increase 10%$Damage Increase 25%$Physical Resist 15%$Durability 255 / 255$Major Artifact$ 
DNYPGUD,DKYPGUD,Gargish Ring,Ring,Gargish Ring$Insured$Weight: 1 Stone$Meditation +15$Animal Taming +15$Gargoyles Only$Antique$Strength Bonus 8$Hit Chance Increase 15%$Spell Damage Increase 15%$Faster Cast Recovery 3$Lower Mana Cost 10%$Swing Speed Increase 10%$Durability 255 / 255$Legendary Artifact$ 
ENYPGUD,LCYPGUD,Ring,Ring,Ring$Insured$Weight: 1 Stone$Parrying +20$Antique$Stamina Increase 4$Enhance Potions 25%$Hit Chance Increase 15%$Lower Mana Cost 10%$Lower Reagent Cost 20%$Swing Speed Increase 10%$Durability 255 / 255$Legendary Artifact$ 
BNYPGUD,DKYPGUD,Gargish Ring,Ring,Gargish Ring$Insured$Weight: 1 Stone$Gargoyles Only$Antique$Strength Bonus 8$Dexterity Bonus 8$Mana Increase 4$Defense Chance Increase 15%$Spell Damage Increase 15%$Faster Cast Recovery 3$Swing Speed Increase 10%$Damage Increase 25%$Durability 255 / 255$Major Artifact$ 
CNYPGUD,DKYPGUD,Ring,Ring,Ring$Insured$Weight: 1 Stone$Ninjitsu +15$Antique$Dexterity Bonus 10$Mana Regeneration 3$Enhance Potions 25%$Hit Chance Increase 15%$Defense Chance Increase 15%$Lower Mana Cost 8%$Lower Reagent Cost 20%$Durability 255 / 255$Major Artifact$ 
RMYPGUD,DKYPGUD,Ring,Ring,Ring$Insured$Weight: 1 Stone$Antique$Strength Bonus 8$Dexterity Bonus 8$Mana Regeneration 3$Hit Chance Increase 15%$Defense Chance Increase 15%$Spell Damage Increase 15%$Faster Casting 1$Lower Reagent Cost 20%$Damage Increase 25%$Durability 255 / 255$Major Artifact$ 
SMYPGUD,DKYPGUD,Bracelet,Bracelet,Bracelet$Insured$Weight: 1 Stone$Animal Lore +15$Antique$Strength Bonus 8$Dexterity Bonus 8$Enhance Potions 35%$Hit Chance Increase 15%$Defense Chance Increase 15%$Lower Mana Cost 8%$Cold Resist 15%$Durability 255 / 255$Major Artifact$ 
PMYPGUD,LCYPGUD,Ring,Ring,Ring$Insured$Weight: 1 Stone$Antique$Luck 100$Hit Chance Increase 15%$Spell Damage Increase 15%$Faster Cast Recovery 3$Lower Reagent Cost 20%$Swing Speed Increase 10%$Damage Increase 25%$Physical Resist 15%$Durability 255 / 255$Major Artifact$ 
QMYPGUD,LCYPGUD,Bracelet,Bracelet,Bracelet$Insured$Weight: 1 Stone$Wrestling +15$Swordsmanship +20$Antique$Intelligence Bonus 8$Mana Increase 4$Mana Regeneration 3$Defense Chance Increase 15%$Faster Cast Recovery 3$Lower Reagent Cost 20%$Damage Increase 25%$Durability 255 / 255$Legendary Artifact$ 
VMYPGUD,LCYPGUD,Ring,Ring,Ring$Insured$Weight: 1 Stone$Antique$Strength Bonus 8$Intelligence Bonus 8$Stamina Increase 5$Mana Increase 4$Enhance Potions 30%$Hit Chance Increase 15%$Faster Cast Recovery 4$Swing Speed Increase 10%$Durability 255 / 255$Legendary Artifact$ 
TMYPGUD,DKYPGUD,Ring,Ring,Ring$Insured$Weight: 1 Stone$Ninjitsu +15$Discordance +15$Antique$Enhance Potions 25%$Hit Chance Increase 15%$Defense Chance Increase 15%$Faster Casting 1$Lower Mana Cost 8%$Lower Reagent Cost 20%$Durability 255 / 255$Major Artifact$ 
UMYPGUD,LCYPGUD,Gargish Cloth Kilt,Kilt,Gargish Cloth Kilt$Insured$Weight: 2 Stones$Gargoyles Only$Brittle$Strength Bonus 4$Dexterity Bonus 4$Mana Regeneration 3$Luck 100$Hit Chance Increase 5%$Lower Mana Cost 8%$Physical Resist 5%$Fire Resist 22%$Cold Resist 6%$Poison Resist 21%$Energy Resist 26%$Strength Requirement 20$Durability 255 / 255$Major Artifact$ 
JMYPGUD,LCYPGUD,Bracelet,Bracelet,Bracelet$Insured$Weight: 1 Stone$Bushido +20$Antique$Intelligence Bonus 8$Stamina Increase 4$Hit Chance Increase 15%$Defense Chance Increase 15%$Spell Damage Increase 18%$Swing Speed Increase 10%$Damage Increase 25%$Durability 255 / 255$Legendary Artifact$ 
KMYPGUD,DKYPGUD,Bracelet,Bracelet,Bracelet$Insured$Weight: 1 Stone$Resisting Spells +15$Antique$Strength Bonus 8$Mana Increase 4$Mana Regeneration 3$Enhance Potions 25%$Defense Chance Increase 15%$Faster Cast Recovery 3$Swing Speed Increase 10%$Durability 255 / 255$Major Artifact$ 
HMYPGUD,LCYPGUD,Gargish Ring,Ring,Gargish Ring$Insured$Weight: 1 Stone$Stealing +15$Gargoyles Only$Antique$Strength Bonus 10$Dexterity Bonus 8$Intelligence Bonus 8$Hit Chance Increase 15%$Lower Mana Cost 8%$Lower Reagent Cost 20%$Swing Speed Increase 10%$Damage Increase 25%$Durability 255 / 255$Legendary Artifact$ 
IMYPGUD,LCYPGUD,Gargish Bracelet,Bracelet,Gargish Bracelet$Insured$Weight: 1 Stone$Gargoyles Only$Antique$Strength Bonus 8$Night Sight$Luck 100$Enhance Potions 25%$Defense Chance Increase 15%$Faster Cast Recovery 4$Faster Casting 1$Swing Speed Increase 10%$Durability 255 / 255$Major Artifact$ 
NMYPGUD,LCYPGUD,Gargish Ring,Ring,Gargish Ring$Insured$Weight: 1 Stone$Gargoyles Only$Antique$Strength Bonus 8$Intelligence Bonus 8$Mana Regeneration 3$Enhance Potions 25%$Hit Chance Increase 15%$Faster Cast Recovery 3$Lower Mana Cost 8%$Swing Speed Increase 10%$Energy Resist 15%$Durability 255 / 255$Legendary Artifact$ 
LMYPGUD,LCYPGUD,Bracelet,Bracelet,Bracelet$Insured$Weight: 1 Stone$Magery +20$Antique$Strength Bonus 8$Stamina Increase 4$Enhance Potions 25%$Hit Chance Increase 15%$Faster Cast Recovery 4$Faster Casting 1$Cold Resist 15%$Durability 255 / 255$Legendary Artifact$ 
MMYPGUD,DKYPGUD,Gargish Ring,Ring,Gargish Ring$Insured$Weight: 1 Stone$Parrying +15$Gargoyles Only$Antique$Stamina Increase 4$Luck 100$Enhance Potions 25%$Hit Chance Increase 15%$Spell Damage Increase 15%$Faster Cast Recovery 4$Damage Increase 25%$Durability 255 / 255$Major Artifact$ 
BMYPGUD,DKYPGUD,Ring,Ring,Ring$Insured$Weight: 1 Stone$Throwing +15$Mysticism +15$Antique$Strength Bonus 8$Stamina Increase 4$Enhance Potions 25%$Hit Chance Increase 15%$Faster Cast Recovery 3$Lower Mana Cost 8%$Durability 255 / 255$Major Artifact$ 
CMYPGUD,DKYPGUD,Bracelet,Bracelet,Bracelet$Insured$Weight: 1 Stone$Resisting Spells +15$Bushido +15$Parrying +15$Musicianship +15$Antique$Dexterity Bonus 8$Stamina Increase 4$Hit Chance Increase 15%$Defense Chance Increase 15%$Faster Cast Recovery 3$Durability 255 / 255$Legendary Artifact$ 
ZLYPGUD,DKYPGUD,Gargish Bracelet,Bracelet,Gargish Bracelet$Insured$Weight: 1 Stone$Musicianship +20$Gargoyles Only$Antique$Strength Bonus 8$Luck 100$Hit Chance Increase 15%$Spell Damage Increase 15%$Faster Cast Recovery 3$Faster Casting 1$Lower Mana Cost 8%$Swing Speed Increase 10%$Durability 255 / 255$Legendary Artifact$ 
AMYPGUD,DKYPGUD,Bracelet,Bracelet,Bracelet$Insured$Weight: 1 Stone$Ninjitsu +20$Tactics +15$Antique$Strength Bonus 8$Luck 100$Enhance Potions 25%$Hit Chance Increase 15%$Spell Damage Increase 18%$Lower Reagent Cost 20%$Poison Resist 15%$Durability 255 / 255$Legendary Artifact$ 
FMYPGUD,DKYPGUD,Ring,Ring,Ring$Insured$Weight: 1 Stone$Meditation +15$Prized$Dexterity Bonus 8$Intelligence Bonus 10$Enhance Potions 25%$Spell Damage Increase 15%$Faster Cast Recovery 3$Durability 255 / 255$Greater Artifact$ 
GMYPGUD,LCYPGUD,Bracelet,Bracelet,Bracelet$Insured$Weight: 1 Stone$Chivalry +15$Antique$Hit Chance Increase 15%$Defense Chance Increase 20%$Spell Damage Increase 15%$Faster Cast Recovery 3$Lower Reagent Cost 20%$Damage Increase 25%$Cold Resist 15%$Durability 255 / 255$Major Artifact$ 
DMYPGUD,DKYPGUD,Bracelet,Bracelet,Bracelet$Insured$Weight: 1 Stone$Meditation +20$Antique$Strength Bonus 8$Dexterity Bonus 8$Mana Regeneration 4$Night Sight$Enhance Potions 25%$Defense Chance Increase 20%$Faster Cast Recovery 3$Durability 255 / 255$Legendary Artifact$ 
EMYPGUD,DKYPGUD,Bracelet,Bracelet,Bracelet$Insured$Weight: 1 Stone$Antique$Intelligence Bonus 8$Stamina Increase 4$Mana Regeneration 3$Enhance Potions 25%$Hit Chance Increase 15%$Lower Reagent Cost 20%$Swing Speed Increase 10%$Damage Increase 35%$Durability 255 / 255$Major Artifact$ 
TLYPGUD,LCYPGUD,Gargish Ring,Ring,Gargish Ring$Insured$Weight: 1 Stone$Wrestling +15$Gargoyles Only$Antique$Enhance Potions 25%$Defense Chance Increase 20%$Spell Damage Increase 18%$Lower Reagent Cost 20%$Swing Speed Increase 10%$Damage Increase 25%$Poison Resist 15%$Durability 255 / 255$Legendary Artifact$ 
ULYPGUD,LCYPGUD,Ring,Ring,Ring$Insured$Weight: 1 Stone$Ninjitsu +15$Mysticism +15$Antique$Mana Regeneration 3$Hit Chance Increase 15%$Defense Chance Increase 15%$Spell Damage Increase 15%$Faster Casting 1$Lower Reagent Cost 20%$Durability 255 / 255$Major Artifact$ 
RLYPGUD,LCYPGUD,Gargish Bracelet,Bracelet,Gargish Bracelet$Insured$Weight: 1 Stone$Mysticism +15$Gargoyles Only$Antique$Mana Increase 4$Mana Regeneration 4$Night Sight$Enhance Potions 25%$Hit Chance Increase 15%$Defense Chance Increase 15%$Lower Mana Cost 8%$Damage Increase 25%$Durability 255 / 255$Major Artifact$ 
SLYPGUD,LCYPGUD,Bracelet,Bracelet,Bracelet$Weight: 1 Stone$Resisting Spells +15$Stealing +15$Antique$Dexterity Bonus 10$Stamina Increase 4$Mana Increase 4$Mana Regeneration 3$Hit Chance Increase 15%$Swing Speed Increase 10%$Damage Increase 25%$Durability 255 / 255$Legendary Artifact$ 
XLYPGUD,LCYPGUD,Ring,Ring,Ring$Insured$Weight: 1 Stone$Archery +15$Antique$Night Sight$Enhance Potions 25%$Hit Chance Increase 15%$Spell Damage Increase 15%$Faster Cast Recovery 3$Swing Speed Increase 10%$Damage Increase 35%$Fire Resist 15%$Durability 255 / 255$Legendary Artifact$ 
YLYPGUD,LCYPGUD,Gargish Ring,Ring,Gargish Ring$Insured$Weight: 1 Stone$Ninjitsu +15$Mace Fighting +20$Gargoyles Only$Antique$Dexterity Bonus 8$Luck 100$Hit Chance Increase 15%$Defense Chance Increase 15%$Spell Damage Increase 18%$Faster Cast Recovery 3$Cold Resist 15%$Durability 255 / 255$Legendary Artifact$ 
VLYPGUD,LCYPGUD,Gargish Bracelet,Bracelet,Gargish Bracelet$Insured$Weight: 1 Stone$Stealth +15$Magery +15$Gargoyles Only$Antique$Mana Increase 4$Hit Chance Increase 15%$Spell Damage Increase 15%$Faster Cast Recovery 4$Lower Reagent Cost 20%$Swing Speed Increase 10%$Durability 255 / 255$Legendary Artifact$ 
WLYPGUD,DKYPGUD,Gargish Bracelet,Bracelet,Gargish Bracelet$Insured$Weight: 1 Stone$Mysticism +15$Gargoyles Only$Antique$Stamina Increase 5$Luck 100$Enhance Potions 25%$Hit Chance Increase 15%$Spell Damage Increase 15%$Faster Cast Recovery 3$Swing Speed Increase 10%$Durability 255 / 255$Legendary Artifact$ 
JQYPGUD,LCYPGUD,Ring,Ring,Ring$Insured$Weight: 1 Stone$Resisting Spells +15$Antique$Intelligence Bonus 8$Enhance Potions 35%$Hit Chance Increase 15%$Defense Chance Increase 20%$Lower Mana Cost 8%$Lower Reagent Cost 20%$Damage Increase 25%$Durability 255 / 255$Legendary Artifact$ 
KQYPGUD,LCYPGUD,Bracelet,Bracelet,Bracelet$Insured$Weight: 1 Stone$Archery +5$Evaluate Intelligence +15$Antique$Intelligence Bonus 10$Mana Increase 4$Luck 150$Defense Chance Increase 15%$Faster Casting 1$Lower Mana Cost 8%$Swing Speed Increase 10%$Durability 255 / 255$Legendary Artifact$ 
HQYPGUD,LCYPGUD,Gargish Ring,Ring,Gargish Ring$Insured$Weight: 1 Stone$Resisting Spells +20$Discordance +15$Gargoyles Only$Antique$Mana Increase 4$Night Sight$Enhance Potions 25%$Hit Chance Increase 15%$Faster Cast Recovery 3$Damage Increase 35%$Durability 255 / 255$Legendary Artifact$ 
IQYPGUD,LCYPGUD,Ring,Ring,Ring$Insured$Weight: 1 Stone$Focus +15$Antique$Stamina Increase 4$Mana Regeneration 3$Hit Chance Increase 15%$Faster Cast Recovery 3$Swing Speed Increase 10%$Damage Increase 25%$Physical Resist 15%$Durability 255 / 255$Major Artifact$ 
NQYPGUD,DKYPGUD,Bracelet,Bracelet,Bracelet$Insured$Weight: 1 Stone$Stealing +15$Antique$Dexterity Bonus 8$Mana Regeneration 3$Night Sight$Luck 150$Enhance Potions 25%$Hit Chance Increase 15%$Damage Increase 25%$Durability 255 / 255$Major Artifact$ 
OQYPGUD,DKYPGUD,Leather Leggings,Legs,Leather Leggings$Insured$Weight: 4 Stones$Brittle$Kinetic Eater 3%$Dexterity Bonus 4$Hit Point Increase 5$Stamina Increase 4$Stamina Regeneration 3$Mana Regeneration 1$Lower Mana Cost 8%$Physical Resist 17%$Fire Resist 19%$Cold Resist 18%$Poison Resist 13%$Energy Resist 18%$Strength Requirement 20$Durability 255 / 255$* Requires The "Stygian Abyss" Expansion$Major Artifact$ 
LQYPGUD,LCYPGUD,Bracelet,Bracelet,Bracelet$Insured$Weight: 1 Stone$Antique$Dexterity Bonus 8$Night Sight$Enhance Potions 35%$Hit Chance Increase 15%$Faster Cast Recovery 3$Faster Casting 1$Lower Mana Cost 8%$Swing Speed Increase 10%$Durability 255 / 255$Legendary Artifact$ 
MQYPGUD,LCYPGUD,Ring,Ring,Ring$Insured$Weight: 1 Stone$Meditation +15$Antique$Strength Bonus 8$Stamina Increase 4$Mana Increase 4$Enhance Potions 25%$Defense Chance Increase 15%$Spell Damage Increase 15%$Swing Speed Increase 10%$Durability 255 / 255$Major Artifact$ 
BQYPGUD,LCYPGUD,Bracelet,Bracelet,Bracelet$Insured$Weight: 1 Stone$Antique$Stamina Increase 4$Luck 100$Hit Chance Increase 15%$Spell Damage Increase 15%$Faster Cast Recovery 3$Lower Mana Cost 8%$Lower Reagent Cost 25%$Damage Increase 25%$Durability 255 / 255$Major Artifact$ 
CQYPGUD,LCYPGUD,Gargish Ring,Ring,Gargish Ring$Insured$Weight: 1 Stone$Gargoyles Only$Antique$Intelligence Bonus 10$Stamina Increase 4$Luck 100$Hit Chance Increase 15%$Defense Chance Increase 15%$Lower Reagent Cost 20%$Swing Speed Increase 10%$Damage Increase 25%$Durability 255 / 255$Major Artifact$ 
ZPYPGUD,DKYPGUD,Gargish Platemail Arms,Arms,Gargish Platemail Arms$Insured$Weight: 5 Stones$Gargoyles Only$Brittle$Damage Eater 9%$Dexterity Bonus 4$Mana Increase 10$Hit Point Regeneration 1$Luck 100$Lower Reagent Cost 20%$Physical Resist 23%$Fire Resist 21%$Cold Resist 20%$Poison Resist 6%$Energy Resist 20%$Mage Armor$Strength Requirement 80$Durability 255 / 255$* Requires The "Stygian Abyss" Expansion$Major Artifact$ 
AQYPGUD,DKYPGUD,Bracelet,Bracelet,Bracelet$Insured$Weight: 1 Stone$Wrestling +20$Antique$Luck 100$Enhance Potions 25%$Spell Damage Increase 18%$Faster Cast Recovery 3$Lower Reagent Cost 20%$Damage Increase 25%$Physical Resist 15%$Durability 255 / 255$Major Artifact$ 
FQYPGUD,DKYPGUD,Gargish Ring,Ring,Gargish Ring$Insured$Weight: 1 Stone$Healing +15$Evaluate Intelligence +15$Magery +15$Gargoyles Only$Antique$Intelligence Bonus 8$Enhance Potions 35%$Hit Chance Increase 15%$Defense Chance Increase 15%$Faster Casting 1$Durability 255 / 255$Legendary Artifact$ 
GQYPGUD,LCYPGUD,Ring,Ring,Ring$Insured$Weight: 1 Stone$Mace Fighting +15$Antique$Mana Regeneration 3$Luck 100$Defense Chance Increase 15%$Faster Cast Recovery 3$Faster Casting 1$Swing Speed Increase 10%$Damage Increase 25%$Durability 255 / 255$Major Artifact$ 
DQYPGUD,DKYPGUD,Ring,Ring,Ring$Insured$Weight: 1 Stone$Discordance +20$Animal Taming +15$Mace Fighting +10$Antique$Dexterity Bonus 8$Mana Regeneration 3$Hit Chance Increase 20%$Faster Cast Recovery 3$Lower Mana Cost 8%$Damage Increase 25%$Durability 255 / 255$Legendary Artifact$ 
EQYPGUD,DKYPGUD,Gargish Bracelet,Bracelet,Gargish Bracelet$Insured$Weight: 1 Stone$Evaluate Intelligence +15$Animal Taming +15$Gargoyles Only$Antique$Enhance Potions 25%$Defense Chance Increase 20%$Faster Cast Recovery 3$Faster Casting 1$Swing Speed Increase 10%$Durability 255 / 255$Major Artifact$ 
TPYPGUD,DKYPGUD,Gargish Ring,Ring,Gargish Ring$Insured$Weight: 1 Stone$Parrying +15$Mace Fighting +15$Gargoyles Only$Antique$Intelligence Bonus 8$Enhance Potions 25%$Hit Chance Increase 15%$Spell Damage Increase 18%$Faster Casting 1$Damage Increase 25%$Durability 255 / 255$Major Artifact$ 
UPYPGUD,LCYPGUD,Ring,Ring,Ring$Insured$Weight: 1 Stone$Mace Fighting +15$Antique$Night Sight$Enhance Potions 25%$Hit Chance Increase 15%$Spell Damage Increase 18%$Lower Mana Cost 8%$Swing Speed Increase 10%$Damage Increase 25%$Durability 255 / 255$Major Artifact$ 
PPYPGUD,DKYPGUD,Bracelet,Bracelet,Bracelet$Insured$Weight: 1 Stone$Antique$Luck 100$Enhance Potions 25%$Defense Chance Increase 20%$Spell Damage Increase 15%$Faster Cast Recovery 4$Lower Mana Cost 8%$Lower Reagent Cost 20%$Damage Increase 25%$Durability 255 / 255$Major Artifact$ 
NPYPGUD,LCYPGUD,Gargish Ring,Ring,Gargish Ring$Insured$Weight: 1 Stone$Healing +15$Fencing +15$Gargoyles Only$Antique$Hit Chance Increase 15%$Defense Chance Increase 15%$Spell Damage Increase 15%$Faster Cast Recovery 3$Lower Mana Cost 8%$Swing Speed Increase 10%$Durability 255 / 255$Major Artifact$ 
DPYPGUD,LCYPGUD,Ring,Ring,Ring$Insured$Weight: 1 Stone$Resisting Spells +15$Antique$Dexterity Bonus 8$Intelligence Bonus 8$Luck 150$Defense Chance Increase 15%$Spell Damage Increase 15%$Lower Mana Cost 8%$Cold Resist 15%$Durability 255 / 255$Major Artifact$ 
BPYPGUD,LCYPGUD,Ring,Ring,Ring$Insured$Weight: 1 Stone$Archery +15$Veterinary +15$Antique$Dexterity Bonus 8$Defense Chance Increase 20%$Spell Damage Increase 15%$Faster Cast Recovery 3$Damage Increase 25%$Physical Resist 15%$Durability 255 / 255$Major Artifact$ 
CPYPGUD,LCYPGUD,Bracelet,Bracelet,Bracelet$Insured$Weight: 1 Stone$Peacemaking +20$Antique$Intelligence Bonus 10$Mana Increase 4$Hit Chance Increase 15%$Spell Damage Increase 15%$Lower Mana Cost 8%$Swing Speed Increase 10%$Damage Increase 25%$Durability 255 / 255$Legendary Artifact$ 
IPYPGUD,DKYPGUD,Gargish Ring,Ring,Gargish Ring$Insured$Weight: 1 Stone$Meditation +15$Swordsmanship +15$Gargoyles Only$Antique$Mana Regeneration 3$Enhance Potions 25%$Hit Chance Increase 15%$Defense Chance Increase 15%$Damage Increase 25%$Energy Resist 15%$Durability 255 / 255$Major Artifact$ 
VOYPGUD,DKYPGUD,Leather Shorts,Legs,Leather Shorts$Insured$Weight: 3 Stones$Brittle$Kinetic Eater 15%$Hit Point Increase 5$Mana Increase 10$Mana Regeneration 3$Reflect Physical Damage 15%$Defense Chance Increase 4%$Lower Mana Cost 8%$Physical Resist 2%$Fire Resist 4%$Cold Resist 18%$Poison Resist 3%$Energy Resist 23%$Strength Requirement 20$Durability 255 / 255$* Requires The "Stygian Abyss" Expansion$Legendary Artifact$ 
WOYPGUD,DKYPGUD,Gargish Bracelet,Bracelet,Gargish Bracelet$Insured$Weight: 1 Stone$Mysticism +15$Gargoyles Only$Antique$Stamina Increase 4$Mana Increase 5$Mana Regeneration 3$Enhance Potions 25%$Hit Chance Increase 15%$Spell Damage Increase 15%$Faster Cast Recovery 3$Durability 255 / 255$Major Artifact$ 
TOYPGUD,DKYPGUD,Gargish Ring,Ring,Gargish Ring$Insured$Weight: 1 Stone$Resisting Spells +15$Evaluate Intelligence +15$Animal Taming +15$Gargoyles Only$Antique$Dexterity Bonus 8$Mana Increase 5$Hit Chance Increase 15%$Lower Mana Cost 8%$Lower Reagent Cost 25%$Durability 255 / 255$Legendary Artifact$ 
ZOYPGUD,LCYPGUD,Gargish Ring,Ring,Gargish Ring$Insured$Weight: 1 Stone$Throwing +15$Discordance +15$Magery +15$Gargoyles Only$Antique$Enhance Potions 25%$Hit Chance Increase 15%$Defense Chance Increase 15%$Faster Casting 1$Lower Reagent Cost 20%$Durability 255 / 255$Major Artifact$ 
APYPGUD,LCYPGUD,Ring,Ring,Ring$Insured$Weight: 1 Stone$Resisting Spells +15$Necromancy +20$Antique$Intelligence Bonus 10$Mana Increase 4$Spell Damage Increase 15%$Faster Cast Recovery 3$Lower Reagent Cost 20%$Swing Speed Increase 10%$Durability 255 / 255$Legendary Artifact$ 
XOYPGUD,LCYPGUD,Bracelet,Bracelet,Bracelet$Insured$Weight: 1 Stone$Healing +10$Animal Taming +15$Fencing +15$Antique$Intelligence Bonus 10$Luck 150$Defense Chance Increase 15%$Spell Damage Increase 15%$Swing Speed Increase 10%$Durability 255 / 255$Legendary Artifact$ 
YOYPGUD,DKYPGUD,Bracelet,Bracelet,Bracelet$Insured$Weight: 1 Stone$Antique$Strength Bonus 10$Dexterity Bonus 8$Stamina Increase 4$Mana Increase 5$Enhance Potions 25%$Hit Chance Increase 20%$Lower Mana Cost 8%$Damage Increase 25%$Poison Resist 15%$Durability 255 / 255$Legendary Artifact$ 
NOYPGUD,DKYPGUD,Ring,Ring,Ring$Insured$Weight: 1 Stone$Provocation +15$Antique$Strength Bonus 10$Stamina Increase 4$Luck 100$Hit Chance Increase 15%$Spell Damage Increase 15%$Faster Cast Recovery 3$Faster Casting 1$Damage Increase 25%$Durability 255 / 255$Legendary Artifact$ 
OOYPGUD,DKYPGUD,Bracelet,Bracelet,Bracelet$Insured$Weight: 1 Stone$Necromancy +20$Provocation +15$Antique$Strength Bonus 8$Luck 100$Enhance Potions 25%$Hit Chance Increase 15%$Defense Chance Increase 15%$Physical Resist 15%$Durability 255 / 255$Major Artifact$ 
MOYPGUD,LCYPGUD,Bracelet,Bracelet,Bracelet$Insured$Weight: 1 Stone$Evaluate Intelligence +15$Antique$Luck 100$Hit Chance Increase 15%$Defense Chance Increase 15%$Spell Damage Increase 15%$Faster Casting 1$Swing Speed Increase 10%$Energy Resist 15%$Durability 255 / 255$Major Artifact$ 
ROYPGUD,DKYPGUD,Bracelet,Bracelet,Bracelet$Insured$Weight: 1 Stone$Focus +15$Tactics +15$Swordsmanship +15$Antique$Intelligence Bonus 10$Hit Chance Increase 15%$Defense Chance Increase 15%$Spell Damage Increase 15%$Swing Speed Increase 10%$Durability 255 / 255$Legendary Artifact$ 
SOYPGUD,LCYPGUD,Ring,Ring,Ring$Insured$Weight: 1 Stone$Ninjitsu +15$Antique$Mana Regeneration 4$Luck 100$Hit Chance Increase 15%$Faster Cast Recovery 3$Lower Mana Cost 8%$Swing Speed Increase 10%$Damage Increase 25%$Durability 255 / 255$Legendary Artifact$ 
POYPGUD,DKYPGUD,Ring,Ring,Ring$Insured$Weight: 1 Stone$Bushido +15$Parrying +15$Magery +20$Antique$Strength Bonus 8$Dexterity Bonus 8$Hit Chance Increase 15%$Defense Chance Increase 15%$Swing Speed Increase 10%$Damage Increase 25%$Durability 255 / 255$Legendary Artifact$ 
QOYPGUD,DKYPGUD,Ring,Ring,Ring$Insured$Weight: 1 Stone$Mysticism +15$Antique$Stamina Increase 4$Enhance Potions 25%$Spell Damage Increase 15%$Faster Cast Recovery 3$Faster Casting 1$Swing Speed Increase 10%$Damage Increase 25%$Durability 255 / 255$Major Artifact$ 
FOYPGUD,DKYPGUD,Ring,Ring,Ring$Insured$Weight: 1 Stone$Animal Taming +15$Antique$Mana Regeneration 3$Enhance Potions 25%$Hit Chance Increase 20%$Spell Damage Increase 18%$Faster Cast Recovery 4$Faster Casting 1$Lower Mana Cost 8%$Energy Resist 15%$Durability 255 / 255$Legendary Artifact$ 
GOYPGUD,LCYPGUD,Gargish Ring,Ring,Gargish Ring$Insured$Weight: 1 Stone$Chivalry +20$Gargoyles Only$Antique$Dexterity Bonus 8$Stamina Increase 4$Night Sight$Hit Chance Increase 15%$Defense Chance Increase 15%$Swing Speed Increase 10%$Damage Increase 25%$Durability 255 / 255$Legendary Artifact$ 
DOYPGUD,LCYPGUD,Bracelet,Bracelet,Bracelet$Insured$Weight: 1 Stone$Mysticism +15$Antique$Dexterity Bonus 8$Enhance Potions 25%$Defense Chance Increase 15%$Spell Damage Increase 18%$Lower Mana Cost 10%$Swing Speed Increase 10%$Durability 255 / 255$Major Artifact$ 
EOYPGUD,LCYPGUD,Bracelet,Bracelet,Bracelet$Insured$Weight: 1 Stone$Stealth +15$Magery +15$Antique$Strength Bonus 8$Hit Chance Increase 15%$Defense Chance Increase 15%$Spell Damage Increase 18%$Faster Cast Recovery 3$Lower Mana Cost 10%$Durability 255 / 255$Legendary Artifact$ 
JOYPGUD,LCYPGUD,Ring,Ring,Ring$Insured$Weight: 1 Stone$Anatomy +15$Parrying +15$Antique$Defense Chance Increase 15%$Spell Damage Increase 15%$Faster Cast Recovery 3$Lower Mana Cost 8%$Damage Increase 25%$Physical Resist 15%$Durability 255 / 255$Major Artifact$ 
KOYPGUD,LCYPGUD,Gargish Ring,Ring,Gargish Ring$Insured$Weight: 1 Stone$Animal Taming +15$Magery +15$Gargoyles Only$Antique$Stamina Increase 4$Mana Regeneration 3$Luck 100$Spell Damage Increase 15%$Swing Speed Increase 10%$Damage Increase 25%$Durability 255 / 255$Major Artifact$ 
HOYPGUD,DKYPGUD,Gargish Bracelet,Bracelet,Gargish Bracelet$Insured$Weight: 1 Stone$Stealing +20$Animal Taming +15$Gargoyles Only$Antique$Strength Bonus 8$Stamina Increase 4$Hit Chance Increase 15%$Spell Damage Increase 15%$Faster Cast Recovery 3$Faster Casting 1$Lower Mana Cost 8%$Durability 255 / 255$Legendary Artifact$ 
IOYPGUD,LCYPGUD,Bracelet,Bracelet,Bracelet$Insured$Weight: 1 Stone$Parrying +15$Antique$Luck 150$Enhance Potions 25%$Hit Chance Increase 15%$Defense Chance Increase 15%$Faster Cast Recovery 3$Faster Casting 1$Lower Mana Cost 8%$Durability 255 / 255$Legendary Artifact$ 
ZIYPGUD,DKYPGUD,Plate Helm,Helm,Plate Helm$Insured$Weight: 5 Stones$Brittle$Damage Eater 12%$Casting Focus 2%$Intelligence Bonus 4$Stamina Increase 8$Hit Point Regeneration 4$Mana Regeneration 4$Luck 100$Lower Mana Cost 10%$Physical Resist 20%$Fire Resist 3%$Cold Resist 2%$Poison Resist 3%$Energy Resist 2%$Strength Requirement 80$Durability 255 / 255$* Requires The "Stygian Abyss" Expansion$Legendary Artifact$ 
AJYPGUD,DKYPGUD,Gargish Bracelet,Bracelet,Gargish Bracelet$Insured$Weight: 1 Stone$Mysticism +10$Swordsmanship +20$Gargoyles Only$Antique$Strength Bonus 8$Enhance Potions 25%$Hit Chance Increase 15%$Faster Cast Recovery 4$Lower Mana Cost 8%$Damage Increase 25%$Durability 255 / 255$Legendary Artifact$ 
XIYPGUD,LCYPGUD,Ring,Ring,Ring$Insured$Weight: 1 Stone$Archery +15$Provocation +15$Antique$Strength Bonus 8$Mana Increase 4$Mana Regeneration 3$Defense Chance Increase 20%$Faster Cast Recovery 3$Swing Speed Increase 10%$Damage Increase 25%$Durability 255 / 255$Legendary Artifact$ 
DJYPGUD,LCYPGUD,Gargish Bracelet,Bracelet,Gargish Bracelet$Insured$Weight: 1 Stone$Animal Lore +15$Swordsmanship +15$Gargoyles Only$Antique$Strength Bonus 8$Mana Regeneration 3$Defense Chance Increase 15%$Faster Cast Recovery 3$Faster Casting 1$Swing Speed Increase 10%$Durability 255 / 255$Major Artifact$ 
EJYPGUD,LCYPGUD,Gargish Ring,Ring,Gargish Ring$Insured$Weight: 1 Stone$Gargoyles Only$Antique$Stamina Increase 4$Luck 100$Hit Chance Increase 15%$Spell Damage Increase 15%$Faster Cast Recovery 3$Lower Mana Cost 10%$Lower Reagent Cost 20%$Poison Resist 20%$Durability 255 / 255$Major Artifact$ 
BJYPGUD,LCYPGUD,Ring,Ring,Ring$Insured$Weight: 1 Stone$Animal Taming +15$Antique$Strength Bonus 8$Mana Regeneration 3$Hit Chance Increase 20%$Defense Chance Increase 15%$Faster Casting 1$Lower Mana Cost 8%$Swing Speed Increase 10%$Durability 255 / 255$Legendary Artifact$ 
CJYPGUD,LCYPGUD,Ring,Ring,Ring$Insured$Weight: 1 Stone$Evaluate Intelligence +15$Discordance +20$Antique$Mana Increase 4$Luck 100$Enhance Potions 35%$Defense Chance Increase 15%$Spell Damage Increase 15%$Lower Mana Cost 8%$Durability 255 / 255$Legendary Artifact$ 
RIYPGUD,LCYPGUD,Gargish Ring,Ring,Gargish Ring$Insured$Weight: 1 Stone$Spirit Speak +20$Gargoyles Only$Antique$Strength Bonus 8$Enhance Potions 25%$Hit Chance Increase 15%$Lower Mana Cost 8%$Damage Increase 25%$Poison Resist 15%$Durability 255 / 255$Major Artifact$ 
SIYPGUD,LCYPGUD,Gargish Ring,Ring,Gargish Ring$Insured$Weight: 1 Stone$Discordance +15$Gargoyles Only$Antique$Intelligence Bonus 8$Luck 100$Enhance Potions 25%$Hit Chance Increase 20%$Faster Cast Recovery 3$Faster Casting 1$Damage Increase 25%$Durability 255 / 255$Major Artifact$ 
PIYPGUD,LCYPGUD,Gargish Cloth Leggings,Legs,Gargish Cloth Leggings$Insured$Weight: 4 Stones$Gargoyles Only$Brittle$Dexterity Bonus 4$Intelligence Bonus 4$Stamina Increase 8$Luck 100$Enhance Potions 3%$Lower Mana Cost 10%$Physical Resist 20%$Fire Resist 7%$Cold Resist 21%$Poison Resist 21%$Energy Resist 6%$Strength Requirement 20$Durability 255 / 255$Major Artifact$ 
QIYPGUD,LCYPGUD,Gargish Cloth Leggings,Legs,Gargish Cloth Leggings$Insured$Weight: 4 Stones$Gargoyles Only$Brittle$Poison Eater 3%$Casting Focus 1%$Strength Bonus 1$Intelligence Bonus 4$Hit Point Increase 5$Mana Increase 10$Stamina Regeneration 1$Luck 50$Lower Mana Cost 8%$Lower Reagent Cost 20%$Physical Resist 20%$Fire Resist 27%$Cold Resist 26%$Poison Resist 26%$Energy Resist 21%$Strength Requirement 20$Durability 255 / 255$* Requires The "Stygian Abyss" Expansion$Legendary Artifact$ 
VIYPGUD,LCYPGUD,Chaos Shield,Shield,Chaos Shield$Insured$Weight: 5 Stones$Brittle$Soul Charge 30%$Spell Channeling$Reactive Paralyze$Dexterity Bonus 5$Intelligence Bonus 4$Stamina Regeneration 3$Hit Chance Increase 4%$Faster Casting -1$Swing Speed Increase 10%$Damage Increase 25%$Physical Resist 1%$Energy Resist 20%$Strength Requirement 95$Durability 255 / 255$* Requires The "Stygian Abyss" Expansion$Legendary Artifact$ 
WIYPGUD,DKYPGUD,Ring,Ring,Ring$Insured$Weight: 1 Stone$Archery +10$Tactics +15$Swordsmanship +15$Antique$Enhance Potions 35%$Hit Chance Increase 15%$Spell Damage Increase 18%$Faster Cast Recovery 4$Damage Increase 25%$Durability 255 / 255$Legendary Artifact$ 
TIYPGUD,DKYPGUD,Gargish Ring,Ring,Gargish Ring$Insured$Weight: 1 Stone$Gargoyles Only$Antique$Dexterity Bonus 8$Intelligence Bonus 10$Stamina Increase 4$Enhance Potions 25%$Hit Chance Increase 15%$Spell Damage Increase 15%$Swing Speed Increase 10%$Damage Increase 35%$Poison Resist 15%$Durability 255 / 255$Legendary Artifact$ 
UIYPGUD,DKYPGUD,Gargish Ring,Ring,Gargish Ring$Insured$Weight: 1 Stone$Mysticism +15$Parrying +15$Tactics +15$Gargoyles Only$Antique$Intelligence Bonus 8$Hit Chance Increase 15%$Defense Chance Increase 15%$Faster Cast Recovery 3$Lower Mana Cost 8%$Durability 255 / 255$Major Artifact$ 
JIYPGUD,DKYPGUD,Gargish Bracelet,Bracelet,Gargish Bracelet$Insured$Weight: 1 Stone$Fencing +20$Gargoyles Only$Antique$Intelligence Bonus 10$Mana Increase 4$Enhance Potions 25%$Defense Chance Increase 15%$Faster Cast Recovery 3$Faster Casting 1$Lower Reagent Cost 25%$Durability 255 / 255$Legendary Artifact$ 
KIYPGUD,DKYPGUD,Gargish Ring,Ring,Gargish Ring$Insured$Weight: 1 Stone$Resisting Spells +15$Focus +15$Gargoyles Only$Antique$Strength Bonus 8$Dexterity Bonus 8$Mana Increase 4$Defense Chance Increase 15%$Spell Damage Increase 15%$Faster Cast Recovery 4$Faster Casting 1$Durability 255 / 255$Legendary Artifact$ 
HIYPGUD,DKYPGUD,Bracelet,Bracelet,Bracelet$Insured$Weight: 1 Stone$Antique$Dexterity Bonus 8$Mana Regeneration 3$Luck 100$Hit Chance Increase 15%$Defense Chance Increase 15%$Spell Damage Increase 15%$Faster Cast Recovery 3$Lower Mana Cost 8%$Swing Speed Increase 10%$Durability 255 / 255$Legendary Artifact$ 
IIYPGUD,LCYPGUD,Gargish Bracelet,Bracelet,Gargish Bracelet$Insured$Weight: 1 Stone$Spirit Speak +15$Gargoyles Only$Antique$Strength Bonus 8$Defense Chance Increase 15%$Spell Damage Increase 15%$Faster Cast Recovery 3$Faster Casting 1$Swing Speed Increase 10%$Poison Resist 20%$Durability 255 / 255$Legendary Artifact$ 
NIYPGUD,DKYPGUD,Ring,Ring,Ring$Insured$Weight: 1 Stone$Meditation +15$Wrestling +15$Antique$Intelligence Bonus 8$Enhance Potions 25%$Defense Chance Increase 15%$Faster Cast Recovery 3$Lower Reagent Cost 25%$Poison Resist 15%$Durability 255 / 255$Major Artifact$ 
OIYPGUD,DKYPGUD,Bracelet,Bracelet,Bracelet$Insured$Weight: 1 Stone$Bushido +10$Wrestling +20$Antique$Stamina Increase 4$Mana Increase 5$Mana Regeneration 3$Enhance Potions 25%$Hit Chance Increase 15%$Defense Chance Increase 20%$Energy Resist 15%$Durability 255 / 255$Legendary Artifact$ 
LIYPGUD,DKYPGUD,Bracelet,Bracelet,Bracelet$Insured$Weight: 1 Stone$Evaluate Intelligence +15$Antique$Intelligence Bonus 8$Stamina Increase 4$Mana Regeneration 3$Hit Chance Increase 15%$Defense Chance Increase 15%$Faster Cast Recovery 3$Fire Resist 15%$Durability 255 / 255$Major Artifact$ 
MIYPGUD,LCYPGUD,Gargish Stone Kilt,Kilt,Gargish Stone Kilt$Insured$Weight: 10 Stones$Gargoyles Only$Brittle$Kinetic Eater 12%$Casting Focus 2%$Intelligence Bonus 4$Stamina Increase 8$Mana Increase 8$Hit Point Regeneration 4$Hit Chance Increase 4%$Physical Resist 6%$Fire Resist 6%$Cold Resist 4%$Poison Resist 8%$Energy Resist 21%$Lower Requirements 70%$Strength Requirement 12$Durability 255 / 255$* Requires The "Stygian Abyss" Expansion$Major Artifact$ 
BIYPGUD,DKYPGUD,Ringmail Tunic,Chest,Ringmail Tunic$Insured$Weight: 15 Stones$Brittle$Casting Focus 2%$Strength Bonus 4$Hit Point Regeneration 3$Stamina Regeneration 3$Luck 150$Hit Chance Increase 4%$Defense Chance Increase 4%$Physical Resist 3%$Fire Resist 18%$Cold Resist 1%$Poison Resist 20%$Energy Resist 3%$Strength Requirement 40$Durability 255 / 255$* Requires The "Stygian Abyss" Expansion$Major Artifact$ 
CIYPGUD,DKYPGUD,Gargish Ring,Ring,Gargish Ring$Insured$Weight: 1 Stone$Gargoyles Only$Antique$Mana Regeneration 3$Night Sight$Enhance Potions 25%$Hit Chance Increase 15%$Defense Chance Increase 15%$Faster Cast Recovery 3$Lower Mana Cost 8%$Swing Speed Increase 10%$Durability 255 / 255$Major Artifact$ 
ZHYPGUD,LCYPGUD,Gargish Ring,Ring,Gargish Ring$Insured$Weight: 1 Stone$Mysticism +15$Gargoyles Only$Antique$Mana Regeneration 4$Enhance Potions 25%$Defense Chance Increase 15%$Swing Speed Increase 10%$Damage Increase 25%$Fire Resist 20%$Durability 255 / 255$Major Artifact$ 
AIYPGUD,LCYPGUD,Ring,Ring,Ring$Insured$Weight: 1 Stone$Antique$Dexterity Bonus 8$Enhance Potions 25%$Hit Chance Increase 15%$Spell Damage Increase 15%$Faster Casting 1$Lower Reagent Cost 25%$Damage Increase 25%$Energy Resist 20%$Durability 255 / 255$Major Artifact$ 
FIYPGUD,DKYPGUD,Ring,Ring,Ring$Insured$Weight: 1 Stone$Antique$Strength Bonus 8$Mana Regeneration 3$Luck 150$Hit Chance Increase 15%$Defense Chance Increase 15%$Spell Damage Increase 15%$Faster Casting 1$Physical Resist 20%$Durability 255 / 255$Legendary Artifact$ 
GIYPGUD,DKYPGUD,Gargish Ring,Ring,Gargish Ring$Insured$Weight: 1 Stone$Throwing +15$Gargoyles Only$Antique$Strength Bonus 8$Night Sight$Hit Chance Increase 15%$Defense Chance Increase 15%$Faster Casting 1$Lower Reagent Cost 20%$Swing Speed Increase 10%$Damage Increase 25%$Durability 255 / 255$Legendary Artifact$ 
DIYPGUD,LCYPGUD,Bracelet,Bracelet,Bracelet$Insured$Weight: 1 Stone$Resisting Spells +15$Swordsmanship +20$Antique$Stamina Increase 5$Mana Regeneration 3$Luck 100$Enhance Potions 25%$Hit Chance Increase 15%$Lower Mana Cost 8%$Damage Increase 25%$Durability 255 / 255$Legendary Artifact$ 
EIYPGUD,LCYPGUD,Ring,Ring,Ring$Insured$Weight: 1 Stone$Anatomy +15$Antique$Intelligence Bonus 8$Stamina Increase 4$Mana Increase 4$Enhance Potions 25%$Defense Chance Increase 15%$Faster Cast Recovery 3$Physical Resist 20%$Durability 255 / 255$Major Artifact$ 
THYPGUD,DKYPGUD,Ring,Ring,Ring$Insured$Weight: 1 Stone$Chivalry +15$Discordance +15$Antique$Intelligence Bonus 8$Stamina Increase 4$Hit Chance Increase 15%$Defense Chance Increase 15%$Faster Cast Recovery 3$Faster Casting 1$Durability 255 / 255$Major Artifact$ 
UHYPGUD,DKYPGUD,Bracelet,Bracelet,Bracelet$Insured$Weight: 1 Stone$Anatomy +15$Antique$Intelligence Bonus 10$Stamina Increase 4$Mana Regeneration 3$Hit Chance Increase 15%$Swing Speed Increase 10%$Damage Increase 25%$Durability 255 / 255$Major Artifact$ 
RHYPGUD,DKYPGUD,Ring,Ring,Ring$Insured$Weight: 1 Stone$Evaluate Intelligence +15$Antique$Mana Increase 4$Defense Chance Increase 20%$Faster Cast Recovery 3$Faster Casting 1$Lower Reagent Cost 20%$Swing Speed Increase 10%$Damage Increase 25%$Durability 255 / 255$Legendary Artifact$ 
YHYPGUD,LCYPGUD,Bracelet,Bracelet,Bracelet$Insured$Weight: 1 Stone$Animal Taming +20$Antique$Stamina Increase 5$Mana Increase 4$Spell Damage Increase 18%$Faster Cast Recovery 3$Faster Casting 1$Lower Mana Cost 8%$Poison Resist 15%$Durability 255 / 255$Legendary Artifact$ 
VHYPGUD,DKYPGUD,Gargish Bracelet,Bracelet,Gargish Bracelet$Insured$Weight: 1 Stone$Veterinary +20$Focus +15$Tactics +15$Gargoyles Only$Antique$Spell Damage Increase 15%$Faster Cast Recovery 3$Lower Mana Cost 8%$Lower Reagent Cost 20%$Swing Speed Increase 10%$Damage Increase 25%$Poison Resist 15%$Durability 255 / 255$Legendary Artifact$ 
WHYPGUD,DKYPGUD,Gargish Bracelet,Bracelet,Gargish Bracelet$Insured$Weight: 1 Stone$Magery +15$Gargoyles Only$Antique$Intelligence Bonus 8$Mana Increase 4$Luck 100$Enhance Potions 25%$Defense Chance Increase 15%$Swing Speed Increase 10%$Damage Increase 25%$Durability 255 / 255$Major Artifact$ 
LHYPGUD,DKYPGUD,Bracelet,Bracelet,Bracelet$Insured$Weight: 1 Stone$Stealing +15$Prized$Strength Bonus 10$Mana Regeneration 3$Enhance Potions 25%$Hit Chance Increase 15%$Swing Speed Increase 10%$Durability 255 / 255$Greater Artifact$ 
MHYPGUD,LCYPGUD,Animated Gargish Scythe Of Wizardry,Two-Handed,Animated Gargish Scythe Of Wizardry$Insured$Weight: 5 Stones$Gargoyles Only$Hit Stamina Leech 40%$Spell Channeling$Mage Weapon -20 Skill$Dexterity Bonus 5$Intelligence Bonus 4$Stamina Increase 5$Stamina Regeneration 3$Faster Casting -1$Swing Speed Increase 30%$Physical Damage 100%$Weapon Damage 16 - 19$Weapon Speed 3.5s$Strength Requirement 45$Two-Handed Weapon$Skill Required: Swordsmanship$Durability 31 / 31$Greater Artifact$ 
KHYPGUD,LCYPGUD,Gargish Ring,Ring,Gargish Ring$Insured$Weight: 1 Stone$Chivalry +15$Gargoyles Only$Antique$Dexterity Bonus 10$Mana Increase 4$Enhance Potions 25%$Hit Chance Increase 15%$Defense Chance Increase 15%$Spell Damage Increase 15%$Faster Cast Recovery 3$Lower Reagent Cost 20%$Durability 255 / 255$Legendary Artifact$ 
PHYPGUD,DKYPGUD,Ring,Ring,Ring$Insured$Weight: 1 Stone$Stealth +15$Antique$Intelligence Bonus 10$Mana Increase 4$Enhance Potions 25%$Hit Chance Increase 15%$Defense Chance Increase 15%$Spell Damage Increase 15%$Faster Casting 1$Durability 255 / 255$Major Artifact$ 
QHYPGUD,DKYPGUD,Gargish Bracelet,Bracelet,Gargish Bracelet$Insured$Weight: 1 Stone$Mysticism +15$Gargoyles Only$Antique$Strength Bonus 10$Mana Increase 4$Hit Chance Increase 15%$Spell Damage Increase 15%$Faster Cast Recovery 3$Faster Casting 1$Swing Speed Increase 10%$Energy Resist 15%$Durability 255 / 255$Legendary Artifact$ 
NHYPGUD,LCYPGUD,Gargish Ring,Ring,Gargish Ring$Insured$Weight: 1 Stone$Wrestling +15$Gargoyles Only$Antique$Stamina Increase 5$Mana Increase 4$Mana Regeneration 3$Defense Chance Increase 15%$Spell Damage Increase 15%$Faster Cast Recovery 3$Lower Mana Cost 8%$Durability 255 / 255$Major Artifact$ 
OHYPGUD,LCYPGUD,Ring,Ring,Ring$Insured$Weight: 1 Stone$Necromancy +20$Animal Lore +15$Spirit Speak +15$Antique$Strength Bonus 8$Enhance Potions 25%$Spell Damage Increase 15%$Faster Cast Recovery 3$Faster Casting 1$Durability 255 / 255$Legendary Artifact$ 
DHYPGUD,LCYPGUD,Bracelet,Bracelet,Bracelet$Insured$Weight: 1 Stone$Stealth +15$Antique$Mana Increase 4$Mana Regeneration 3$Luck 100$Enhance Potions 25%$Defense Chance Increase 15%$Faster Cast Recovery 3$Faster Casting 1$Damage Increase 25%$Durability 255 / 255$Major Artifact$ 
EHYPGUD,LCYPGUD,Ring,Ring,Ring$Insured$Weight: 1 Stone$Chivalry +20$Animal Lore +15$Antique$Dexterity Bonus 10$Intelligence Bonus 8$Hit Chance Increase 15%$Defense Chance Increase 15%$Spell Damage Increase 15%$Damage Increase 35%$Poison Resist 15%$Durability 255 / 255$Legendary Artifact$ 
BHYPGUD,LCYPGUD,Gargish Bracelet,Bracelet,Gargish Bracelet$Insured$Weight: 1 Stone$Peacemaking +15$Animal Taming +15$Gargoyles Only$Antique$Night Sight$Enhance Potions 25%$Hit Chance Increase 15%$Faster Cast Recovery 3$Faster Casting 1$Lower Reagent Cost 20%$Durability 255 / 255$Major Artifact$ 
HHYPGUD,DKYPGUD,Ring,Ring,Ring$Insured$Weight: 1 Stone$Evaluate Intelligence +15$Antique$Night Sight$Hit Chance Increase 15%$Defense Chance Increase 15%$Faster Cast Recovery 3$Faster Casting 1$Lower Mana Cost 8%$Swing Speed Increase 10%$Durability 255 / 255$Major Artifact$ 
IHYPGUD,LCYPGUD,Gargish Ring,Ring,Gargish Ring$Insured$Weight: 1 Stone$Gargoyles Only$Antique$Strength Bonus 8$Dexterity Bonus 8$Intelligence Bonus 10$Hit Chance Increase 15%$Defense Chance Increase 15%$Faster Cast Recovery 3$Faster Casting 1$Damage Increase 35%$Durability 255 / 255$Legendary Artifact$ 
FHYPGUD,DKYPGUD,Tiger Pelt Leggings,Legs,Tiger Pelt Leggings$Insured$Weight: 4 Stones$Brittle$Casting Focus 2%$Hit Point Increase 5$Stamina Increase 8$Hit Point Regeneration 4$Luck 150$Reflect Physical Damage 15%$Enhance Potions 3%$Lower Reagent Cost 20%$Physical Resist 3%$Fire Resist 4%$Cold Resist 3%$Poison Resist 18%$Energy Resist 3%$Strength Requirement 25$Durability 255 / 255$* Requires The "Stygian Abyss" Expansion$Legendary Artifact$* Requires The "Time Of Legends" Expansion$ 
GHYPGUD,DKYPGUD,Leather Gorget,Gorget,Leather Gorget$Insured$Weight: 1 Stone$Brittle$Poison Eater 12%$Casting Focus 2%$Strength Bonus 4$Stamina Regeneration 3$Mana Regeneration 4$Luck 100$Hit Chance Increase 4%$Lower Mana Cost 8%$Physical Resist 22%$Fire Resist 4%$Cold Resist 3%$Poison Resist 3%$Energy Resist 3%$Strength Requirement 20$Durability 255 / 255$* Requires The "Stygian Abyss" Expansion$Major Artifact$ 
VGYPGUD,DKYPGUD,Gargish Ring,Ring,Gargish Ring$Insured$Weight: 1 Stone$Magery +20$Gargoyles Only$Antique$Dexterity Bonus 8$Mana Regeneration 3$Enhance Potions 25%$Defense Chance Increase 15%$Faster Casting 1$Lower Mana Cost 10%$Swing Speed Increase 10%$Durability 255 / 255$Legendary Artifact$ 
WGYPGUD,LCYPGUD,Gargish Ring,Ring,Gargish Ring$Insured$Weight: 1 Stone$Animal Lore +15$Gargoyles Only$Antique$Mana Increase 4$Luck 150$Hit Chance Increase 15%$Defense Chance Increase 15%$Spell Damage Increase 15%$Faster Cast Recovery 3$Swing Speed Increase 10%$Fire Resist 15%$Durability 255 / 255$Legendary Artifact$ 
TGYPGUD,LCYPGUD,Bracelet,Bracelet,Bracelet$Insured$Weight: 1 Stone$Peacemaking +15$Antique$Strength Bonus 8$Intelligence Bonus 8$Mana Regeneration 3$Enhance Potions 25%$Spell Damage Increase 15%$Faster Cast Recovery 3$Swing Speed Increase 10%$Damage Increase 35%$Durability 255 / 255$Legendary Artifact$ 
UGYPGUD,LCYPGUD,Gargish Bracelet,Bracelet,Gargish Bracelet$Insured$Weight: 1 Stone$Gargoyles Only$Antique$Strength Bonus 8$Dexterity Bonus 10$Intelligence Bonus 8$Mana Increase 5$Enhance Potions 25%$Spell Damage Increase 15%$Faster Cast Recovery 3$Lower Reagent Cost 20%$Swing Speed Increase 10%$Durability 255 / 255$Legendary Artifact$ 
ZGYPGUD,LCYPGUD,Leather Shorts,Legs,Leather Shorts$Insured$Weight: 3 Stones$Brittle$Casting Focus 2%$Intelligence Bonus 4$Hit Point Increase 7$Mana Increase 8$Stamina Regeneration 4$Mana Regeneration 3$Hit Chance Increase 4%$Lower Mana Cost 8%$Physical Resist 2%$Fire Resist 4%$Cold Resist 3%$Poison Resist 3%$Energy Resist 18%$Strength Requirement 20$Durability 255 / 255$* Requires The "Stygian Abyss" Expansion$Legendary Artifact$ 
AHYPGUD,LCYPGUD,Gargish Bracelet,Bracelet,Gargish Bracelet$Insured$Weight: 1 Stone$Evaluate Intelligence +15$Mace Fighting +20$Gargoyles Only$Antique$Strength Bonus 8$Dexterity Bonus 8$Enhance Potions 25%$Hit Chance Increase 15%$Swing Speed Increase 10%$Damage Increase 25%$Durability 255 / 255$Legendary Artifact$ 
XGYPGUD,LCYPGUD,Ring,Ring,Ring$Insured$Weight: 1 Stone$Resisting Spells +15$Antique$Strength Bonus 8$Mana Increase 4$Luck 100$Hit Chance Increase 15%$Defense Chance Increase 15%$Faster Cast Recovery 3$Damage Increase 25%$Durability 255 / 255$Major Artifact$ 
YGYPGUD,DKYPGUD,Bracelet,Bracelet,Bracelet$Insured$Weight: 1 Stone$Bushido +15$Magery +15$Antique$Dexterity Bonus 8$Stamina Increase 4$Enhance Potions 25%$Hit Chance Increase 20%$Lower Mana Cost 8%$Swing Speed Increase 10%$Durability 255 / 255$Legendary Artifact$ 
LLYPGUD,DKYPGUD,Ring,Ring,Ring$Insured$Weight: 1 Stone$Resisting Spells +15$Antique$Dexterity Bonus 8$Mana Regeneration 1$Luck 100$Hit Chance Increase 20%$Faster Cast Recovery 3$Swing Speed Increase 10%$Damage Increase 35%$Durability 255 / 255$Legendary Artifact$ 
MLYPGUD,LCYPGUD,Arcane Gargish Tekagi Of Slaughter,Two-Handed,Arcane Gargish Tekagi Of Slaughter$Insured$Weight: 5 Stones$Gargoyles Only$Splintering Weapon 20%$Hit Fire Area 50%$Hit Mana Leech 30%$Hit Mana Drain 30%$Mage Weapon -15 Skill$Mana Regeneration 3$Lower Mana Cost 4%$Physical Damage 100%$Weapon Damage 10 - 13$Weapon Speed 2s$Strength Requirement 10$Two-Handed Weapon$Skill Required: Fencing$Durability 50 / 50$* Requires The "Stygian Abyss" Expansion$Greater Artifact$ 
JLYPGUD,DKYPGUD,Gargish Bracelet,Bracelet,Gargish Bracelet$Insured$Weight: 1 Stone$Swordsmanship +15$Gargoyles Only$Antique$Enhance Potions 25%$Hit Chance Increase 15%$Defense Chance Increase 15%$Faster Cast Recovery 3$Faster Casting 1$Swing Speed Increase 10%$Damage Increase 25%$Fire Resist 20%$Durability 255 / 255$Legendary Artifact$ 
KLYPGUD,LCYPGUD,Gargish Ring,Ring,Gargish Ring$Insured$Weight: 1 Stone$Spirit Speak +15$Gargoyles Only$Antique$Strength Bonus 8$Luck 100$Enhance Potions 25%$Defense Chance Increase 15%$Spell Damage Increase 18%$Faster Cast Recovery 3$Faster Casting 1$Lower Reagent Cost 20%$Durability 255 / 255$Legendary Artifact$ 
FKYPGUD,LCYPGUD,Bracelet,Bracelet,Bracelet$Insured$Weight: 1 Stone$Stealth +15$Antique$Dexterity Bonus 8$Enhance Potions 25%$Hit Chance Increase 15%$Defense Chance Increase 15%$Faster Cast Recovery 3$Swing Speed Increase 10%$Damage Increase 25%$Durability 255 / 255$Major Artifact$ 
GKYPGUD,DKYPGUD,Gargish Ring,Ring,Gargish Ring$Insured$Weight: 1 Stone$Healing +15$Gargoyles Only$Antique$Night Sight$Luck 150$Enhance Potions 25%$Hit Chance Increase 15%$Spell Damage Increase 15%$Faster Cast Recovery 3$Damage Increase 35%$Durability 255 / 255$Legendary Artifact$ 
EKYPGUD,LCYPGUD,Gargish Ring,Ring,Gargish Ring$Insured$Weight: 1 Stone$Veterinary +15$Gargoyles Only$Antique$Intelligence Bonus 8$Enhance Potions 25%$Hit Chance Increase 15%$Spell Damage Increase 15%$Faster Cast Recovery 3$Lower Mana Cost 10%$Swing Speed Increase 10%$Durability 255 / 255$Legendary Artifact$ 
JKYPGUD,LCYPGUD,Gargish Bracelet,Bracelet,Gargish Bracelet$Insured$Weight: 1 Stone$Anatomy +15$Animal Lore +15$Gargoyles Only$Antique$Defense Chance Increase 15%$Spell Damage Increase 15%$Faster Casting 1$Lower Mana Cost 8%$Lower Reagent Cost 20%$Damage Increase 25%$Poison Resist 15%$Durability 255 / 255$Major Artifact$ 
KKYPGUD,DKYPGUD,Ring,Ring,Ring$Insured$Weight: 1 Stone$Resisting Spells +15$Musicianship +5$Antique$Mana Increase 5$Enhance Potions 35%$Hit Chance Increase 15%$Lower Mana Cost 10%$Swing Speed Increase 10%$Damage Increase 25%$Durability 255 / 255$Legendary Artifact$ 
HKYPGUD,LCYPGUD,Ring,Ring,Ring$Insured$Weight: 1 Stone$Antique$Strength Bonus 8$Mana Increase 4$Enhance Potions 25%$Defense Chance Increase 15%$Spell Damage Increase 15%$Faster Cast Recovery 3$Swing Speed Increase 10%$Damage Increase 25%$Cold Resist 20%$Durability 255 / 255$Legendary Artifact$ 
IKYPGUD,DKYPGUD,Gargish Bracelet,Bracelet,Gargish Bracelet$Insured$Weight: 1 Stone$Healing +15$Parrying +15$Gargoyles Only$Antique$Intelligence Bonus 8$Mana Regeneration 3$Hit Chance Increase 15%$Defense Chance Increase 15%$Faster Cast Recovery 3$Lower Mana Cost 8%$Durability 255 / 255$Major Artifact$ 
YJYPGUD,DKYPGUD,Bracelet,Bracelet,Bracelet$Insured$Weight: 1 Stone$Stealing +15$Spirit Speak +15$Antique$Intelligence Bonus 10$Stamina Increase 4$Enhance Potions 25%$Defense Chance Increase 15%$Spell Damage Increase 18%$Faster Cast Recovery 4$Cold Resist 15%$Durability 255 / 255$Legendary Artifact$ 
VJYPGUD,LCYPGUD,Gargish Bracelet,Bracelet,Gargish Bracelet$Insured$Weight: 1 Stone$Gargoyles Only$Antique$Stamina Increase 4$Night Sight$Enhance Potions 25%$Hit Chance Increase 15%$Defense Chance Increase 15%$Lower Mana Cost 10%$Lower Reagent Cost 25%$Swing Speed Increase 10%$Durability 255 / 255$Major Artifact$ 
WJYPGUD,LCYPGUD,Gargish Bracelet,Bracelet,Gargish Bracelet$Insured$Weight: 1 Stone$Evaluate Intelligence +15$Gargoyles Only$Antique$Strength Bonus 8$Intelligence Bonus 10$Luck 100$Enhance Potions 25%$Hit Chance Increase 15%$Defense Chance Increase 15%$Faster Cast Recovery 3$Durability 255 / 255$Major Artifact$ 
BKYPGUD,DKYPGUD,Gargish Bracelet,Bracelet,Gargish Bracelet$Insured$Weight: 1 Stone$Throwing +15$Gargoyles Only$Antique$Strength Bonus 8$Intelligence Bonus 8$Enhance Potions 25%$Defense Chance Increase 15%$Faster Cast Recovery 3$Lower Reagent Cost 20%$Swing Speed Increase 10%$Durability 255 / 255$Major Artifact$ 
CKYPGUD,DKYPGUD,Ring,Ring,Ring$Insured$Weight: 1 Stone$Antique$Stamina Increase 4$Enhance Potions 25%$Hit Chance Increase 15%$Defense Chance Increase 15%$Spell Damage Increase 15%$Faster Cast Recovery 4$Faster Casting 1$Damage Increase 25%$Durability 255 / 255$Major Artifact$ 
ZJYPGUD,LCYPGUD,Vampiric Kryss Of Sorcery,One-Handed,Vampiric Kryss Of Sorcery$Insured$Weight: 2 Stones$Hit Stamina Leech 20%$Hit Mana Leech 50%$Hit Life Leech 40%$Hit Fatigue 70%$Hit Mana Drain 50%$Mana Increase 4$Lower Mana Cost 4%$Physical Damage 100%$Weapon Damage 10 - 12$Weapon Speed 2s$Strength Requirement 10$One-Handed Weapon$Skill Required: Fencing$Durability 90 / 90$* Requires The "Stygian Abyss" Expansion$Greater Artifact$ 
AKYPGUD,DKYPGUD,Bracelet,Bracelet,Bracelet$Insured$Weight: 1 Stone$Antique$Mana Increase 4$Enhance Potions 25%$Hit Chance Increase 20%$Faster Casting 1$Lower Mana Cost 8%$Lower Reagent Cost 25%$Swing Speed Increase 10%$Damage Increase 25%$Durability 255 / 255$Legendary Artifact$ 
PJYPGUD,DKYPGUD,Ring,Ring,Ring$Insured$Weight: 1 Stone$Throwing +15$Animal Taming +15$Antique$Intelligence Bonus 10$Enhance Potions 25%$Defense Chance Increase 15%$Spell Damage Increase 15%$Lower Mana Cost 8%$Swing Speed Increase 10%$Durability 255 / 255$Legendary Artifact$ 
NJYPGUD,DKYPGUD,Bracelet,Bracelet,Bracelet$Insured$Weight: 1 Stone$Necromancy +15$Antique$Strength Bonus 10$Intelligence Bonus 8$Mana Regeneration 3$Luck 100$Enhance Potions 25%$Hit Chance Increase 15%$Faster Casting 1$Physical Resist 20%$Durability 255 / 255$Legendary Artifact$ 
OJYPGUD,DKYPGUD,Gargish Bracelet,Bracelet,Gargish Bracelet$Insured$Weight: 1 Stone$Resisting Spells +15$Veterinary +10$Wrestling +15$Musicianship +15$Gargoyles Only$Antique$Strength Bonus 8$Mana Increase 4$Enhance Potions 35%$Hit Chance Increase 15%$Swing Speed Increase 10%$Durability 255 / 255$Legendary Artifact$ 
TJYPGUD,DKYPGUD,Gargish Ring,Ring,Gargish Ring$Insured$Weight: 1 Stone$Peacemaking +5$Gargoyles Only$Antique$Intelligence Bonus 10$Stamina Increase 4$Hit Chance Increase 20%$Defense Chance Increase 20%$Faster Cast Recovery 3$Faster Casting 1$Lower Reagent Cost 20%$Durability 255 / 255$Legendary Artifact$ 
UJYPGUD,DKYPGUD,Gargish Ring,Ring,Gargish Ring$Insured$Weight: 1 Stone$Mysticism +15$Gargoyles Only$Antique$Enhance Potions 25%$Hit Chance Increase 15%$Spell Damage Increase 18%$Faster Cast Recovery 3$Lower Reagent Cost 20%$Damage Increase 25%$Physical Resist 15%$Durability 255 / 255$Major Artifact$ 
RJYPGUD,DKYPGUD,Bracelet,Bracelet,Bracelet$Insured$Weight: 1 Stone$Throwing +15$Spirit Speak +15$Antique$Stamina Increase 4$Mana Regeneration 3$Night Sight$Enhance Potions 35%$Hit Chance Increase 15%$Defense Chance Increase 15%$Durability 255 / 255$Major Artifact$ 
SJYPGUD,DKYPGUD,Gargish Ring,Ring,Gargish Ring$Insured$Weight: 1 Stone$Anatomy +15$Animal Taming +15$Gargoyles Only$Antique$Mana Regeneration 3$Hit Chance Increase 15%$Lower Mana Cost 10%$Swing Speed Increase 10%$Damage Increase 25%$Energy Resist 15%$Durability 255 / 255$Legendary Artifact$ 
HJYPGUD,DKYPGUD,Gargish Bracelet,Bracelet,Gargish Bracelet$Insured$Weight: 1 Stone$Gargoyles Only$Antique$Dexterity Bonus 8$Mana Regeneration 3$Luck 100$Enhance Potions 35%$Hit Chance Increase 15%$Lower Mana Cost 8%$Lower Reagent Cost 20%$Damage Increase 35%$Durability 255 / 255$Legendary Artifact$ 
IJYPGUD,DKYPGUD,Gargish Bracelet,Bracelet,Gargish Bracelet$Insured$Weight: 1 Stone$Wrestling +20$Gargoyles Only$Antique$Intelligence Bonus 8$Mana Increase 4$Enhance Potions 35%$Hit Chance Increase 15%$Faster Cast Recovery 3$Faster Casting 1$Damage Increase 25%$Durability 255 / 255$Legendary Artifact$ 
FJYPGUD,LCYPGUD,Bone Armor,Chest,Bone Armor$Insured$Weight: 6 Stones$Brittle$Energy Eater 12%$Casting Focus 3%$Strength Bonus 4$Dexterity Bonus 4$Hit Point Increase 5$Stamina Increase 8$Hit Chance Increase 4%$Defense Chance Increase 4%$Physical Resist 18%$Fire Resist 3%$Cold Resist 4%$Poison Resist 2%$Energy Resist 19%$Mage Armor$Strength Requirement 60$Durability 255 / 255$* Requires The "Stygian Abyss" Expansion$Legendary Artifact$ 
GJYPGUD,DKYPGUD,Ringmail Leggings,Legs,Ringmail Leggings$Insured$Weight: 15 Stones$Brittle$Casting Focus 2%$Strength Bonus 5$Hit Point Increase 7$Stamina Increase 8$Mana Increase 10$Stamina Regeneration 3$Physical Resist 3%$Fire Resist 3%$Cold Resist 1%$Poison Resist 5%$Energy Resist 23%$Lower Requirements 100%$Mage Armor$Durability 255 / 255$* Requires The "Stygian Abyss" Expansion$Legendary Artifact$ 
LJYPGUD,DKYPGUD,Ring,Ring,Ring$Insured$Weight: 1 Stone$Necromancy +15$Antique$Luck 100$Enhance Potions 35%$Spell Damage Increase 15%$Faster Cast Recovery 4$Lower Reagent Cost 20%$Damage Increase 25%$Poison Resist 15%$Durability 255 / 255$Legendary Artifact$ 
MJYPGUD,DKYPGUD,Leather Gorget,Gorget,Leather Gorget$Insured$Weight: 1 Stone$Brittle$Fire Eater 12%$Strength Bonus 4$Dexterity Bonus 4$Stamina Increase 8$Hit Point Regeneration 4$Mana Regeneration 3$Enhance Potions 2%$Hit Chance Increase 4%$Physical Resist 2%$Fire Resist 4%$Cold Resist 3%$Poison Resist 18%$Energy Resist 3%$Strength Requirement 20$Durability 255 / 255$* Requires The "Stygian Abyss" Expansion$Major Artifact$ 
JJYPGUD,DKYPGUD,Gargish Bracelet,Bracelet,Gargish Bracelet$Insured$Weight: 1 Stone$Spirit Speak +15$Gargoyles Only$Antique$Strength Bonus 10$Intelligence Bonus 8$Mana Increase 4$Enhance Potions 25%$Hit Chance Increase 20%$Defense Chance Increase 20%$Spell Damage Increase 15%$Lower Mana Cost 8%$Durability 255 / 255$Legendary Artifact$ 
KJYPGUD,DKYPGUD,Ring,Ring,Ring$Insured$Weight: 1 Stone$Mysticism +15$Wrestling +15$Antique$Mana Increase 4$Enhance Potions 25%$Hit Chance Increase 15%$Defense Chance Increase 15%$Lower Reagent Cost 20%$Swing Speed Increase 10%$Durability 255 / 255$Major Artifact$ 
BEYPGUD,LCYPGUD,Bracelet,Bracelet,Bracelet$Insured$Weight: 1 Stone$Magery +15$Antique$Mana Regeneration 3$Luck 100$Hit Chance Increase 20%$Defense Chance Increase 20%$Faster Cast Recovery 3$Lower Reagent Cost 20%$Poison Resist 15%$Durability 255 / 255$Legendary Artifact$ 
CEYPGUD,LCYPGUD,Gargish Ring,Ring,Gargish Ring$Insured$Weight: 1 Stone$Gargoyles Only$Antique$Intelligence Bonus 8$Enhance Potions 25%$Hit Chance Increase 15%$Defense Chance Increase 15%$Spell Damage Increase 15%$Lower Mana Cost 8%$Lower Reagent Cost 20%$Swing Speed Increase 10%$Damage Increase 25%$Durability 255 / 255$Major Artifact$ 
ZDYPGUD,DKYPGUD,Gargish Bracelet,Bracelet,Gargish Bracelet$Insured$Weight: 1 Stone$Meditation +15$Gargoyles Only$Antique$Mana Increase 4$Night Sight$Enhance Potions 35%$Spell Damage Increase 18%$Faster Cast Recovery 3$Faster Casting 1$Damage Increase 35%$Durability 255 / 255$Legendary Artifact$ 
AEYPGUD,DKYPGUD,Arcane Gargish War Fork,One-Handed,Arcane Gargish War Fork$Insured$Weight: 9 Stones$Gargoyles Only$Brittle$Hit Mana Leech 26%$Hit Mana Drain 60%$Spell Channeling$Mage Weapon -20 Skill$Intelligence Bonus 5$Faster Casting -1$Lower Mana Cost 5%$Swing Speed Increase 30%$Physical Damage 100%$Weapon Damage 10 - 14$Weapon Speed 2.5s$Strength Requirement 45$One-Handed Weapon$Skill Required: Fencing$Durability 255 / 255$* Requires The "Stygian Abyss" Expansion$Major Artifact$ 
FEYPGUD,LCYPGUD,Gargish Bracelet,Bracelet,Gargish Bracelet$Insured$Weight: 1 Stone$Gargoyles Only$Antique$Dexterity Bonus 10$Intelligence Bonus 8$Mana Regeneration 3$Enhance Potions 20%$Defense Chance Increase 15%$Faster Casting 1$Swing Speed Increase 10%$Damage Increase 35%$Durability 255 / 255$Legendary Artifact$ 
GEYPGUD,DKYPGUD,Ring,Ring,Ring$Insured$Weight: 1 Stone$Peacemaking +15$Antique$Mana Increase 4$Mana Regeneration 3$Enhance Potions 25%$Defense Chance Increase 20%$Spell Damage Increase 15%$Swing Speed Increase 10%$Damage Increase 35%$Durability 255 / 255$Legendary Artifact$ 
DEYPGUD,DKYPGUD,Gargish Ring,Ring,Gargish Ring$Insured$Weight: 1 Stone$Bushido +15$Gargoyles Only$Antique$Dexterity Bonus 10$Night Sight$Enhance Potions 25%$Hit Chance Increase 15%$Defense Chance Increase 15%$Faster Casting 1$Lower Reagent Cost 20%$Swing Speed Increase 10%$Durability 255 / 255$Legendary Artifact$ 
EEYPGUD,DKYPGUD,Bracelet,Bracelet,Bracelet$Insured$Weight: 1 Stone$Mysticism +15$Antique$Dexterity Bonus 8$Night Sight$Enhance Potions 25%$Hit Chance Increase 20%$Lower Reagent Cost 20%$Damage Increase 35%$Energy Resist 15%$Durability 255 / 255$Major Artifact$ 
TDYPGUD,DKYPGUD,Ring,Ring,Ring$Insured$Weight: 1 Stone$Antique$Intelligence Bonus 8$Mana Regeneration 3$Enhance Potions 25%$Hit Chance Increase 15%$Spell Damage Increase 15%$Faster Cast Recovery 4$Lower Mana Cost 8%$Swing Speed Increase 10%$Durability 255 / 255$Legendary Artifact$ 
UDYPGUD,DKYPGUD,Bracelet,Bracelet,Bracelet$Insured$Weight: 1 Stone$Anatomy +15$Provocation +15$Antique$Enhance Potions 25%$Hit Chance Increase 15%$Spell Damage Increase 15%$Faster Cast Recovery 3$Faster Casting 1$Swing Speed Increase 10%$Damage Increase 25%$Durability 255 / 255$Legendary Artifact$ 
RDYPGUD,DKYPGUD,Bracelet,Bracelet,Bracelet$Insured$Weight: 1 Stone$Stealth +15$Antique$Luck 100$Enhance Potions 35%$Hit Chance Increase 15%$Defense Chance Increase 15%$Spell Damage Increase 15%$Faster Casting 1$Swing Speed Increase 10%$Durability 255 / 255$Legendary Artifact$ 
SDYPGUD,DKYPGUD,Gargish Ring,Ring,Gargish Ring$Insured$Weight: 1 Stone$Swordsmanship +15$Gargoyles Only$Antique$Strength Bonus 10$Luck 150$Spell Damage Increase 15%$Faster Cast Recovery 3$Faster Casting 1$Lower Mana Cost 8%$Lower Reagent Cost 25%$Damage Increase 25%$Durability 255 / 255$Legendary Artifact$ 
XDYPGUD,LCYPGUD,Gargish Ring,Ring,Gargish Ring$Insured$Weight: 1 Stone$Chivalry +20$Gargoyles Only$Antique$Strength Bonus 8$Intelligence Bonus 8$Mana Increase 4$Night Sight$Enhance Potions 25%$Hit Chance Increase 15%$Defense Chance Increase 15%$Lower Reagent Cost 20%$Durability 255 / 255$Legendary Artifact$ 
YDYPGUD,DKYPGUD,Gargish Ring,Ring,Gargish Ring$Insured$Weight: 1 Stone$Healing +15$Fencing +15$Gargoyles Only$Antique$Dexterity Bonus 10$Intelligence Bonus 8$Enhance Potions 25%$Defense Chance Increase 20%$Spell Damage Increase 15%$Faster Casting 1$Swing Speed Increase 10%$Durability 255 / 255$Legendary Artifact$ 
VDYPGUD,LCYPGUD,Ring,Ring,Ring$Insured$Weight: 1 Stone$Archery +15$Animal Lore +15$Antique$Strength Bonus 8$Stamina Increase 5$Night Sight$Hit Chance Increase 15%$Defense Chance Increase 15%$Lower Reagent Cost 20%$Durability 255 / 255$Major Artifact$ 
WDYPGUD,DKYPGUD,Gargish Ring,Ring,Gargish Ring$Insured$Weight: 1 Stone$Resisting Spells +20$Gargoyles Only$Antique$Stamina Increase 4$Mana Increase 4$Luck 100$Hit Chance Increase 15%$Defense Chance Increase 15%$Faster Cast Recovery 3$Damage Increase 25%$Durability 255 / 255$Major Artifact$ 
LDYPGUD,LCYPGUD,Ring,Ring,Ring$Insured$Weight: 1 Stone$Healing +15$Tactics +15$Antique$Enhance Potions 35%$Defense Chance Increase 20%$Spell Damage Increase 15%$Faster Casting 1$Swing Speed Increase 10%$Damage Increase 25%$Durability 255 / 255$Legendary Artifact$ 
MDYPGUD,LCYPGUD,Bracelet,Bracelet,Bracelet$Insured$Weight: 1 Stone$Animal Taming +15$Antique$Strength Bonus 8$Luck 150$Enhance Potions 25%$Hit Chance Increase 15%$Faster Casting 1$Swing Speed Increase 10%$Durability 255 / 255$Legendary Artifact$ 
JDYPGUD,LCYPGUD,Ring,Ring,Ring$Insured$Weight: 1 Stone$Necromancy +15$Antique$Intelligence Bonus 8$Mana Regeneration 3$Night Sight$Enhance Potions 25%$Defense Chance Increase 15%$Swing Speed Increase 10%$Damage Increase 25%$Durability 255 / 255$Major Artifact$ 
KDYPGUD,LCYPGUD,Skullcap,Helm,Skullcap$Insured$Weight: 1 Stone$Brittle$Kinetic Eater 6%$Dexterity Bonus 4$Hit Point Increase 5$Mana Increase 8$Reflect Physical Damage 5%$Lower Reagent Cost 20%$Physical Resist 15%$Fire Resist 18%$Cold Resist 20%$Poison Resist 18%$Energy Resist 23%$Strength Requirement 10$Durability 255 / 255$* Requires The "Stygian Abyss" Expansion$Major Artifact$ 
PDYPGUD,DKYPGUD,Gargish Ring,Ring,Gargish Ring$Insured$Weight: 1 Stone$Gargoyles Only$Antique$Dexterity Bonus 8$Intelligence Bonus 8$Night Sight$Hit Chance Increase 15%$Defense Chance Increase 15%$Faster Casting 1$Swing Speed Increase 10%$Damage Increase 35%$Durability 255 / 255$Major Artifact$ 
QDYPGUD,DKYPGUD,Ring,Ring,Ring$Insured$Weight: 1 Stone$Swordsmanship +10$Antique$Intelligence Bonus 8$Stamina Increase 5$Mana Increase 5$Enhance Potions 25%$Hit Chance Increase 15%$Lower Reagent Cost 20%$Damage Increase 35%$Fire Resist 20%$Durability 255 / 255$Legendary Artifact$ 
NDYPGUD,DKYPGUD,Ring,Ring,Ring$Insured$Weight: 1 Stone$Throwing +15$Antique$Mana Regeneration 3$Enhance Potions 25%$Hit Chance Increase 15%$Spell Damage Increase 18%$Faster Casting 1$Lower Reagent Cost 20%$Damage Increase 25%$Durability 255 / 255$Major Artifact$ 
ODYPGUD,DKYPGUD,Bracelet,Bracelet,Bracelet$Insured$Weight: 1 Stone$Stealing +15$Antique$Stamina Increase 4$Enhance Potions 25%$Hit Chance Increase 15%$Spell Damage Increase 18%$Faster Cast Recovery 3$Lower Mana Cost 8%$Damage Increase 25%$Durability 255 / 255$Major Artifact$ 
DDYPGUD,LCYPGUD,Gargish Ring,Ring,Gargish Ring$Insured$Weight: 1 Stone$Meditation +15$Tactics +15$Swordsmanship +15$Gargoyles Only$Antique$Mana Increase 4$Luck 100$Enhance Potions 25%$Hit Chance Increase 20%$Defense Chance Increase 15%$Faster Cast Recovery 3$Durability 255 / 255$Legendary Artifact$ 
EDYPGUD,DKYPGUD,Gargish Ring,Ring,Gargish Ring$Insured$Weight: 1 Stone$Necromancy +15$Meditation +15$Gargoyles Only$Antique$Intelligence Bonus 8$Mana Regeneration 3$Enhance Potions 25%$Defense Chance Increase 15%$Faster Casting 1$Swing Speed Increase 10%$Damage Increase 35%$Durability 255 / 255$Legendary Artifact$ 
CDYPGUD,DKYPGUD,Ring,Ring,Ring$Insured$Weight: 1 Stone$Archery +15$Animal Taming +15$Magery +15$Antique$Intelligence Bonus 8$Hit Chance Increase 15%$Spell Damage Increase 18%$Faster Cast Recovery 3$Lower Mana Cost 10%$Lower Reagent Cost 20%$Durability 255 / 255$Legendary Artifact$ 
HDYPGUD,DKYPGUD,Ring,Ring,Ring$Insured$Weight: 1 Stone$Antique$Strength Bonus 8$Mana Regeneration 3$Enhance Potions 25%$Hit Chance Increase 20%$Lower Mana Cost 8%$Swing Speed Increase 10%$Damage Increase 25%$Energy Resist 15%$Durability 255 / 255$Major Artifact$ 
IDYPGUD,LCYPGUD,Ring,Ring,Ring$Insured$Weight: 1 Stone$Anatomy +15$Antique$Dexterity Bonus 8$Stamina Increase 5$Enhance Potions 25%$Hit Chance Increase 15%$Defense Chance Increase 15%$Faster Casting 1$Swing Speed Increase 10%$Durability 255 / 255$Legendary Artifact$ 
FDYPGUD,LCYPGUD,Ring,Ring,Ring$Insured$Weight: 1 Stone$Healing +15$Fencing +20$Antique$Intelligence Bonus 8$Stamina Increase 4$Mana Regeneration 3$Hit Chance Increase 15%$Defense Chance Increase 15%$Faster Cast Recovery 3$Durability 255 / 255$Legendary Artifact$ 
GDYPGUD,LCYPGUD,Ring,Ring,Ring$Insured$Weight: 1 Stone$Musicianship +20$Antique$Strength Bonus 8$Mana Regeneration 3$Night Sight$Enhance Potions 25%$Hit Chance Increase 15%$Swing Speed Increase 10%$Damage Increase 25%$Durability 255 / 255$Major Artifact$ 
VCYPGUD,DKYPGUD,Ring,Ring,Ring$Insured$Weight: 1 Stone$Discordance +15$Antique$Mana Increase 4$Enhance Potions 25%$Defense Chance Increase 20%$Spell Damage Increase 18%$Faster Casting 1$Lower Mana Cost 8%$Durability 255 / 255$Major Artifact$ 
WCYPGUD,DKYPGUD,Ring,Ring,Ring$Insured$Weight: 1 Stone$Fencing +15$Antique$Strength Bonus 8$Intelligence Bonus 8$Enhance Potions 25%$Hit Chance Increase 15%$Defense Chance Increase 15%$Faster Casting 1$Lower Mana Cost 8%$Durability 255 / 255$Major Artifact$ 
TCYPGUD,LCYPGUD,Ring,Ring,Ring$Insured$Weight: 1 Stone$Animal Lore +15$Swordsmanship +15$Antique$Strength Bonus 8$Night Sight$Luck 100$Enhance Potions 25%$Hit Chance Increase 15%$Defense Chance Increase 15%$Damage Increase 35%$Durability 255 / 255$Legendary Artifact$ 
UCYPGUD,LCYPGUD,Ring,Ring,Ring$Insured$Weight: 1 Stone$Resisting Spells +15$Animal Taming +15$Antique$Intelligence Bonus 8$Mana Increase 4$Night Sight$Hit Chance Increase 15%$Faster Cast Recovery 3$Swing Speed Increase 10%$Damage Increase 25%$Durability 255 / 255$Legendary Artifact$ 
ZCYPGUD,DKYPGUD,Bracelet,Bracelet,Bracelet$Insured$Weight: 1 Stone$Fencing +15$Antique$Mana Regeneration 3$Enhance Potions 25%$Hit Chance Increase 15%$Defense Chance Increase 15%$Spell Damage Increase 15%$Faster Cast Recovery 3$Lower Mana Cost 8%$Durability 255 / 255$Major Artifact$ 
ADYPGUD,DKYPGUD,Animated Ring,Ring,Animated Ring$Insured$Weight: 1 Stone$Wrestling +15$Prized$Strength Bonus 8$Dexterity Bonus 10$Stamina Increase 4$Defense Chance Increase 15%$Swing Speed Increase 10%$Durability 255 / 255$Greater Artifact$ 
XCYPGUD,LCYPGUD,Bracelet,Bracelet,Bracelet$Insured$Weight: 1 Stone$Evaluate Intelligence +15$Animal Taming +15$Mace Fighting +15$Antique$Intelligence Bonus 8$Mana Increase 4$Luck 100$Enhance Potions 25%$Hit Chance Increase 20%$Defense Chance Increase 15%$Durability 255 / 255$Legendary Artifact$ 
YCYPGUD,DKYPGUD,Bracelet,Bracelet,Bracelet$Insured$Weight: 1 Stone$Swordsmanship +15$Antique$Stamina Increase 4$Mana Regeneration 3$Night Sight$Enhance Potions 35%$Hit Chance Increase 15%$Lower Mana Cost 8%$Swing Speed Increase 10%$Damage Increase 25%$Durability 255 / 255$Legendary Artifact$ 
NCYPGUD,DKYPGUD,Gargish Bracelet,Bracelet,Gargish Bracelet$Insured$Weight: 1 Stone$Discordance +15$Provocation +15$Gargoyles Only$Antique$Stamina Increase 4$Hit Chance Increase 15%$Spell Damage Increase 15%$Faster Cast Recovery 3$Faster Casting 1$Lower Reagent Cost 25%$Damage Increase 25%$Durability 255 / 255$Legendary Artifact$ 
OCYPGUD,LCYPGUD,Gargish Ring,Ring,Gargish Ring$Insured$Weight: 1 Stone$Throwing +5$Anatomy +10$Meditation +15$Gargoyles Only$Antique$Dexterity Bonus 10$Hit Chance Increase 15%$Defense Chance Increase 20%$Faster Cast Recovery 4$Faster Casting 1$Durability 255 / 255$Legendary Artifact$ 
